sample_name,clip1,clip2,clip3,clip4
sample00001,01/00059,01/00060,01/00061,01/00062
sample00002,01/00065,01/00066,01/00067,01/00068
sample00003,01/00066,01/00067,01/00068,01/00069
sample00004,01/00071,01/00072,01/00073,01/00074
sample00005,01/00074,01/00075,01/00076,01/00077
sample00006,01/00075,01/00076,01/00077,01/00078
sample00007,01/00079,01/00080,01/00081,01/00082
sample00008,01/00084,01/00085,01/00086,01/00087
sample00009,01/00085,01/00086,01/00087,01/00088
sample00010,01/00087,01/00088,01/00089,01/00090
sample00011,01/00088,01/00089,01/00090,01/00091
sample00012,01/00089,01/00090,01/00091,01/00092
sample00013,01/00093,01/00094,01/00095,01/00096
sample00014,01/00105,01/00106,01/00107,01/00108
sample00015,01/00108,01/00109,01/00110,01/00111
sample00016,01/00109,01/00110,01/00111,01/00112
sample00017,01/00114,01/00115,01/00116,01/00117
sample00018,01/00124,01/00125,01/00126,01/00127
sample00019,01/00127,01/00128,01/00129,01/00130
sample00020,01/00132,01/00133,01/00134,01/00135
sample00021,01/00137,01/00138,01/00139,01/00140
sample00022,01/00139,01/00140,01/00141,01/00142
sample00023,01/00141,01/00142,01/00143,01/00144
sample00024,01/00143,01/00144,01/00145,01/00146
sample00025,01/00144,01/00145,01/00146,01/00147
sample00026,01/00145,01/00146,01/00147,01/00148
sample00027,01/00146,01/00147,01/00148,01/00149
sample00028,01/00147,01/00148,01/00149,01/00150
sample00029,01/00150,01/00151,01/00152,01/00153
sample00030,01/00156,01/00157,01/00158,01/00159
sample00031,01/00159,01/00160,01/00161,01/00162
sample00032,01/00160,01/00161,01/00162,01/00163
sample00033,01/00161,01/00162,01/00163,01/00164
sample00034,01/00164,01/00165,01/00166,01/00167
sample00035,01/00165,01/00166,01/00167,01/00168
sample00036,01/00166,01/00167,01/00168,01/00169
sample00037,01/00167,01/00168,01/00169,01/00170
sample00038,01/00168,01/00169,01/00170,01/00171
sample00039,01/00178,01/00179,01/00180,01/00181
sample00040,01/00183,01/00184,01/00185,01/00186
sample00041,01/00184,01/00185,01/00186,01/00187
sample00042,01/00185,01/00186,01/00187,01/00188
sample00043,01/00197,01/00198,01/00199,01/00200
sample00044,01/00198,01/00199,01/00200,01/00201
sample00045,01/00199,01/00200,01/00201,01/00202
sample00046,01/00200,01/00201,01/00202,01/00203
sample00047,01/00202,01/00203,01/00204,01/00205
sample00048,01/00208,01/00209,01/00210,01/00211
sample00049,01/00209,01/00210,01/00211,01/00212
sample00050,01/00211,01/00212,01/00213,01/00214
sample00051,01/00216,01/00217,01/00218,01/00219
sample00052,01/00217,01/00218,01/00219,01/00220
sample00053,01/00218,01/00219,01/00220,01/00221
sample00054,01/00219,01/00220,01/00221,01/00222
sample00055,01/00220,01/00221,01/00222,01/00223
sample00056,01/00222,01/00223,01/00224,01/00225
sample00057,01/00225,01/00226,01/00227,01/00228
sample00058,01/00226,01/00227,01/00228,01/00229
sample00059,01/00233,01/00234,01/00235,01/00236
sample00060,01/00236,01/00237,01/00238,01/00239
sample00061,01/00255,01/00256,01/00257,01/00258
sample00062,01/00268,01/00269,01/00270,01/00271
sample00063,01/00271,01/00272,01/00273,01/00274
sample00064,01/00272,01/00273,01/00274,01/00275
sample00065,01/00279,01/00280,01/00281,01/00282
sample00066,01/00362,01/00363,01/00364,01/00365
sample00067,01/00373,01/00374,01/00375,01/00376
sample00068,01/00379,01/00380,01/00381,01/00382
sample00069,01/00381,01/00382,01/00383,01/00384
sample00070,01/00384,01/00385,01/00386,01/00387
sample00071,01/00385,01/00386,01/00387,01/00388
sample00072,01/00386,01/00387,01/00388,01/00389
sample00073,01/00391,01/00392,01/00393,01/00394
sample00074,01/00392,01/00393,01/00394,01/00395
sample00075,01/00407,01/00408,01/00409,01/00410
sample00076,01/00408,01/00409,01/00410,01/00411
sample00077,01/00409,01/00410,01/00411,01/00412
sample00078,01/00410,01/00411,01/00412,01/00413
sample00079,01/00411,01/00412,01/00413,01/00414
sample00080,01/00415,01/00416,01/00417,01/00418
sample00081,01/00416,01/00417,01/00418,01/00419
sample00082,01/00420,01/00421,01/00422,01/00423
sample00083,01/00421,01/00422,01/00423,01/00424
sample00084,01/00423,01/00424,01/00425,01/00426
sample00085,01/00424,01/00425,01/00426,01/00427
sample00086,01/00430,01/00431,01/00432,01/00433
sample00087,01/00434,01/00435,01/00436,01/00437
sample00088,01/00444,01/00445,01/00446,01/00447
sample00089,01/00447,01/00448,01/00449,01/00450
sample00090,01/00448,01/00449,01/00450,01/00451
sample00091,01/00449,01/00450,01/00451,01/00452
sample00092,01/00452,01/00453,01/00454,01/00455
sample00093,01/00454,01/00455,01/00456,01/00457
sample00094,01/00457,01/00458,01/00459,01/00460
sample00095,01/00458,01/00459,01/00460,01/00461
sample00096,01/00459,01/00460,01/00461,01/00462
sample00097,01/00460,01/00461,01/00462,01/00463
sample00098,01/00463,01/00464,01/00465,01/00466
sample00099,01/00464,01/00465,01/00466,01/00467
sample00100,01/00465,01/00466,01/00467,01/00468
sample00101,01/00466,01/00467,01/00468,01/00469
sample00102,01/00470,01/00471,01/00472,01/00473
sample00103,01/00471,01/00472,01/00473,01/00474
sample00104,01/00475,01/00476,01/00477,01/00478
sample00105,01/00476,01/00477,01/00478,01/00479
sample00106,01/00477,01/00478,01/00479,01/00480
sample00107,01/00478,01/00479,01/00480,01/00481
sample00108,01/00480,01/00481,01/00482,01/00483
sample00109,01/00481,01/00482,01/00483,01/00484
sample00110,01/00485,01/00486,01/00487,01/00488
sample00111,01/00488,01/00489,01/00490,01/00491
sample00112,01/00489,01/00490,01/00491,01/00492
sample00113,01/00490,01/00491,01/00492,01/00493
sample00114,01/00491,01/00492,01/00493,01/00494
sample00115,01/00492,01/00493,01/00494,01/00495
sample00116,01/00497,01/00498,01/00499,01/00500
sample00117,01/00498,01/00499,01/00500,01/00501
sample00118,01/00499,01/00500,01/00501,01/00502
sample00119,01/00503,01/00504,01/00505,01/00506
sample00120,01/00522,01/00523,01/00524,01/00525
sample00121,01/00527,01/00528,01/00529,01/00530
sample00122,01/00528,01/00529,01/00530,01/00531
sample00123,01/00535,01/00536,01/00537,01/00538
sample00124,01/00537,01/00538,01/00539,01/00540
sample00125,01/00553,01/00554,01/00555,01/00556
sample00126,01/00554,01/00555,01/00556,01/00557
sample00127,01/00555,01/00556,01/00557,01/00558
sample00128,01/00556,01/00557,01/00558,01/00559
sample00129,01/00564,01/00565,01/00566,01/00567
sample00130,01/00566,01/00567,01/00568,01/00569
sample00131,01/00567,01/00568,01/00569,01/00570
sample00132,01/00571,01/00572,01/00573,01/00574
sample00133,01/00584,01/00585,01/00586,01/00587
sample00134,01/00585,01/00586,01/00587,01/00588
sample00135,01/00586,01/00587,01/00588,01/00589
sample00136,01/00590,01/00591,01/00592,01/00593
sample00137,01/00591,01/00592,01/00593,01/00594
sample00138,01/00595,01/00596,01/00597,01/00598
sample00139,01/00596,01/00597,01/00598,01/00599
sample00140,01/00630,01/00631,01/00632,01/00633
sample00141,01/00631,01/00632,01/00633,01/00634
sample00142,01/00643,01/00644,01/00645,01/00646
sample00143,01/00644,01/00645,01/00646,01/00647
sample00144,01/00647,01/00648,01/00649,01/00650
sample00145,01/00648,01/00649,01/00650,01/00651
sample00146,01/00651,01/00652,01/00653,01/00654
sample00147,01/00653,01/00654,01/00655,01/00656
sample00148,01/00656,01/00657,01/00658,01/00659
sample00149,01/00657,01/00658,01/00659,01/00660
sample00150,01/00658,01/00659,01/00660,01/00661
sample00151,01/00659,01/00660,01/00661,01/00662
sample00152,01/00660,01/00661,01/00662,01/00663
sample00153,01/00661,01/00662,01/00663,01/00664
sample00154,01/00662,01/00663,01/00664,01/00665
sample00155,01/00663,01/00664,01/00665,01/00666
sample00156,01/00683,01/00684,01/00685,01/00686
sample00157,01/00689,01/00690,01/00691,01/00692
sample00158,01/00735,01/00736,01/00737,01/00738
sample00159,01/00739,01/00740,01/00741,01/00742
sample00160,01/00743,01/00744,01/00745,01/00746
sample00161,01/00744,01/00745,01/00746,01/00747
sample00162,02/00055,02/00056,02/00057,02/00058
sample00163,02/00076,02/00077,02/00078,02/00079
sample00164,02/00077,02/00078,02/00079,02/00080
sample00165,02/00086,02/00087,02/00088,02/00089
sample00166,02/00089,02/00090,02/00091,02/00092
sample00167,02/00090,02/00091,02/00092,02/00093
sample00168,02/00096,02/00097,02/00098,02/00099
sample00169,02/00104,02/00105,02/00106,02/00107
sample00170,02/00105,02/00106,02/00107,02/00108
sample00171,02/00108,02/00109,02/00110,02/00111
sample00172,02/00115,02/00116,02/00117,02/00118
sample00173,02/00158,02/00159,02/00160,02/00161
sample00174,02/00160,02/00161,02/00162,02/00163
sample00175,02/00172,02/00173,02/00174,02/00175
sample00176,02/00176,02/00177,02/00178,02/00179
sample00177,02/00178,02/00179,02/00180,02/00181
sample00178,02/00220,02/00221,02/00222,02/00223
sample00179,02/00224,02/00225,02/00226,02/00227
sample00180,02/00234,02/00235,02/00236,02/00237
sample00181,02/00235,02/00236,02/00237,02/00238
sample00182,02/00238,02/00239,02/00240,02/00241
sample00183,02/00245,02/00246,02/00247,02/00248
sample00184,02/00246,02/00247,02/00248,02/00249
sample00185,02/00247,02/00248,02/00249,02/00250
sample00186,02/00248,02/00249,02/00250,02/00251
sample00187,02/00249,02/00250,02/00251,02/00252
sample00188,02/00265,02/00266,02/00267,02/00268
sample00189,02/00266,02/00267,02/00268,02/00269
sample00190,02/00271,02/00272,02/00273,02/00274
sample00191,02/00290,02/00291,02/00292,02/00293
sample00192,02/00301,02/00302,02/00303,02/00304
sample00193,02/00314,02/00315,02/00316,02/00317
sample00194,02/00317,02/00318,02/00319,02/00320
sample00195,02/00327,02/00328,02/00329,02/00330
sample00196,02/00340,02/00341,02/00342,02/00343
sample00197,02/00342,02/00343,02/00344,02/00345
sample00198,02/00356,02/00357,02/00358,02/00359
sample00199,02/00357,02/00358,02/00359,02/00360
sample00200,02/00383,02/00384,02/00385,02/00386
sample00201,02/00394,02/00395,02/00396,02/00397
sample00202,02/00395,02/00396,02/00397,02/00398
sample00203,02/00422,02/00423,02/00424,02/00425
sample00204,02/00423,02/00424,02/00425,02/00426
sample00205,02/00424,02/00425,02/00426,02/00427
sample00206,02/00430,02/00431,02/00432,02/00433
sample00207,02/00433,02/00434,02/00435,02/00436
sample00208,02/00434,02/00435,02/00436,02/00437
sample00209,02/00497,02/00498,02/00499,02/00500
sample00210,02/00500,02/00501,02/00502,02/00503
sample00211,02/00503,02/00504,02/00505,02/00506
sample00212,02/00507,02/00508,02/00509,02/00510
sample00213,02/00509,02/00510,02/00511,02/00512
sample00214,02/00512,02/00513,02/00514,02/00515
sample00215,02/00520,02/00521,02/00522,02/00523
sample00216,02/00545,02/00546,02/00547,02/00548
sample00217,02/00589,02/00590,02/00591,02/00592
sample00218,02/00600,02/00601,02/00602,02/00603
sample00219,02/00617,02/00618,02/00619,02/00620
sample00220,02/00618,02/00619,02/00620,02/00621
sample00221,02/00621,02/00622,02/00623,02/00624
sample00222,02/00622,02/00623,02/00624,02/00625
sample00223,02/00639,02/00640,02/00641,02/00642
sample00224,02/00640,02/00641,02/00642,02/00643
sample00225,02/00647,02/00648,02/00649,02/00650
sample00226,02/00649,02/00650,02/00651,02/00652
sample00227,02/00650,02/00651,02/00652,02/00653
sample00228,02/00651,02/00652,02/00653,02/00654
sample00229,02/00652,02/00653,02/00654,02/00655
sample00230,02/00654,02/00655,02/00656,02/00657
sample00231,02/00678,02/00679,02/00680,02/00681
sample00232,02/00679,02/00680,02/00681,02/00682
sample00233,02/00680,02/00681,02/00682,02/00683
sample00234,02/00683,02/00684,02/00685,02/00686
sample00235,03/00040,03/00041,03/00042,03/00043
sample00236,03/00043,03/00044,03/00045,03/00046
sample00237,03/00047,03/00048,03/00049,03/00050
sample00238,03/00052,03/00053,03/00054,03/00055
sample00239,03/00053,03/00054,03/00055,03/00056
sample00240,03/00054,03/00055,03/00056,03/00057
sample00241,03/00059,03/00060,03/00061,03/00062
sample00242,03/00060,03/00061,03/00062,03/00063
sample00243,03/00076,03/00077,03/00078,03/00079
sample00244,03/00086,03/00087,03/00088,03/00089
sample00245,03/00087,03/00088,03/00089,03/00090
sample00246,03/00091,03/00092,03/00093,03/00094
sample00247,03/00100,03/00101,03/00102,03/00103
sample00248,03/00110,03/00111,03/00112,03/00113
sample00249,03/00118,03/00119,03/00120,03/00121
sample00250,03/00140,03/00141,03/00142,03/00143
sample00251,03/00145,03/00146,03/00147,03/00148
sample00252,03/00146,03/00147,03/00148,03/00149
sample00253,03/00147,03/00148,03/00149,03/00150
sample00254,03/00148,03/00149,03/00150,03/00151
sample00255,03/00150,03/00151,03/00152,03/00153
sample00256,03/00151,03/00152,03/00153,03/00154
sample00257,03/00152,03/00153,03/00154,03/00155
sample00258,03/00153,03/00154,03/00155,03/00156
sample00259,03/00154,03/00155,03/00156,03/00157
sample00260,03/00159,03/00160,03/00161,03/00162
sample00261,03/00160,03/00161,03/00162,03/00163
sample00262,03/00167,03/00168,03/00169,03/00170
sample00263,03/00168,03/00169,03/00170,03/00171
sample00264,03/00293,03/00294,03/00295,03/00296
sample00265,03/00296,03/00297,03/00298,03/00299
sample00266,03/00297,03/00298,03/00299,03/00300
sample00267,03/00298,03/00299,03/00300,03/00301
sample00268,03/00299,03/00300,03/00301,03/00302
sample00269,03/00300,03/00301,03/00302,03/00303
sample00270,03/00306,03/00307,03/00308,03/00309
sample00271,03/00309,03/00310,03/00311,03/00312
sample00272,03/00310,03/00311,03/00312,03/00313
sample00273,03/00313,03/00314,03/00315,03/00316
sample00274,03/00315,03/00316,03/00317,03/00318
sample00275,03/00316,03/00317,03/00318,03/00319
sample00276,03/00319,03/00320,03/00321,03/00322
sample00277,03/00330,03/00331,03/00332,03/00333
sample00278,03/00377,03/00378,03/00379,03/00380
sample00279,03/00408,03/00409,03/00410,03/00411
sample00280,03/00427,03/00428,03/00429,03/00430
sample00281,03/00432,03/00433,03/00434,03/00435
sample00282,03/00459,03/00460,03/00461,03/00462
sample00283,03/00485,03/00486,03/00487,03/00488
sample00284,03/00486,03/00487,03/00488,03/00489
sample00285,03/00487,03/00488,03/00489,03/00490
sample00286,03/00488,03/00489,03/00490,03/00491
sample00287,03/00567,03/00568,03/00569,03/00570
sample00288,03/00568,03/00569,03/00570,03/00571
sample00289,03/00570,03/00571,03/00572,03/00573
sample00290,03/00574,03/00575,03/00576,03/00577
sample00291,03/00575,03/00576,03/00577,03/00578
sample00292,03/00576,03/00577,03/00578,03/00579
sample00293,03/00577,03/00578,03/00579,03/00580
sample00294,03/00594,03/00595,03/00596,03/00597
sample00295,03/00603,03/00604,03/00605,03/00606
sample00296,03/00606,03/00607,03/00608,03/00609
sample00297,03/00607,03/00608,03/00609,03/00610
sample00298,03/00615,03/00616,03/00617,03/00618
sample00299,03/00616,03/00617,03/00618,03/00619
sample00300,03/00618,03/00619,03/00620,03/00621
sample00301,03/00630,03/00631,03/00632,03/00633
sample00302,03/00631,03/00632,03/00633,03/00634
sample00303,03/00632,03/00633,03/00634,03/00635
sample00304,03/00635,03/00636,03/00637,03/00638
sample00305,03/00636,03/00637,03/00638,03/00639
sample00306,03/00640,03/00641,03/00642,03/00643
sample00307,03/00653,03/00654,03/00655,03/00656
sample00308,03/00662,03/00663,03/00664,03/00665
sample00309,03/00663,03/00664,03/00665,03/00666
sample00310,03/00670,03/00671,03/00672,03/00673
sample00311,03/00674,03/00675,03/00676,03/00677
sample00312,03/00675,03/00676,03/00677,03/00678
sample00313,03/00716,03/00717,03/00718,03/00719
sample00314,03/00718,03/00719,03/00720,03/00721
sample00315,03/00719,03/00720,03/00721,03/00722
sample00316,03/00743,03/00744,03/00745,03/00746
sample00317,03/00744,03/00745,03/00746,03/00747
sample00318,03/00758,03/00759,03/00760,03/00761
sample00319,03/00759,03/00760,03/00761,03/00762
sample00320,04/00001,04/00002,04/00003,04/00004
sample00321,04/00005,04/00006,04/00007,04/00008
sample00322,04/00006,04/00007,04/00008,04/00009
sample00323,04/00010,04/00011,04/00012,04/00013
sample00324,04/00011,04/00012,04/00013,04/00014
sample00325,04/00020,04/00021,04/00022,04/00023
sample00326,04/00026,04/00027,04/00028,04/00029
sample00327,04/00029,04/00030,04/00031,04/00032
sample00328,04/00032,04/00033,04/00034,04/00035
sample00329,04/00033,04/00034,04/00035,04/00036
sample00330,04/00060,04/00061,04/00062,04/00063
sample00331,04/00061,04/00062,04/00063,04/00064
sample00332,04/00062,04/00063,04/00064,04/00065
sample00333,04/00075,04/00076,04/00077,04/00078
sample00334,04/00088,04/00089,04/00090,04/00091
sample00335,04/00089,04/00090,04/00091,04/00092
sample00336,04/00091,04/00092,04/00093,04/00094
sample00337,04/00111,04/00112,04/00113,04/00114
sample00338,04/00112,04/00113,04/00114,04/00115
sample00339,04/00113,04/00114,04/00115,04/00116
sample00340,04/00117,04/00118,04/00119,04/00120
sample00341,04/00123,04/00124,04/00125,04/00126
sample00342,04/00128,04/00129,04/00130,04/00131
sample00343,04/00129,04/00130,04/00131,04/00132
sample00344,04/00130,04/00131,04/00132,04/00133
sample00345,04/00154,04/00155,04/00156,04/00157
sample00346,04/00156,04/00157,04/00158,04/00159
sample00347,04/00159,04/00160,04/00161,04/00162
sample00348,04/00167,04/00168,04/00169,04/00170
sample00349,04/00169,04/00170,04/00171,04/00172
sample00350,04/00174,04/00175,04/00176,04/00177
sample00351,04/00175,04/00176,04/00177,04/00178
sample00352,04/00176,04/00177,04/00178,04/00179
sample00353,04/00177,04/00178,04/00179,04/00180
sample00354,04/00178,04/00179,04/00180,04/00181
sample00355,04/00179,04/00180,04/00181,04/00182
sample00356,04/00180,04/00181,04/00182,04/00183
sample00357,04/00181,04/00182,04/00183,04/00184
sample00358,04/00182,04/00183,04/00184,04/00185
sample00359,04/00185,04/00186,04/00187,04/00188
sample00360,04/00186,04/00187,04/00188,04/00189
sample00361,04/00187,04/00188,04/00189,04/00190
sample00362,04/00205,04/00206,04/00207,04/00208
sample00363,04/00211,04/00212,04/00213,04/00214
sample00364,04/00212,04/00213,04/00214,04/00215
sample00365,04/00218,04/00219,04/00220,04/00221
sample00366,04/00219,04/00220,04/00221,04/00222
sample00367,04/00222,04/00223,04/00224,04/00225
sample00368,04/00223,04/00224,04/00225,04/00226
sample00369,04/00224,04/00225,04/00226,04/00227
sample00370,04/00226,04/00227,04/00228,04/00229
sample00371,04/00234,04/00235,04/00236,04/00237
sample00372,04/00239,04/00240,04/00241,04/00242
sample00373,04/00240,04/00241,04/00242,04/00243
sample00374,04/00262,04/00263,04/00264,04/00265
sample00375,04/00263,04/00264,04/00265,04/00266
sample00376,04/00264,04/00265,04/00266,04/00267
sample00377,04/00284,04/00285,04/00286,04/00287
sample00378,04/00298,04/00299,04/00300,04/00301
sample00379,04/00299,04/00300,04/00301,04/00302
sample00380,04/00300,04/00301,04/00302,04/00303
sample00381,04/00301,04/00302,04/00303,04/00304
sample00382,04/00302,04/00303,04/00304,04/00305
sample00383,04/00332,04/00333,04/00334,04/00335
sample00384,04/00333,04/00334,04/00335,04/00336
sample00385,04/00334,04/00335,04/00336,04/00337
sample00386,04/00339,04/00340,04/00341,04/00342
sample00387,04/00352,04/00353,04/00354,04/00355
sample00388,04/00359,04/00360,04/00361,04/00362
sample00389,04/00363,04/00364,04/00365,04/00366
sample00390,04/00381,04/00382,04/00383,04/00384
sample00391,04/00382,04/00383,04/00384,04/00385
sample00392,04/00383,04/00384,04/00385,04/00386
sample00393,04/00384,04/00385,04/00386,04/00387
sample00394,04/00387,04/00388,04/00389,04/00390
sample00395,04/00389,04/00390,04/00391,04/00392
sample00396,04/00390,04/00391,04/00392,04/00393
sample00397,04/00394,04/00395,04/00396,04/00397
sample00398,04/00411,04/00412,04/00413,04/00414
sample00399,04/00412,04/00413,04/00414,04/00415
sample00400,04/00430,04/00431,04/00432,04/00433
sample00401,04/00435,04/00436,04/00437,04/00438
sample00402,04/00486,04/00487,04/00488,04/00489
sample00403,04/00487,04/00488,04/00489,04/00490
sample00404,04/00489,04/00490,04/00491,04/00492
sample00405,04/00490,04/00491,04/00492,04/00493
sample00406,04/00495,04/00496,04/00497,04/00498
sample00407,04/00496,04/00497,04/00498,04/00499
sample00408,04/00497,04/00498,04/00499,04/00500
sample00409,04/00498,04/00499,04/00500,04/00501
sample00410,04/00533,04/00534,04/00535,04/00536
sample00411,04/00534,04/00535,04/00536,04/00537
sample00412,04/00535,04/00536,04/00537,04/00538
sample00413,04/00536,04/00537,04/00538,04/00539
sample00414,04/00537,04/00538,04/00539,04/00540
sample00415,04/00542,04/00543,04/00544,04/00545
sample00416,04/00543,04/00544,04/00545,04/00546
sample00417,04/00544,04/00545,04/00546,04/00547
sample00418,04/00545,04/00546,04/00547,04/00548
sample00419,04/00546,04/00547,04/00548,04/00549
sample00420,04/00547,04/00548,04/00549,04/00550
sample00421,04/00566,04/00567,04/00568,04/00569
sample00422,04/00611,04/00612,04/00613,04/00614
sample00423,04/00612,04/00613,04/00614,04/00615
sample00424,04/00613,04/00614,04/00615,04/00616
sample00425,04/00614,04/00615,04/00616,04/00617
sample00426,04/00627,04/00628,04/00629,04/00630
sample00427,04/00633,04/00634,04/00635,04/00636
sample00428,04/00634,04/00635,04/00636,04/00637
sample00429,04/00635,04/00636,04/00637,04/00638
sample00430,04/00649,04/00650,04/00651,04/00652
sample00431,04/00651,04/00652,04/00653,04/00654
sample00432,04/00652,04/00653,04/00654,04/00655
sample00433,04/00656,04/00657,04/00658,04/00659
sample00434,04/00665,04/00666,04/00667,04/00668
sample00435,04/00676,04/00677,04/00678,04/00679
sample00436,04/00683,04/00684,04/00685,04/00686
sample00437,04/00710,04/00711,04/00712,04/00713
sample00438,04/00715,04/00716,04/00717,04/00718
sample00439,04/00721,04/00722,04/00723,04/00724
sample00440,04/00722,04/00723,04/00724,04/00725
sample00441,04/00723,04/00724,04/00725,04/00726
sample00442,04/00724,04/00725,04/00726,04/00727
sample00443,04/00726,04/00727,04/00728,04/00729
sample00444,04/00728,04/00729,04/00730,04/00731
sample00445,04/00732,04/00733,04/00734,04/00735
sample00446,04/00733,04/00734,04/00735,04/00736
sample00447,04/00736,04/00737,04/00738,04/00739
sample00448,04/00737,04/00738,04/00739,04/00740
sample00449,05/00006,05/00007,05/00008,05/00009
sample00450,05/00030,05/00031,05/00032,05/00033
sample00451,05/00032,05/00033,05/00034,05/00035
sample00452,05/00033,05/00034,05/00035,05/00036
sample00453,05/00034,05/00035,05/00036,05/00037
sample00454,05/00037,05/00038,05/00039,05/00040
sample00455,05/00038,05/00039,05/00040,05/00041
sample00456,05/00039,05/00040,05/00041,05/00042
sample00457,05/00048,05/00049,05/00050,05/00051
sample00458,05/00049,05/00050,05/00051,05/00052
sample00459,05/00050,05/00051,05/00052,05/00053
sample00460,05/00052,05/00053,05/00054,05/00055
sample00461,05/00054,05/00055,05/00056,05/00057
sample00462,05/00071,05/00072,05/00073,05/00074
sample00463,05/00077,05/00078,05/00079,05/00080
sample00464,05/00085,05/00086,05/00087,05/00088
sample00465,05/00086,05/00087,05/00088,05/00089
sample00466,05/00089,05/00090,05/00091,05/00092
sample00467,05/00090,05/00091,05/00092,05/00093
sample00468,05/00097,05/00098,05/00099,05/00100
sample00469,05/00165,05/00166,05/00167,05/00168
sample00470,05/00170,05/00171,05/00172,05/00173
sample00471,05/00173,05/00174,05/00175,05/00176
sample00472,05/00181,05/00182,05/00183,05/00184
sample00473,05/00194,05/00195,05/00196,05/00197
sample00474,05/00195,05/00196,05/00197,05/00198
sample00475,05/00196,05/00197,05/00198,05/00199
sample00476,05/00216,05/00217,05/00218,05/00219
sample00477,05/00217,05/00218,05/00219,05/00220
sample00478,05/00218,05/00219,05/00220,05/00221
sample00479,05/00248,05/00249,05/00250,05/00251
sample00480,05/00271,05/00272,05/00273,05/00274
sample00481,05/00318,05/00319,05/00320,05/00321
sample00482,05/00319,05/00320,05/00321,05/00322
sample00483,05/00320,05/00321,05/00322,05/00323
sample00484,05/00321,05/00322,05/00323,05/00324
sample00485,05/00322,05/00323,05/00324,05/00325
sample00486,05/00374,05/00375,05/00376,05/00377
sample00487,05/00401,05/00402,05/00403,05/00404
sample00488,05/00405,05/00406,05/00407,05/00408
sample00489,05/00410,05/00411,05/00412,05/00413
sample00490,05/00416,05/00417,05/00418,05/00419
sample00491,05/00427,05/00428,05/00429,05/00430
sample00492,05/00431,05/00432,05/00433,05/00434
sample00493,05/00487,05/00488,05/00489,05/00490
sample00494,05/00491,05/00492,05/00493,05/00494
sample00495,05/00492,05/00493,05/00494,05/00495
sample00496,05/00553,05/00554,05/00555,05/00556
sample00497,05/00636,05/00637,05/00638,05/00639
sample00498,05/00637,05/00638,05/00639,05/00640
sample00499,05/00638,05/00639,05/00640,05/00641
sample00500,05/00639,05/00640,05/00641,05/00642
sample00501,05/00708,05/00709,05/00710,05/00711
sample00502,05/00709,05/00710,05/00711,05/00712
sample00503,05/00710,05/00711,05/00712,05/00713
sample00504,05/00714,05/00715,05/00716,05/00717
sample00505,05/00722,05/00723,05/00724,05/00725
sample00506,05/00724,05/00725,05/00726,05/00727
sample00507,05/00725,05/00726,05/00727,05/00728
sample00508,05/00726,05/00727,05/00728,05/00729
sample00509,05/00780,05/00781,05/00782,05/00783
sample00510,06/00060,06/00061,06/00062,06/00063
sample00511,06/00066,06/00067,06/00068,06/00069
sample00512,06/00134,06/00135,06/00136,06/00137
sample00513,06/00161,06/00162,06/00163,06/00164
sample00514,06/00162,06/00163,06/00164,06/00165
sample00515,06/00196,06/00197,06/00198,06/00199
sample00516,06/00204,06/00205,06/00206,06/00207
sample00517,06/00206,06/00207,06/00208,06/00209
sample00518,06/00209,06/00210,06/00211,06/00212
sample00519,06/00215,06/00216,06/00217,06/00218
sample00520,06/00216,06/00217,06/00218,06/00219
sample00521,06/00241,06/00242,06/00243,06/00244
sample00522,06/00255,06/00256,06/00257,06/00258
sample00523,06/00295,06/00296,06/00297,06/00298
sample00524,06/00298,06/00299,06/00300,06/00301
sample00525,06/00309,06/00310,06/00311,06/00312
sample00526,06/00310,06/00311,06/00312,06/00313
sample00527,06/00326,06/00327,06/00328,06/00329
sample00528,06/00334,06/00335,06/00336,06/00337
sample00529,06/00444,06/00445,06/00446,06/00447
sample00530,06/00445,06/00446,06/00447,06/00448
sample00531,06/00456,06/00457,06/00458,06/00459
sample00532,06/00457,06/00458,06/00459,06/00460
sample00533,06/00505,06/00506,06/00507,06/00508
sample00534,06/00509,06/00510,06/00511,06/00512
sample00535,06/00511,06/00512,06/00513,06/00514
sample00536,06/00527,06/00528,06/00529,06/00530
sample00537,06/00535,06/00536,06/00537,06/00538
sample00538,06/00570,06/00571,06/00572,06/00573
sample00539,06/00572,06/00573,06/00574,06/00575
sample00540,06/00576,06/00577,06/00578,06/00579
sample00541,06/00577,06/00578,06/00579,06/00580
sample00542,06/00594,06/00595,06/00596,06/00597
sample00543,06/00597,06/00598,06/00599,06/00600
sample00544,06/00609,06/00610,06/00611,06/00612
sample00545,06/00614,06/00615,06/00616,06/00617
sample00546,06/00615,06/00616,06/00617,06/00618
sample00547,06/00620,06/00621,06/00622,06/00623
sample00548,06/00680,06/00681,06/00682,06/00683
sample00549,06/00719,06/00720,06/00721,06/00722
sample00550,06/00723,06/00724,06/00725,06/00726
sample00551,06/00758,06/00759,06/00760,06/00761
sample00552,06/00761,06/00762,06/00763,06/00764
sample00553,06/00764,06/00765,06/00766,06/00767
sample00554,06/00765,06/00766,06/00767,06/00768
sample00555,06/00766,06/00767,06/00768,06/00769
sample00556,06/00786,06/00787,06/00788,06/00789
sample00557,06/00787,06/00788,06/00789,06/00790
sample00558,06/00804,06/00805,06/00806,06/00807
sample00559,06/00815,06/00816,06/00817,06/00818
sample00560,07/00064,07/00065,07/00066,07/00067
sample00561,07/00084,07/00085,07/00086,07/00087
sample00562,07/00085,07/00086,07/00087,07/00088
sample00563,07/00086,07/00087,07/00088,07/00089
sample00564,07/00087,07/00088,07/00089,07/00090
sample00565,07/00088,07/00089,07/00090,07/00091
sample00566,07/00098,07/00099,07/00100,07/00101
sample00567,07/00134,07/00135,07/00136,07/00137
sample00568,07/00135,07/00136,07/00137,07/00138
sample00569,07/00162,07/00163,07/00164,07/00165
sample00570,07/00170,07/00171,07/00172,07/00173
sample00571,07/00171,07/00172,07/00173,07/00174
sample00572,07/00175,07/00176,07/00177,07/00178
sample00573,07/00208,07/00209,07/00210,07/00211
sample00574,07/00216,07/00217,07/00218,07/00219
sample00575,07/00226,07/00227,07/00228,07/00229
sample00576,07/00227,07/00228,07/00229,07/00230
sample00577,07/00237,07/00238,07/00239,07/00240
sample00578,07/00243,07/00244,07/00245,07/00246
sample00579,07/00251,07/00252,07/00253,07/00254
sample00580,07/00254,07/00255,07/00256,07/00257
sample00581,07/00273,07/00274,07/00275,07/00276
sample00582,07/00282,07/00283,07/00284,07/00285
sample00583,07/00335,07/00336,07/00337,07/00338
sample00584,07/00336,07/00337,07/00338,07/00339
sample00585,07/00337,07/00338,07/00339,07/00340
sample00586,07/00344,07/00345,07/00346,07/00347
sample00587,07/00345,07/00346,07/00347,07/00348
sample00588,07/00346,07/00347,07/00348,07/00349
sample00589,07/00384,07/00385,07/00386,07/00387
sample00590,07/00388,07/00389,07/00390,07/00391
sample00591,07/00413,07/00414,07/00415,07/00416
sample00592,07/00414,07/00415,07/00416,07/00417
sample00593,07/00490,07/00491,07/00492,07/00493
sample00594,07/00529,07/00530,07/00531,07/00532
sample00595,07/00530,07/00531,07/00532,07/00533
sample00596,07/00536,07/00537,07/00538,07/00539
sample00597,07/00539,07/00540,07/00541,07/00542
sample00598,07/00585,07/00586,07/00587,07/00588
sample00599,07/00597,07/00598,07/00599,07/00600
sample00600,07/00600,07/00601,07/00602,07/00603
sample00601,07/00606,07/00607,07/00608,07/00609
sample00602,07/00629,07/00630,07/00631,07/00632
sample00603,07/00630,07/00631,07/00632,07/00633
sample00604,07/00631,07/00632,07/00633,07/00634
sample00605,07/00634,07/00635,07/00636,07/00637
sample00606,07/00635,07/00636,07/00637,07/00638
sample00607,07/00691,07/00692,07/00693,07/00694
sample00608,07/00692,07/00693,07/00694,07/00695
sample00609,07/00694,07/00695,07/00696,07/00697
sample00610,07/00695,07/00696,07/00697,07/00698
sample00611,08/00037,08/00038,08/00039,08/00040
sample00612,08/00094,08/00095,08/00096,08/00097
sample00613,08/00127,08/00128,08/00129,08/00130
sample00614,08/00128,08/00129,08/00130,08/00131
sample00615,08/00130,08/00131,08/00132,08/00133
sample00616,08/00131,08/00132,08/00133,08/00134
sample00617,08/00150,08/00151,08/00152,08/00153
sample00618,08/00186,08/00187,08/00188,08/00189
sample00619,08/00187,08/00188,08/00189,08/00190
sample00620,08/00204,08/00205,08/00206,08/00207
sample00621,08/00208,08/00209,08/00210,08/00211
sample00622,08/00210,08/00211,08/00212,08/00213
sample00623,08/00211,08/00212,08/00213,08/00214
sample00624,08/00212,08/00213,08/00214,08/00215
sample00625,08/00213,08/00214,08/00215,08/00216
sample00626,08/00214,08/00215,08/00216,08/00217
sample00627,08/00215,08/00216,08/00217,08/00218
sample00628,08/00216,08/00217,08/00218,08/00219
sample00629,08/00217,08/00218,08/00219,08/00220
sample00630,08/00218,08/00219,08/00220,08/00221
sample00631,08/00219,08/00220,08/00221,08/00222
sample00632,08/00220,08/00221,08/00222,08/00223
sample00633,08/00240,08/00241,08/00242,08/00243
sample00634,08/00241,08/00242,08/00243,08/00244
sample00635,08/00242,08/00243,08/00244,08/00245
sample00636,08/00282,08/00283,08/00284,08/00285
sample00637,08/00287,08/00288,08/00289,08/00290
sample00638,08/00436,08/00437,08/00438,08/00439
sample00639,08/00453,08/00454,08/00455,08/00456
sample00640,08/00461,08/00462,08/00463,08/00464
sample00641,08/00467,08/00468,08/00469,08/00470
sample00642,08/00550,08/00551,08/00552,08/00553
sample00643,08/00577,08/00578,08/00579,08/00580
sample00644,08/00585,08/00586,08/00587,08/00588
sample00645,08/00586,08/00587,08/00588,08/00589
sample00646,09/00133,09/00134,09/00135,09/00136
sample00647,09/00138,09/00139,09/00140,09/00141
sample00648,09/00153,09/00154,09/00155,09/00156
sample00649,09/00162,09/00163,09/00164,09/00165
sample00650,09/00163,09/00164,09/00165,09/00166
sample00651,09/00164,09/00165,09/00166,09/00167
sample00652,09/00165,09/00166,09/00167,09/00168
sample00653,09/00183,09/00184,09/00185,09/00186
sample00654,09/00185,09/00186,09/00187,09/00188
sample00655,09/00197,09/00198,09/00199,09/00200
sample00656,09/00199,09/00200,09/00201,09/00202
sample00657,09/00204,09/00205,09/00206,09/00207
sample00658,09/00207,09/00208,09/00209,09/00210
sample00659,09/00209,09/00210,09/00211,09/00212
sample00660,09/00210,09/00211,09/00212,09/00213
sample00661,09/00217,09/00218,09/00219,09/00220
sample00662,09/00218,09/00219,09/00220,09/00221
sample00663,09/00251,09/00252,09/00253,09/00254
sample00664,09/00252,09/00253,09/00254,09/00255
sample00665,09/00253,09/00254,09/00255,09/00256
sample00666,09/00254,09/00255,09/00256,09/00257
sample00667,09/00323,09/00324,09/00325,09/00326
sample00668,09/00325,09/00326,09/00327,09/00328
sample00669,09/00334,09/00335,09/00336,09/00337
sample00670,09/00335,09/00336,09/00337,09/00338
sample00671,09/00336,09/00337,09/00338,09/00339
sample00672,09/00337,09/00338,09/00339,09/00340
sample00673,09/00338,09/00339,09/00340,09/00341
sample00674,09/00339,09/00340,09/00341,09/00342
sample00675,09/00353,09/00354,09/00355,09/00356
sample00676,09/00374,09/00375,09/00376,09/00377
sample00677,09/00378,09/00379,09/00380,09/00381
sample00678,09/00383,09/00384,09/00385,09/00386
sample00679,09/00392,09/00393,09/00394,09/00395
sample00680,09/00394,09/00395,09/00396,09/00397
sample00681,09/00395,09/00396,09/00397,09/00398
sample00682,09/00398,09/00399,09/00400,09/00401
sample00683,09/00441,09/00442,09/00443,09/00444
sample00684,09/00454,09/00455,09/00456,09/00457
sample00685,09/00468,09/00469,09/00470,09/00471
sample00686,09/00469,09/00470,09/00471,09/00472
sample00687,09/00470,09/00471,09/00472,09/00473
sample00688,09/00471,09/00472,09/00473,09/00474
sample00689,09/00475,09/00476,09/00477,09/00478
sample00690,09/00476,09/00477,09/00478,09/00479
sample00691,09/00479,09/00480,09/00481,09/00482
sample00692,09/00480,09/00481,09/00482,09/00483
sample00693,09/00481,09/00482,09/00483,09/00484
sample00694,09/00491,09/00492,09/00493,09/00494
sample00695,09/00492,09/00493,09/00494,09/00495
sample00696,09/00497,09/00498,09/00499,09/00500
sample00697,09/00498,09/00499,09/00500,09/00501
sample00698,09/00499,09/00500,09/00501,09/00502
sample00699,09/00512,09/00513,09/00514,09/00515
sample00700,09/00513,09/00514,09/00515,09/00516
sample00701,09/00515,09/00516,09/00517,09/00518
sample00702,09/00518,09/00519,09/00520,09/00521
sample00703,09/00520,09/00521,09/00522,09/00523
sample00704,09/00522,09/00523,09/00524,09/00525
sample00705,09/00524,09/00525,09/00526,09/00527
sample00706,09/00525,09/00526,09/00527,09/00528
sample00707,09/00526,09/00527,09/00528,09/00529
sample00708,09/00569,09/00570,09/00571,09/00572
sample00709,09/00573,09/00574,09/00575,09/00576
sample00710,09/00574,09/00575,09/00576,09/00577
sample00711,09/00575,09/00576,09/00577,09/00578
sample00712,09/00578,09/00579,09/00580,09/00581
sample00713,09/00581,09/00582,09/00583,09/00584
sample00714,09/00585,09/00586,09/00587,09/00588
sample00715,09/00586,09/00587,09/00588,09/00589
sample00716,09/00592,09/00593,09/00594,09/00595
sample00717,09/00595,09/00596,09/00597,09/00598
sample00718,09/00621,09/00622,09/00623,09/00624
sample00719,09/00622,09/00623,09/00624,09/00625
sample00720,09/00636,09/00637,09/00638,09/00639
sample00721,09/00637,09/00638,09/00639,09/00640
sample00722,09/00650,09/00651,09/00652,09/00653
sample00723,09/00662,09/00663,09/00664,09/00665
sample00724,09/00663,09/00664,09/00665,09/00666
sample00725,09/00666,09/00667,09/00668,09/00669
sample00726,09/00712,09/00713,09/00714,09/00715
sample00727,09/00772,09/00773,09/00774,09/00775
sample00728,09/00773,09/00774,09/00775,09/00776
sample00729,09/00774,09/00775,09/00776,09/00777
sample00730,09/00775,09/00776,09/00777,09/00778
sample00731,09/00822,09/00823,09/00824,09/00825
sample00732,09/00823,09/00824,09/00825,09/00826
sample00733,09/00837,09/00838,09/00839,09/00840
sample00734,09/00838,09/00839,09/00840,09/00841
sample00735,09/00851,09/00852,09/00853,09/00854
sample00736,09/00852,09/00853,09/00854,09/00855
sample00737,09/00861,09/00862,09/00863,09/00864
sample00738,09/00862,09/00863,09/00864,09/00865
sample00739,09/00870,09/00871,09/00872,09/00873
sample00740,09/00871,09/00872,09/00873,09/00874
sample00741,09/00873,09/00874,09/00875,09/00876
sample00742,09/00879,09/00880,09/00881,09/00882
sample00743,09/00880,09/00881,09/00882,09/00883
sample00744,09/00885,09/00886,09/00887,09/00888
sample00745,09/00891,09/00892,09/00893,09/00894
sample00746,10/00042,10/00043,10/00044,10/00045
sample00747,10/00045,10/00046,10/00047,10/00048
sample00748,10/00049,10/00050,10/00051,10/00052
sample00749,10/00056,10/00057,10/00058,10/00059
sample00750,10/00057,10/00058,10/00059,10/00060
sample00751,10/00090,10/00091,10/00092,10/00093
sample00752,10/00103,10/00104,10/00105,10/00106
sample00753,10/00114,10/00115,10/00116,10/00117
sample00754,10/00129,10/00130,10/00131,10/00132
sample00755,10/00161,10/00162,10/00163,10/00164
sample00756,10/00182,10/00183,10/00184,10/00185
sample00757,10/00188,10/00189,10/00190,10/00191
sample00758,10/00247,10/00248,10/00249,10/00250
sample00759,10/00261,10/00262,10/00263,10/00264
sample00760,10/00262,10/00263,10/00264,10/00265
sample00761,10/00263,10/00264,10/00265,10/00266
sample00762,10/00264,10/00265,10/00266,10/00267
sample00763,10/00277,10/00278,10/00279,10/00280
sample00764,10/00286,10/00287,10/00288,10/00289
sample00765,10/00287,10/00288,10/00289,10/00290
sample00766,10/00288,10/00289,10/00290,10/00291
sample00767,10/00289,10/00290,10/00291,10/00292
sample00768,10/00292,10/00293,10/00294,10/00295
sample00769,10/00295,10/00296,10/00297,10/00298
sample00770,10/00300,10/00301,10/00302,10/00303
sample00771,10/00301,10/00302,10/00303,10/00304
sample00772,10/00309,10/00310,10/00311,10/00312
sample00773,10/00374,10/00375,10/00376,10/00377
sample00774,10/00384,10/00385,10/00386,10/00387
sample00775,10/00388,10/00389,10/00390,10/00391
sample00776,10/00391,10/00392,10/00393,10/00394
sample00777,10/00392,10/00393,10/00394,10/00395
sample00778,10/00394,10/00395,10/00396,10/00397
sample00779,10/00403,10/00404,10/00405,10/00406
sample00780,10/00451,10/00452,10/00453,10/00454
sample00781,10/00521,10/00522,10/00523,10/00524
sample00782,10/00525,10/00526,10/00527,10/00528
sample00783,10/00527,10/00528,10/00529,10/00530
sample00784,10/00528,10/00529,10/00530,10/00531
sample00785,10/00529,10/00530,10/00531,10/00532
sample00786,10/00530,10/00531,10/00532,10/00533
sample00787,10/00551,10/00552,10/00553,10/00554
sample00788,10/00558,10/00559,10/00560,10/00561
sample00789,10/00559,10/00560,10/00561,10/00562
sample00790,10/00609,10/00610,10/00611,10/00612
sample00791,10/00623,10/00624,10/00625,10/00626
sample00792,11/00080,11/00081,11/00082,11/00083
sample00793,11/00131,11/00132,11/00133,11/00134
sample00794,11/00155,11/00156,11/00157,11/00158
sample00795,11/00156,11/00157,11/00158,11/00159
sample00796,11/00173,11/00174,11/00175,11/00176
sample00797,11/00184,11/00185,11/00186,11/00187
sample00798,11/00185,11/00186,11/00187,11/00188
sample00799,11/00208,11/00209,11/00210,11/00211
sample00800,11/00209,11/00210,11/00211,11/00212
sample00801,11/00210,11/00211,11/00212,11/00213
sample00802,11/00211,11/00212,11/00213,11/00214
sample00803,11/00215,11/00216,11/00217,11/00218
sample00804,11/00216,11/00217,11/00218,11/00219
sample00805,11/00226,11/00227,11/00228,11/00229
sample00806,11/00235,11/00236,11/00237,11/00238
sample00807,11/00245,11/00246,11/00247,11/00248
sample00808,11/00246,11/00247,11/00248,11/00249
sample00809,11/00247,11/00248,11/00249,11/00250
sample00810,11/00258,11/00259,11/00260,11/00261
sample00811,11/00262,11/00263,11/00264,11/00265
sample00812,11/00263,11/00264,11/00265,11/00266
sample00813,11/00267,11/00268,11/00269,11/00270
sample00814,11/00409,11/00410,11/00411,11/00412
sample00815,11/00425,11/00426,11/00427,11/00428
sample00816,11/00426,11/00427,11/00428,11/00429
sample00817,11/00427,11/00428,11/00429,11/00430
sample00818,11/00523,11/00524,11/00525,11/00526
sample00819,12/00013,12/00014,12/00015,12/00016
sample00820,12/00015,12/00016,12/00017,12/00018
sample00821,12/00018,12/00019,12/00020,12/00021
sample00822,12/00033,12/00034,12/00035,12/00036
sample00823,12/00034,12/00035,12/00036,12/00037
sample00824,12/00038,12/00039,12/00040,12/00041
sample00825,12/00039,12/00040,12/00041,12/00042
sample00826,12/00043,12/00044,12/00045,12/00046
sample00827,12/00115,12/00116,12/00117,12/00118
sample00828,12/00119,12/00120,12/00121,12/00122
sample00829,12/00130,12/00131,12/00132,12/00133
sample00830,12/00131,12/00132,12/00133,12/00134
sample00831,12/00134,12/00135,12/00136,12/00137
sample00832,12/00169,12/00170,12/00171,12/00172
sample00833,12/00170,12/00171,12/00172,12/00173
sample00834,12/00180,12/00181,12/00182,12/00183
sample00835,12/00182,12/00183,12/00184,12/00185
sample00836,12/00223,12/00224,12/00225,12/00226
sample00837,12/00231,12/00232,12/00233,12/00234
sample00838,12/00234,12/00235,12/00236,12/00237
sample00839,12/00279,12/00280,12/00281,12/00282
sample00840,12/00280,12/00281,12/00282,12/00283
sample00841,12/00289,12/00290,12/00291,12/00292
sample00842,12/00300,12/00301,12/00302,12/00303
sample00843,12/00301,12/00302,12/00303,12/00304
sample00844,12/00328,12/00329,12/00330,12/00331
sample00845,12/00330,12/00331,12/00332,12/00333
sample00846,12/00333,12/00334,12/00335,12/00336
sample00847,12/00346,12/00347,12/00348,12/00349
sample00848,12/00347,12/00348,12/00349,12/00350
sample00849,12/00351,12/00352,12/00353,12/00354
sample00850,12/00352,12/00353,12/00354,12/00355
sample00851,12/00357,12/00358,12/00359,12/00360
sample00852,12/00399,12/00400,12/00401,12/00402
sample00853,12/00405,12/00406,12/00407,12/00408
sample00854,12/00406,12/00407,12/00408,12/00409
sample00855,12/00414,12/00415,12/00416,12/00417
sample00856,12/00428,12/00429,12/00430,12/00431
sample00857,12/00468,12/00469,12/00470,12/00471
sample00858,12/00474,12/00475,12/00476,12/00477
sample00859,12/00475,12/00476,12/00477,12/00478
sample00860,12/00476,12/00477,12/00478,12/00479
sample00861,12/00482,12/00483,12/00484,12/00485
sample00862,12/00483,12/00484,12/00485,12/00486
sample00863,12/00494,12/00495,12/00496,12/00497
sample00864,12/00498,12/00499,12/00500,12/00501
sample00865,12/00499,12/00500,12/00501,12/00502
sample00866,12/00500,12/00501,12/00502,12/00503
sample00867,12/00503,12/00504,12/00505,12/00506
sample00868,12/00504,12/00505,12/00506,12/00507
sample00869,12/00506,12/00507,12/00508,12/00509
sample00870,12/00512,12/00513,12/00514,12/00515
sample00871,12/00515,12/00516,12/00517,12/00518
sample00872,12/00517,12/00518,12/00519,12/00520
sample00873,12/00518,12/00519,12/00520,12/00521
sample00874,12/00519,12/00520,12/00521,12/00522
sample00875,12/00560,12/00561,12/00562,12/00563
sample00876,12/00577,12/00578,12/00579,12/00580
sample00877,12/00585,12/00586,12/00587,12/00588
sample00878,12/00600,12/00601,12/00602,12/00603
sample00879,12/00601,12/00602,12/00603,12/00604
sample00880,12/00603,12/00604,12/00605,12/00606
sample00881,12/00604,12/00605,12/00606,12/00607
sample00882,12/00615,12/00616,12/00617,12/00618
sample00883,12/00621,12/00622,12/00623,12/00624
sample00884,12/00623,12/00624,12/00625,12/00626
sample00885,12/00626,12/00627,12/00628,12/00629
sample00886,12/00628,12/00629,12/00630,12/00631
sample00887,12/00629,12/00630,12/00631,12/00632
sample00888,12/00630,12/00631,12/00632,12/00633
sample00889,12/00653,12/00654,12/00655,12/00656
sample00890,12/00654,12/00655,12/00656,12/00657
sample00891,12/00667,12/00668,12/00669,12/00670
sample00892,12/00668,12/00669,12/00670,12/00671
sample00893,12/00669,12/00670,12/00671,12/00672
sample00894,12/00670,12/00671,12/00672,12/00673
sample00895,12/00671,12/00672,12/00673,12/00674
sample00896,12/00672,12/00673,12/00674,12/00675
sample00897,12/00673,12/00674,12/00675,12/00676
sample00898,12/00674,12/00675,12/00676,12/00677
sample00899,12/00676,12/00677,12/00678,12/00679
sample00900,12/00677,12/00678,12/00679,12/00680
sample00901,12/00712,12/00713,12/00714,12/00715
sample00902,12/00744,12/00745,12/00746,12/00747
sample00903,13/00001,13/00002,13/00003,13/00004
sample00904,13/00020,13/00021,13/00022,13/00023
sample00905,13/00023,13/00024,13/00025,13/00026
sample00906,13/00024,13/00025,13/00026,13/00027
sample00907,13/00036,13/00037,13/00038,13/00039
sample00908,13/00076,13/00077,13/00078,13/00079
sample00909,13/00086,13/00087,13/00088,13/00089
sample00910,13/00182,13/00183,13/00184,13/00185
sample00911,13/00193,13/00194,13/00195,13/00196
sample00912,13/00238,13/00239,13/00240,13/00241
sample00913,13/00239,13/00240,13/00241,13/00242
sample00914,13/00246,13/00247,13/00248,13/00249
sample00915,13/00247,13/00248,13/00249,13/00250
sample00916,13/00248,13/00249,13/00250,13/00251
sample00917,13/00262,13/00263,13/00264,13/00265
sample00918,13/00266,13/00267,13/00268,13/00269
sample00919,13/00294,13/00295,13/00296,13/00297
sample00920,13/00318,13/00319,13/00320,13/00321
sample00921,13/00321,13/00322,13/00323,13/00324
sample00922,13/00322,13/00323,13/00324,13/00325
sample00923,13/00323,13/00324,13/00325,13/00326
sample00924,13/00343,13/00344,13/00345,13/00346
sample00925,13/00365,13/00366,13/00367,13/00368
sample00926,13/00368,13/00369,13/00370,13/00371
sample00927,13/00376,13/00377,13/00378,13/00379
sample00928,13/00402,13/00403,13/00404,13/00405
sample00929,13/00403,13/00404,13/00405,13/00406
sample00930,13/00405,13/00406,13/00407,13/00408
sample00931,13/00407,13/00408,13/00409,13/00410
sample00932,13/00408,13/00409,13/00410,13/00411
sample00933,13/00443,13/00444,13/00445,13/00446
sample00934,13/00446,13/00447,13/00448,13/00449
sample00935,13/00447,13/00448,13/00449,13/00450
sample00936,13/00448,13/00449,13/00450,13/00451
sample00937,13/00454,13/00455,13/00456,13/00457
sample00938,13/00482,13/00483,13/00484,13/00485
sample00939,13/00499,13/00500,13/00501,13/00502
sample00940,13/00500,13/00501,13/00502,13/00503
sample00941,13/00501,13/00502,13/00503,13/00504
sample00942,13/00506,13/00507,13/00508,13/00509
sample00943,13/00512,13/00513,13/00514,13/00515
sample00944,13/00515,13/00516,13/00517,13/00518
sample00945,13/00518,13/00519,13/00520,13/00521
sample00946,13/00549,13/00550,13/00551,13/00552
sample00947,13/00550,13/00551,13/00552,13/00553
sample00948,13/00582,13/00583,13/00584,13/00585
sample00949,13/00589,13/00590,13/00591,13/00592
sample00950,13/00590,13/00591,13/00592,13/00593
sample00951,13/00592,13/00593,13/00594,13/00595
sample00952,13/00593,13/00594,13/00595,13/00596
sample00953,13/00595,13/00596,13/00597,13/00598
sample00954,13/00596,13/00597,13/00598,13/00599
sample00955,13/00598,13/00599,13/00600,13/00601
sample00956,13/00618,13/00619,13/00620,13/00621
sample00957,13/00625,13/00626,13/00627,13/00628
sample00958,13/00626,13/00627,13/00628,13/00629
sample00959,13/00630,13/00631,13/00632,13/00633
sample00960,13/00635,13/00636,13/00637,13/00638
sample00961,13/00654,13/00655,13/00656,13/00657
sample00962,13/00655,13/00656,13/00657,13/00658
sample00963,13/00656,13/00657,13/00658,13/00659
sample00964,13/00657,13/00658,13/00659,13/00660
sample00965,13/00669,13/00670,13/00671,13/00672
sample00966,13/00670,13/00671,13/00672,13/00673
sample00967,13/00683,13/00684,13/00685,13/00686
sample00968,13/00696,13/00697,13/00698,13/00699
sample00969,13/00699,13/00700,13/00701,13/00702
sample00970,14/00073,14/00074,14/00075,14/00076
sample00971,14/00077,14/00078,14/00079,14/00080
sample00972,14/00108,14/00109,14/00110,14/00111
sample00973,14/00110,14/00111,14/00112,14/00113
sample00974,14/00112,14/00113,14/00114,14/00115
sample00975,14/00114,14/00115,14/00116,14/00117
sample00976,14/00115,14/00116,14/00117,14/00118
sample00977,14/00118,14/00119,14/00120,14/00121
sample00978,14/00119,14/00120,14/00121,14/00122
sample00979,14/00120,14/00121,14/00122,14/00123
sample00980,14/00121,14/00122,14/00123,14/00124
sample00981,14/00277,14/00278,14/00279,14/00280
sample00982,14/00315,14/00316,14/00317,14/00318
sample00983,14/00316,14/00317,14/00318,14/00319
sample00984,14/00319,14/00320,14/00321,14/00322
sample00985,14/00341,14/00342,14/00343,14/00344
sample00986,14/00389,14/00390,14/00391,14/00392
sample00987,14/00398,14/00399,14/00400,14/00401
sample00988,14/00464,14/00465,14/00466,14/00467
sample00989,14/00468,14/00469,14/00470,14/00471
sample00990,14/00473,14/00474,14/00475,14/00476
sample00991,14/00474,14/00475,14/00476,14/00477
sample00992,14/00477,14/00478,14/00479,14/00480
sample00993,14/00490,14/00491,14/00492,14/00493
sample00994,14/00499,14/00500,14/00501,14/00502
sample00995,14/00502,14/00503,14/00504,14/00505
sample00996,14/00542,14/00543,14/00544,14/00545
sample00997,14/00600,14/00601,14/00602,14/00603
sample00998,14/00686,14/00687,14/00688,14/00689
sample00999,14/00699,14/00700,14/00701,14/00702
sample01000,14/00713,14/00714,14/00715,14/00716
sample01001,14/00736,14/00737,14/00738,14/00739
sample01002,14/00743,14/00744,14/00745,14/00746
sample01003,14/00744,14/00745,14/00746,14/00747
sample01004,14/00773,14/00774,14/00775,14/00776
sample01005,14/00775,14/00776,14/00777,14/00778
sample01006,14/00777,14/00778,14/00779,14/00780
sample01007,14/00780,14/00781,14/00782,14/00783
sample01008,15/00164,15/00165,15/00166,15/00167
sample01009,15/00165,15/00166,15/00167,15/00168
sample01010,15/00166,15/00167,15/00168,15/00169
sample01011,15/00302,15/00303,15/00304,15/00305
sample01012,15/00307,15/00308,15/00309,15/00310
sample01013,15/00325,15/00326,15/00327,15/00328
sample01014,15/00328,15/00329,15/00330,15/00331
sample01015,15/00350,15/00351,15/00352,15/00353
sample01016,15/00379,15/00380,15/00381,15/00382
sample01017,15/00387,15/00388,15/00389,15/00390
sample01018,15/00393,15/00394,15/00395,15/00396
sample01019,15/00473,15/00474,15/00475,15/00476
sample01020,15/00478,15/00479,15/00480,15/00481
sample01021,15/00479,15/00480,15/00481,15/00482
sample01022,15/00481,15/00482,15/00483,15/00484
sample01023,15/00494,15/00495,15/00496,15/00497
sample01024,15/00502,15/00503,15/00504,15/00505
sample01025,15/00513,15/00514,15/00515,15/00516
sample01026,15/00521,15/00522,15/00523,15/00524
sample01027,15/00577,15/00578,15/00579,15/00580
sample01028,15/00581,15/00582,15/00583,15/00584
sample01029,15/00582,15/00583,15/00584,15/00585
sample01030,15/00619,15/00620,15/00621,15/00622
sample01031,15/00639,15/00640,15/00641,15/00642
sample01032,15/00677,15/00678,15/00679,15/00680
sample01033,15/00682,15/00683,15/00684,15/00685
sample01034,15/00683,15/00684,15/00685,15/00686
sample01035,15/00684,15/00685,15/00686,15/00687
sample01036,15/00692,15/00693,15/00694,15/00695
sample01037,15/00695,15/00696,15/00697,15/00698
sample01038,15/00698,15/00699,15/00700,15/00701
sample01039,15/00704,15/00705,15/00706,15/00707
sample01040,15/00766,15/00767,15/00768,15/00769
sample01041,15/00767,15/00768,15/00769,15/00770
sample01042,15/00775,15/00776,15/00777,15/00778
sample01043,15/00790,15/00791,15/00792,15/00793
sample01044,15/00811,15/00812,15/00813,15/00814
sample01045,15/00812,15/00813,15/00814,15/00815
sample01046,15/00815,15/00816,15/00817,15/00818
sample01047,16/00086,16/00087,16/00088,16/00089
sample01048,16/00097,16/00098,16/00099,16/00100
sample01049,16/00102,16/00103,16/00104,16/00105
sample01050,16/00113,16/00114,16/00115,16/00116
sample01051,16/00115,16/00116,16/00117,16/00118
sample01052,16/00187,16/00188,16/00189,16/00190
sample01053,16/00221,16/00222,16/00223,16/00224
sample01054,16/00227,16/00228,16/00229,16/00230
sample01055,16/00229,16/00230,16/00231,16/00232
sample01056,16/00233,16/00234,16/00235,16/00236
sample01057,16/00234,16/00235,16/00236,16/00237
sample01058,16/00251,16/00252,16/00253,16/00254
sample01059,16/00255,16/00256,16/00257,16/00258
sample01060,16/00376,16/00377,16/00378,16/00379
sample01061,16/00379,16/00380,16/00381,16/00382
sample01062,16/00380,16/00381,16/00382,16/00383
sample01063,16/00383,16/00384,16/00385,16/00386
sample01064,16/00409,16/00410,16/00411,16/00412
sample01065,16/00462,16/00463,16/00464,16/00465
sample01066,16/00501,16/00502,16/00503,16/00504
sample01067,16/00506,16/00507,16/00508,16/00509
sample01068,16/00510,16/00511,16/00512,16/00513
sample01069,16/00538,16/00539,16/00540,16/00541
sample01070,16/00545,16/00546,16/00547,16/00548
sample01071,16/00546,16/00547,16/00548,16/00549
sample01072,16/00550,16/00551,16/00552,16/00553
sample01073,16/00551,16/00552,16/00553,16/00554
sample01074,16/00564,16/00565,16/00566,16/00567
sample01075,16/00567,16/00568,16/00569,16/00570
sample01076,16/00568,16/00569,16/00570,16/00571
sample01077,16/00569,16/00570,16/00571,16/00572
sample01078,16/00578,16/00579,16/00580,16/00581
sample01079,16/00615,16/00616,16/00617,16/00618
sample01080,16/00616,16/00617,16/00618,16/00619
sample01081,16/00623,16/00624,16/00625,16/00626
sample01082,16/00624,16/00625,16/00626,16/00627
sample01083,16/00625,16/00626,16/00627,16/00628
sample01084,16/00627,16/00628,16/00629,16/00630
sample01085,16/00660,16/00661,16/00662,16/00663
sample01086,16/00727,16/00728,16/00729,16/00730
sample01087,16/00730,16/00731,16/00732,16/00733
sample01088,16/00795,16/00796,16/00797,16/00798
sample01089,16/00808,16/00809,16/00810,16/00811
sample01090,16/00887,16/00888,16/00889,16/00890
sample01091,16/00897,16/00898,16/00899,16/00900
sample01092,16/00898,16/00899,16/00900,16/00901
sample01093,16/00899,16/00900,16/00901,16/00902
sample01094,16/00907,16/00908,16/00909,16/00910
sample01095,16/00911,16/00912,16/00913,16/00914
sample01096,16/00914,16/00915,16/00916,16/00917
sample01097,16/00915,16/00916,16/00917,16/00918
sample01098,17/00005,17/00006,17/00007,17/00008
sample01099,17/00008,17/00009,17/00010,17/00011
sample01100,17/00013,17/00014,17/00015,17/00016
sample01101,17/00014,17/00015,17/00016,17/00017
sample01102,17/00020,17/00021,17/00022,17/00023
sample01103,17/00021,17/00022,17/00023,17/00024
sample01104,17/00022,17/00023,17/00024,17/00025
sample01105,17/00026,17/00027,17/00028,17/00029
sample01106,17/00030,17/00031,17/00032,17/00033
sample01107,17/00075,17/00076,17/00077,17/00078
sample01108,17/00078,17/00079,17/00080,17/00081
sample01109,17/00101,17/00102,17/00103,17/00104
sample01110,17/00105,17/00106,17/00107,17/00108
sample01111,17/00108,17/00109,17/00110,17/00111
sample01112,17/00110,17/00111,17/00112,17/00113
sample01113,17/00116,17/00117,17/00118,17/00119
sample01114,17/00123,17/00124,17/00125,17/00126
sample01115,17/00127,17/00128,17/00129,17/00130
sample01116,17/00128,17/00129,17/00130,17/00131
sample01117,17/00129,17/00130,17/00131,17/00132
sample01118,17/00138,17/00139,17/00140,17/00141
sample01119,17/00139,17/00140,17/00141,17/00142
sample01120,17/00140,17/00141,17/00142,17/00143
sample01121,17/00239,17/00240,17/00241,17/00242
sample01122,17/00240,17/00241,17/00242,17/00243
sample01123,17/00241,17/00242,17/00243,17/00244
sample01124,17/00246,17/00247,17/00248,17/00249
sample01125,17/00247,17/00248,17/00249,17/00250
sample01126,17/00249,17/00250,17/00251,17/00252
sample01127,17/00250,17/00251,17/00252,17/00253
sample01128,17/00253,17/00254,17/00255,17/00256
sample01129,17/00263,17/00264,17/00265,17/00266
sample01130,17/00270,17/00271,17/00272,17/00273
sample01131,17/00276,17/00277,17/00278,17/00279
sample01132,17/00277,17/00278,17/00279,17/00280
sample01133,17/00322,17/00323,17/00324,17/00325
sample01134,17/00323,17/00324,17/00325,17/00326
sample01135,17/00403,17/00404,17/00405,17/00406
sample01136,17/00409,17/00410,17/00411,17/00412
sample01137,17/00411,17/00412,17/00413,17/00414
sample01138,17/00416,17/00417,17/00418,17/00419
sample01139,17/00417,17/00418,17/00419,17/00420
sample01140,17/00422,17/00423,17/00424,17/00425
sample01141,17/00424,17/00425,17/00426,17/00427
sample01142,17/00432,17/00433,17/00434,17/00435
sample01143,17/00433,17/00434,17/00435,17/00436
sample01144,17/00434,17/00435,17/00436,17/00437
sample01145,17/00437,17/00438,17/00439,17/00440
sample01146,17/00440,17/00441,17/00442,17/00443
sample01147,17/00443,17/00444,17/00445,17/00446
sample01148,17/00473,17/00474,17/00475,17/00476
sample01149,17/00475,17/00476,17/00477,17/00478
sample01150,17/00485,17/00486,17/00487,17/00488
sample01151,17/00594,17/00595,17/00596,17/00597
sample01152,17/00600,17/00601,17/00602,17/00603
sample01153,17/00601,17/00602,17/00603,17/00604
sample01154,17/00612,17/00613,17/00614,17/00615
sample01155,17/00613,17/00614,17/00615,17/00616
sample01156,17/00618,17/00619,17/00620,17/00621
sample01157,17/00627,17/00628,17/00629,17/00630
sample01158,17/00634,17/00635,17/00636,17/00637
sample01159,17/00635,17/00636,17/00637,17/00638
sample01160,17/00637,17/00638,17/00639,17/00640
sample01161,17/00640,17/00641,17/00642,17/00643
sample01162,17/00646,17/00647,17/00648,17/00649
sample01163,17/00666,17/00667,17/00668,17/00669
sample01164,17/00667,17/00668,17/00669,17/00670
sample01165,17/00688,17/00689,17/00690,17/00691
sample01166,17/00689,17/00690,17/00691,17/00692
sample01167,17/00690,17/00691,17/00692,17/00693
sample01168,17/00703,17/00704,17/00705,17/00706
sample01169,17/00711,17/00712,17/00713,17/00714
sample01170,17/00712,17/00713,17/00714,17/00715
sample01171,17/00713,17/00714,17/00715,17/00716
sample01172,17/00726,17/00727,17/00728,17/00729
sample01173,17/00728,17/00729,17/00730,17/00731
sample01174,17/00736,17/00737,17/00738,17/00739
sample01175,17/00740,17/00741,17/00742,17/00743
sample01176,17/00767,17/00768,17/00769,17/00770
sample01177,18/00076,18/00077,18/00078,18/00079
sample01178,18/00142,18/00143,18/00144,18/00145
sample01179,18/00147,18/00148,18/00149,18/00150
sample01180,18/00148,18/00149,18/00150,18/00151
sample01181,18/00159,18/00160,18/00161,18/00162
sample01182,18/00214,18/00215,18/00216,18/00217
sample01183,18/00215,18/00216,18/00217,18/00218
sample01184,18/00218,18/00219,18/00220,18/00221
sample01185,18/00227,18/00228,18/00229,18/00230
sample01186,18/00246,18/00247,18/00248,18/00249
sample01187,18/00270,18/00271,18/00272,18/00273
sample01188,18/00280,18/00281,18/00282,18/00283
sample01189,18/00285,18/00286,18/00287,18/00288
sample01190,18/00300,18/00301,18/00302,18/00303
sample01191,18/00317,18/00318,18/00319,18/00320
sample01192,18/00325,18/00326,18/00327,18/00328
sample01193,18/00326,18/00327,18/00328,18/00329
sample01194,18/00327,18/00328,18/00329,18/00330
sample01195,18/00352,18/00353,18/00354,18/00355
sample01196,18/00356,18/00357,18/00358,18/00359
sample01197,18/00448,18/00449,18/00450,18/00451
sample01198,18/00542,18/00543,18/00544,18/00545
sample01199,18/00571,18/00572,18/00573,18/00574
sample01200,18/00572,18/00573,18/00574,18/00575
sample01201,18/00633,18/00634,18/00635,18/00636
sample01202,18/00634,18/00635,18/00636,18/00637
sample01203,18/00722,18/00723,18/00724,18/00725
sample01204,18/00736,18/00737,18/00738,18/00739
sample01205,19/00142,19/00143,19/00144,19/00145
sample01206,19/00208,19/00209,19/00210,19/00211
sample01207,19/00211,19/00212,19/00213,19/00214
sample01208,19/00236,19/00237,19/00238,19/00239
sample01209,19/00246,19/00247,19/00248,19/00249
sample01210,19/00249,19/00250,19/00251,19/00252
sample01211,19/00250,19/00251,19/00252,19/00253
sample01212,19/00275,19/00276,19/00277,19/00278
sample01213,19/00339,19/00340,19/00341,19/00342
sample01214,19/00367,19/00368,19/00369,19/00370
sample01215,19/00370,19/00371,19/00372,19/00373
sample01216,19/00375,19/00376,19/00377,19/00378
sample01217,19/00378,19/00379,19/00380,19/00381
sample01218,19/00379,19/00380,19/00381,19/00382
sample01219,19/00380,19/00381,19/00382,19/00383
sample01220,19/00381,19/00382,19/00383,19/00384
sample01221,19/00382,19/00383,19/00384,19/00385
sample01222,19/00383,19/00384,19/00385,19/00386
sample01223,19/00384,19/00385,19/00386,19/00387
sample01224,19/00385,19/00386,19/00387,19/00388
sample01225,19/00393,19/00394,19/00395,19/00396
sample01226,19/00395,19/00396,19/00397,19/00398
sample01227,19/00428,19/00429,19/00430,19/00431
sample01228,19/00430,19/00431,19/00432,19/00433
sample01229,19/00432,19/00433,19/00434,19/00435
sample01230,19/00460,19/00461,19/00462,19/00463
sample01231,19/00518,19/00519,19/00520,19/00521
sample01232,19/00519,19/00520,19/00521,19/00522
sample01233,19/00520,19/00521,19/00522,19/00523
sample01234,19/00521,19/00522,19/00523,19/00524
sample01235,19/00534,19/00535,19/00536,19/00537
sample01236,19/00535,19/00536,19/00537,19/00538
sample01237,19/00558,19/00559,19/00560,19/00561
sample01238,19/00572,19/00573,19/00574,19/00575
sample01239,19/00573,19/00574,19/00575,19/00576
sample01240,19/00576,19/00577,19/00578,19/00579
sample01241,19/00584,19/00585,19/00586,19/00587
sample01242,19/00586,19/00587,19/00588,19/00589
sample01243,19/00589,19/00590,19/00591,19/00592
sample01244,19/00600,19/00601,19/00602,19/00603
sample01245,19/00624,19/00625,19/00626,19/00627
sample01246,19/00626,19/00627,19/00628,19/00629
sample01247,19/00645,19/00646,19/00647,19/00648
sample01248,19/00646,19/00647,19/00648,19/00649
sample01249,19/00675,19/00676,19/00677,19/00678
sample01250,19/00683,19/00684,19/00685,19/00686
sample01251,19/00686,19/00687,19/00688,19/00689
sample01252,19/00689,19/00690,19/00691,19/00692
sample01253,19/00690,19/00691,19/00692,19/00693
sample01254,19/00691,19/00692,19/00693,19/00694
sample01255,19/00695,19/00696,19/00697,19/00698
sample01256,19/00785,19/00786,19/00787,19/00788
sample01257,19/00786,19/00787,19/00788,19/00789
sample01258,19/00795,19/00796,19/00797,19/00798
sample01259,19/00818,19/00819,19/00820,19/00821
sample01260,19/00826,19/00827,19/00828,19/00829
sample01261,19/00839,19/00840,19/00841,19/00842
sample01262,19/00842,19/00843,19/00844,19/00845
sample01263,19/00843,19/00844,19/00845,19/00846
sample01264,19/00846,19/00847,19/00848,19/00849
sample01265,20/00103,20/00104,20/00105,20/00106
sample01266,20/00105,20/00106,20/00107,20/00108
sample01267,20/00106,20/00107,20/00108,20/00109
sample01268,20/00107,20/00108,20/00109,20/00110
sample01269,20/00109,20/00110,20/00111,20/00112
sample01270,20/00115,20/00116,20/00117,20/00118
sample01271,20/00116,20/00117,20/00118,20/00119
sample01272,20/00152,20/00153,20/00154,20/00155
sample01273,20/00162,20/00163,20/00164,20/00165
sample01274,20/00178,20/00179,20/00180,20/00181
sample01275,20/00239,20/00240,20/00241,20/00242
sample01276,20/00240,20/00241,20/00242,20/00243
sample01277,20/00249,20/00250,20/00251,20/00252
sample01278,20/00250,20/00251,20/00252,20/00253
sample01279,20/00251,20/00252,20/00253,20/00254
sample01280,20/00337,20/00338,20/00339,20/00340
sample01281,20/00352,20/00353,20/00354,20/00355
sample01282,20/00396,20/00397,20/00398,20/00399
sample01283,20/00428,20/00429,20/00430,20/00431
sample01284,20/00430,20/00431,20/00432,20/00433
sample01285,20/00483,20/00484,20/00485,20/00486
sample01286,20/00485,20/00486,20/00487,20/00488
sample01287,20/00489,20/00490,20/00491,20/00492
sample01288,20/00498,20/00499,20/00500,20/00501
sample01289,20/00503,20/00504,20/00505,20/00506
sample01290,20/00584,20/00585,20/00586,20/00587
sample01291,20/00596,20/00597,20/00598,20/00599
sample01292,20/00651,20/00652,20/00653,20/00654
sample01293,20/00667,20/00668,20/00669,20/00670
sample01294,20/00675,20/00676,20/00677,20/00678
sample01295,20/00715,20/00716,20/00717,20/00718
sample01296,20/00731,20/00732,20/00733,20/00734
sample01297,20/00784,20/00785,20/00786,20/00787
sample01298,20/00790,20/00791,20/00792,20/00793
sample01299,20/00810,20/00811,20/00812,20/00813
sample01300,20/00819,20/00820,20/00821,20/00822
sample01301,20/00821,20/00822,20/00823,20/00824
sample01302,20/00826,20/00827,20/00828,20/00829
sample01303,20/00828,20/00829,20/00830,20/00831
sample01304,20/00829,20/00830,20/00831,20/00832
sample01305,21/00047,21/00048,21/00049,21/00050
sample01306,21/00049,21/00050,21/00051,21/00052
sample01307,21/00050,21/00051,21/00052,21/00053
sample01308,21/00053,21/00054,21/00055,21/00056
sample01309,21/00067,21/00068,21/00069,21/00070
sample01310,21/00068,21/00069,21/00070,21/00071
sample01311,21/00075,21/00076,21/00077,21/00078
sample01312,21/00078,21/00079,21/00080,21/00081
sample01313,21/00101,21/00102,21/00103,21/00104
sample01314,21/00119,21/00120,21/00121,21/00122
sample01315,21/00143,21/00144,21/00145,21/00146
sample01316,21/00163,21/00164,21/00165,21/00166
sample01317,21/00166,21/00167,21/00168,21/00169
sample01318,21/00167,21/00168,21/00169,21/00170
sample01319,21/00169,21/00170,21/00171,21/00172
sample01320,21/00175,21/00176,21/00177,21/00178
sample01321,21/00177,21/00178,21/00179,21/00180
sample01322,21/00180,21/00181,21/00182,21/00183
sample01323,21/00188,21/00189,21/00190,21/00191
sample01324,21/00189,21/00190,21/00191,21/00192
sample01325,21/00190,21/00191,21/00192,21/00193
sample01326,21/00193,21/00194,21/00195,21/00196
sample01327,21/00199,21/00200,21/00201,21/00202
sample01328,21/00204,21/00205,21/00206,21/00207
sample01329,21/00206,21/00207,21/00208,21/00209
sample01330,21/00208,21/00209,21/00210,21/00211
sample01331,21/00210,21/00211,21/00212,21/00213
sample01332,21/00213,21/00214,21/00215,21/00216
sample01333,21/00219,21/00220,21/00221,21/00222
sample01334,21/00220,21/00221,21/00222,21/00223
sample01335,21/00221,21/00222,21/00223,21/00224
sample01336,21/00270,21/00271,21/00272,21/00273
sample01337,21/00313,21/00314,21/00315,21/00316
sample01338,21/00315,21/00316,21/00317,21/00318
sample01339,21/00346,21/00347,21/00348,21/00349
sample01340,21/00491,21/00492,21/00493,21/00494
sample01341,21/00498,21/00499,21/00500,21/00501
sample01342,21/00525,21/00526,21/00527,21/00528
sample01343,21/00552,21/00553,21/00554,21/00555
sample01344,21/00558,21/00559,21/00560,21/00561
sample01345,21/00569,21/00570,21/00571,21/00572
sample01346,21/00591,21/00592,21/00593,21/00594
sample01347,21/00592,21/00593,21/00594,21/00595
sample01348,21/00596,21/00597,21/00598,21/00599
sample01349,21/00597,21/00598,21/00599,21/00600
sample01350,21/00601,21/00602,21/00603,21/00604
sample01351,21/00602,21/00603,21/00604,21/00605
sample01352,21/00704,21/00705,21/00706,21/00707
sample01353,21/00829,21/00830,21/00831,21/00832
sample01354,21/00833,21/00834,21/00835,21/00836
sample01355,22/00131,22/00132,22/00133,22/00134
sample01356,22/00373,22/00374,22/00375,22/00376
sample01357,22/00434,22/00435,22/00436,22/00437
sample01358,22/00464,22/00465,22/00466,22/00467
sample01359,22/00685,22/00686,22/00687,22/00688
sample01360,22/00737,22/00738,22/00739,22/00740
sample01361,22/00745,22/00746,22/00747,22/00748
sample01362,22/00752,22/00753,22/00754,22/00755
sample01363,22/00767,22/00768,22/00769,22/00770
sample01364,22/00787,22/00788,22/00789,22/00790
sample01365,22/00790,22/00791,22/00792,22/00793
sample01366,22/00800,22/00801,22/00802,22/00803
sample01367,22/00801,22/00802,22/00803,22/00804
sample01368,22/00802,22/00803,22/00804,22/00805
sample01369,22/00803,22/00804,22/00805,22/00806
sample01370,22/00814,22/00815,22/00816,22/00817
sample01371,22/00823,22/00824,22/00825,22/00826
sample01372,22/00825,22/00826,22/00827,22/00828
sample01373,22/00853,22/00854,22/00855,22/00856
sample01374,22/00855,22/00856,22/00857,22/00858
sample01375,23/00043,23/00044,23/00045,23/00046
sample01376,23/00046,23/00047,23/00048,23/00049
sample01377,23/00053,23/00054,23/00055,23/00056
sample01378,23/00096,23/00097,23/00098,23/00099
sample01379,23/00177,23/00178,23/00179,23/00180
sample01380,23/00247,23/00248,23/00249,23/00250
sample01381,23/00253,23/00254,23/00255,23/00256
sample01382,23/00266,23/00267,23/00268,23/00269
sample01383,23/00281,23/00282,23/00283,23/00284
sample01384,23/00313,23/00314,23/00315,23/00316
sample01385,23/00369,23/00370,23/00371,23/00372
sample01386,23/00487,23/00488,23/00489,23/00490
sample01387,23/00491,23/00492,23/00493,23/00494
sample01388,23/00494,23/00495,23/00496,23/00497
sample01389,23/00560,23/00561,23/00562,23/00563
sample01390,23/00561,23/00562,23/00563,23/00564
sample01391,23/00563,23/00564,23/00565,23/00566
sample01392,23/00566,23/00567,23/00568,23/00569
sample01393,23/00567,23/00568,23/00569,23/00570
sample01394,23/00568,23/00569,23/00570,23/00571
sample01395,23/00579,23/00580,23/00581,23/00582
sample01396,23/00580,23/00581,23/00582,23/00583
sample01397,23/00641,23/00642,23/00643,23/00644
sample01398,23/00646,23/00647,23/00648,23/00649
sample01399,23/00664,23/00665,23/00666,23/00667
sample01400,23/00666,23/00667,23/00668,23/00669
sample01401,23/00670,23/00671,23/00672,23/00673
sample01402,23/00676,23/00677,23/00678,23/00679
sample01403,23/00677,23/00678,23/00679,23/00680
sample01404,23/00679,23/00680,23/00681,23/00682
sample01405,23/00681,23/00682,23/00683,23/00684
sample01406,23/00694,23/00695,23/00696,23/00697
sample01407,23/00698,23/00699,23/00700,23/00701
sample01408,23/00715,23/00716,23/00717,23/00718
sample01409,23/00734,23/00735,23/00736,23/00737
sample01410,23/00739,23/00740,23/00741,23/00742
sample01411,23/00753,23/00754,23/00755,23/00756
sample01412,23/00757,23/00758,23/00759,23/00760
sample01413,23/00760,23/00761,23/00762,23/00763
sample01414,23/00761,23/00762,23/00763,23/00764
sample01415,23/00790,23/00791,23/00792,23/00793
sample01416,23/00791,23/00792,23/00793,23/00794
sample01417,23/00795,23/00796,23/00797,23/00798
sample01418,23/00796,23/00797,23/00798,23/00799
sample01419,23/00807,23/00808,23/00809,23/00810
sample01420,23/00808,23/00809,23/00810,23/00811
sample01421,23/00811,23/00812,23/00813,23/00814
sample01422,23/00818,23/00819,23/00820,23/00821
sample01423,23/00819,23/00820,23/00821,23/00822
sample01424,23/00875,23/00876,23/00877,23/00878
sample01425,23/00876,23/00877,23/00878,23/00879
sample01426,23/00945,23/00946,23/00947,23/00948
sample01427,23/00948,23/00949,23/00950,23/00951
sample01428,23/00952,23/00953,23/00954,23/00955
sample01429,23/00953,23/00954,23/00955,23/00956
sample01430,24/00057,24/00058,24/00059,24/00060
sample01431,24/00215,24/00216,24/00217,24/00218
sample01432,24/00288,24/00289,24/00290,24/00291
sample01433,24/00291,24/00292,24/00293,24/00294
sample01434,24/00292,24/00293,24/00294,24/00295
sample01435,24/00295,24/00296,24/00297,24/00298
sample01436,24/00381,24/00382,24/00383,24/00384
sample01437,24/00401,24/00402,24/00403,24/00404
sample01438,24/00406,24/00407,24/00408,24/00409
sample01439,24/00407,24/00408,24/00409,24/00410
sample01440,24/00420,24/00421,24/00422,24/00423
sample01441,24/00422,24/00423,24/00424,24/00425
sample01442,24/00423,24/00424,24/00425,24/00426
sample01443,24/00427,24/00428,24/00429,24/00430
sample01444,24/00520,24/00521,24/00522,24/00523
sample01445,24/00537,24/00538,24/00539,24/00540
sample01446,24/00545,24/00546,24/00547,24/00548
sample01447,24/00551,24/00552,24/00553,24/00554
sample01448,24/00568,24/00569,24/00570,24/00571
sample01449,24/00587,24/00588,24/00589,24/00590
sample01450,24/00591,24/00592,24/00593,24/00594
sample01451,24/00592,24/00593,24/00594,24/00595
sample01452,24/00622,24/00623,24/00624,24/00625
sample01453,24/00694,24/00695,24/00696,24/00697
sample01454,24/00697,24/00698,24/00699,24/00700
sample01455,24/00699,24/00700,24/00701,24/00702
sample01456,24/00810,24/00811,24/00812,24/00813
sample01457,24/00877,24/00878,24/00879,24/00880
sample01458,24/00914,24/00915,24/00916,24/00917
sample01459,24/00918,24/00919,24/00920,24/00921
sample01460,25/00034,25/00035,25/00036,25/00037
sample01461,25/00039,25/00040,25/00041,25/00042
sample01462,25/00040,25/00041,25/00042,25/00043
sample01463,25/00069,25/00070,25/00071,25/00072
sample01464,25/00076,25/00077,25/00078,25/00079
sample01465,25/00077,25/00078,25/00079,25/00080
sample01466,25/00079,25/00080,25/00081,25/00082
sample01467,25/00082,25/00083,25/00084,25/00085
sample01468,25/00138,25/00139,25/00140,25/00141
sample01469,25/00172,25/00173,25/00174,25/00175
sample01470,25/00173,25/00174,25/00175,25/00176
sample01471,25/00180,25/00181,25/00182,25/00183
sample01472,25/00181,25/00182,25/00183,25/00184
sample01473,25/00187,25/00188,25/00189,25/00190
sample01474,25/00193,25/00194,25/00195,25/00196
sample01475,25/00194,25/00195,25/00196,25/00197
sample01476,25/00265,25/00266,25/00267,25/00268
sample01477,25/00271,25/00272,25/00273,25/00274
sample01478,25/00275,25/00276,25/00277,25/00278
sample01479,25/00346,25/00347,25/00348,25/00349
sample01480,25/00347,25/00348,25/00349,25/00350
sample01481,25/00348,25/00349,25/00350,25/00351
sample01482,25/00351,25/00352,25/00353,25/00354
sample01483,25/00365,25/00366,25/00367,25/00368
sample01484,25/00366,25/00367,25/00368,25/00369
sample01485,25/00368,25/00369,25/00370,25/00371
sample01486,25/00369,25/00370,25/00371,25/00372
sample01487,25/00378,25/00379,25/00380,25/00381
sample01488,25/00379,25/00380,25/00381,25/00382
sample01489,25/00389,25/00390,25/00391,25/00392
sample01490,25/00390,25/00391,25/00392,25/00393
sample01491,25/00394,25/00395,25/00396,25/00397
sample01492,25/00414,25/00415,25/00416,25/00417
sample01493,25/00419,25/00420,25/00421,25/00422
sample01494,25/00453,25/00454,25/00455,25/00456
sample01495,25/00464,25/00465,25/00466,25/00467
sample01496,25/00470,25/00471,25/00472,25/00473
sample01497,25/00473,25/00474,25/00475,25/00476
sample01498,25/00535,25/00536,25/00537,25/00538
sample01499,25/00536,25/00537,25/00538,25/00539
sample01500,25/00540,25/00541,25/00542,25/00543
sample01501,25/00559,25/00560,25/00561,25/00562
sample01502,25/00573,25/00574,25/00575,25/00576
sample01503,25/00575,25/00576,25/00577,25/00578
sample01504,25/00585,25/00586,25/00587,25/00588
sample01505,25/00587,25/00588,25/00589,25/00590
sample01506,25/00593,25/00594,25/00595,25/00596
sample01507,25/00610,25/00611,25/00612,25/00613
sample01508,25/00612,25/00613,25/00614,25/00615
sample01509,25/00617,25/00618,25/00619,25/00620
sample01510,25/00622,25/00623,25/00624,25/00625
sample01511,25/00719,25/00720,25/00721,25/00722
sample01512,25/00726,25/00727,25/00728,25/00729
sample01513,25/00730,25/00731,25/00732,25/00733
sample01514,25/00731,25/00732,25/00733,25/00734
sample01515,25/00734,25/00735,25/00736,25/00737
sample01516,25/00736,25/00737,25/00738,25/00739
sample01517,25/00770,25/00771,25/00772,25/00773
sample01518,25/00772,25/00773,25/00774,25/00775
sample01519,25/00775,25/00776,25/00777,25/00778
sample01520,25/00777,25/00778,25/00779,25/00780
sample01521,25/00784,25/00785,25/00786,25/00787
sample01522,25/00789,25/00790,25/00791,25/00792
sample01523,25/00843,25/00844,25/00845,25/00846
sample01524,25/00854,25/00855,25/00856,25/00857
sample01525,25/00867,25/00868,25/00869,25/00870
sample01526,25/00868,25/00869,25/00870,25/00871
sample01527,25/00869,25/00870,25/00871,25/00872
sample01528,25/00889,25/00890,25/00891,25/00892
sample01529,26/00010,26/00011,26/00012,26/00013
sample01530,26/00051,26/00052,26/00053,26/00054
sample01531,26/00066,26/00067,26/00068,26/00069
sample01532,26/00084,26/00085,26/00086,26/00087
sample01533,26/00086,26/00087,26/00088,26/00089
sample01534,26/00087,26/00088,26/00089,26/00090
sample01535,26/00095,26/00096,26/00097,26/00098
sample01536,26/00106,26/00107,26/00108,26/00109
sample01537,26/00112,26/00113,26/00114,26/00115
sample01538,26/00114,26/00115,26/00116,26/00117
sample01539,26/00119,26/00120,26/00121,26/00122
sample01540,26/00120,26/00121,26/00122,26/00123
sample01541,26/00136,26/00137,26/00138,26/00139
sample01542,26/00138,26/00139,26/00140,26/00141
sample01543,26/00143,26/00144,26/00145,26/00146
sample01544,26/00147,26/00148,26/00149,26/00150
sample01545,26/00185,26/00186,26/00187,26/00188
sample01546,26/00186,26/00187,26/00188,26/00189
sample01547,26/00208,26/00209,26/00210,26/00211
sample01548,26/00210,26/00211,26/00212,26/00213
sample01549,26/00212,26/00213,26/00214,26/00215
sample01550,26/00225,26/00226,26/00227,26/00228
sample01551,26/00228,26/00229,26/00230,26/00231
sample01552,26/00229,26/00230,26/00231,26/00232
sample01553,26/00246,26/00247,26/00248,26/00249
sample01554,26/00340,26/00341,26/00342,26/00343
sample01555,26/00344,26/00345,26/00346,26/00347
sample01556,26/00346,26/00347,26/00348,26/00349
sample01557,26/00347,26/00348,26/00349,26/00350
sample01558,26/00348,26/00349,26/00350,26/00351
sample01559,26/00369,26/00370,26/00371,26/00372
sample01560,26/00495,26/00496,26/00497,26/00498
sample01561,26/00500,26/00501,26/00502,26/00503
sample01562,26/00502,26/00503,26/00504,26/00505
sample01563,26/00503,26/00504,26/00505,26/00506
sample01564,26/00511,26/00512,26/00513,26/00514
sample01565,26/00518,26/00519,26/00520,26/00521
sample01566,26/00519,26/00520,26/00521,26/00522
sample01567,26/00520,26/00521,26/00522,26/00523
sample01568,26/00523,26/00524,26/00525,26/00526
sample01569,26/00524,26/00525,26/00526,26/00527
sample01570,26/00542,26/00543,26/00544,26/00545
sample01571,26/00549,26/00550,26/00551,26/00552
sample01572,26/00561,26/00562,26/00563,26/00564
sample01573,26/00637,26/00638,26/00639,26/00640
sample01574,26/00725,26/00726,26/00727,26/00728
sample01575,26/00741,26/00742,26/00743,26/00744
sample01576,26/00744,26/00745,26/00746,26/00747
sample01577,26/00745,26/00746,26/00747,26/00748
sample01578,26/00746,26/00747,26/00748,26/00749
sample01579,26/00816,26/00817,26/00818,26/00819
sample01580,26/00888,26/00889,26/00890,26/00891
sample01581,26/00890,26/00891,26/00892,26/00893
sample01582,27/00192,27/00193,27/00194,27/00195
sample01583,27/00193,27/00194,27/00195,27/00196
sample01584,27/00194,27/00195,27/00196,27/00197
sample01585,27/00205,27/00206,27/00207,27/00208
sample01586,27/00209,27/00210,27/00211,27/00212
sample01587,27/00211,27/00212,27/00213,27/00214
sample01588,27/00212,27/00213,27/00214,27/00215
sample01589,27/00214,27/00215,27/00216,27/00217
sample01590,27/00220,27/00221,27/00222,27/00223
sample01591,27/00224,27/00225,27/00226,27/00227
sample01592,27/00298,27/00299,27/00300,27/00301
sample01593,27/00302,27/00303,27/00304,27/00305
sample01594,27/00315,27/00316,27/00317,27/00318
sample01595,27/00318,27/00319,27/00320,27/00321
sample01596,27/00347,27/00348,27/00349,27/00350
sample01597,27/00534,27/00535,27/00536,27/00537
sample01598,27/00570,27/00571,27/00572,27/00573
sample01599,27/00675,27/00676,27/00677,27/00678
sample01600,27/00683,27/00684,27/00685,27/00686
sample01601,27/00699,27/00700,27/00701,27/00702
sample01602,27/00714,27/00715,27/00716,27/00717
sample01603,27/00724,27/00725,27/00726,27/00727
sample01604,27/00725,27/00726,27/00727,27/00728
sample01605,27/00728,27/00729,27/00730,27/00731
sample01606,27/00730,27/00731,27/00732,27/00733
sample01607,27/00736,27/00737,27/00738,27/00739
sample01608,28/00033,28/00034,28/00035,28/00036
sample01609,28/00034,28/00035,28/00036,28/00037
sample01610,28/00035,28/00036,28/00037,28/00038
sample01611,28/00123,28/00124,28/00125,28/00126
sample01612,28/00124,28/00125,28/00126,28/00127
sample01613,28/00144,28/00145,28/00146,28/00147
sample01614,28/00148,28/00149,28/00150,28/00151
sample01615,28/00149,28/00150,28/00151,28/00152
sample01616,28/00206,28/00207,28/00208,28/00209
sample01617,28/00214,28/00215,28/00216,28/00217
sample01618,28/00228,28/00229,28/00230,28/00231
sample01619,28/00233,28/00234,28/00235,28/00236
sample01620,28/00234,28/00235,28/00236,28/00237
sample01621,28/00242,28/00243,28/00244,28/00245
sample01622,28/00243,28/00244,28/00245,28/00246
sample01623,28/00245,28/00246,28/00247,28/00248
sample01624,28/00281,28/00282,28/00283,28/00284
sample01625,28/00304,28/00305,28/00306,28/00307
sample01626,28/00308,28/00309,28/00310,28/00311
sample01627,28/00309,28/00310,28/00311,28/00312
sample01628,28/00344,28/00345,28/00346,28/00347
sample01629,28/00345,28/00346,28/00347,28/00348
sample01630,28/00348,28/00349,28/00350,28/00351
sample01631,28/00351,28/00352,28/00353,28/00354
sample01632,28/00379,28/00380,28/00381,28/00382
sample01633,28/00401,28/00402,28/00403,28/00404
sample01634,28/00496,28/00497,28/00498,28/00499
sample01635,28/00503,28/00504,28/00505,28/00506
sample01636,28/00542,28/00543,28/00544,28/00545
sample01637,28/00543,28/00544,28/00545,28/00546
sample01638,28/00553,28/00554,28/00555,28/00556
sample01639,28/00554,28/00555,28/00556,28/00557
sample01640,29/00124,29/00125,29/00126,29/00127
sample01641,29/00198,29/00199,29/00200,29/00201
sample01642,29/00240,29/00241,29/00242,29/00243
sample01643,29/00241,29/00242,29/00243,29/00244
sample01644,29/00257,29/00258,29/00259,29/00260
sample01645,29/00428,29/00429,29/00430,29/00431
sample01646,29/00448,29/00449,29/00450,29/00451
sample01647,29/00462,29/00463,29/00464,29/00465
sample01648,29/00465,29/00466,29/00467,29/00468
sample01649,29/00466,29/00467,29/00468,29/00469
sample01650,29/00467,29/00468,29/00469,29/00470
sample01651,29/00528,29/00529,29/00530,29/00531
sample01652,29/00611,29/00612,29/00613,29/00614
sample01653,29/00613,29/00614,29/00615,29/00616
sample01654,29/00614,29/00615,29/00616,29/00617
sample01655,29/00615,29/00616,29/00617,29/00618
sample01656,29/00624,29/00625,29/00626,29/00627
sample01657,30/00129,30/00130,30/00131,30/00132
sample01658,30/00134,30/00135,30/00136,30/00137
sample01659,30/00143,30/00144,30/00145,30/00146
sample01660,30/00145,30/00146,30/00147,30/00148
sample01661,30/00174,30/00175,30/00176,30/00177
sample01662,30/00175,30/00176,30/00177,30/00178
sample01663,30/00179,30/00180,30/00181,30/00182
sample01664,30/00184,30/00185,30/00186,30/00187
sample01665,30/00186,30/00187,30/00188,30/00189
sample01666,30/00187,30/00188,30/00189,30/00190
sample01667,30/00189,30/00190,30/00191,30/00192
sample01668,30/00198,30/00199,30/00200,30/00201
sample01669,30/00205,30/00206,30/00207,30/00208
sample01670,30/00216,30/00217,30/00218,30/00219
sample01671,30/00217,30/00218,30/00219,30/00220
sample01672,30/00221,30/00222,30/00223,30/00224
sample01673,30/00227,30/00228,30/00229,30/00230
sample01674,30/00323,30/00324,30/00325,30/00326
sample01675,30/00405,30/00406,30/00407,30/00408
sample01676,30/00408,30/00409,30/00410,30/00411
sample01677,30/00410,30/00411,30/00412,30/00413
sample01678,30/00412,30/00413,30/00414,30/00415
sample01679,30/00443,30/00444,30/00445,30/00446
sample01680,30/00445,30/00446,30/00447,30/00448
sample01681,30/00462,30/00463,30/00464,30/00465
sample01682,30/00492,30/00493,30/00494,30/00495
sample01683,30/00494,30/00495,30/00496,30/00497
sample01684,30/00502,30/00503,30/00504,30/00505
sample01685,30/00503,30/00504,30/00505,30/00506
sample01686,30/00512,30/00513,30/00514,30/00515
sample01687,30/00520,30/00521,30/00522,30/00523
sample01688,30/00539,30/00540,30/00541,30/00542
sample01689,30/00630,30/00631,30/00632,30/00633
sample01690,30/00631,30/00632,30/00633,30/00634
sample01691,30/00662,30/00663,30/00664,30/00665
sample01692,30/00668,30/00669,30/00670,30/00671
sample01693,30/00671,30/00672,30/00673,30/00674
sample01694,30/00686,30/00687,30/00688,30/00689
sample01695,30/00692,30/00693,30/00694,30/00695
sample01696,30/00693,30/00694,30/00695,30/00696
sample01697,30/00697,30/00698,30/00699,30/00700
sample01698,30/00698,30/00699,30/00700,30/00701
sample01699,30/00713,30/00714,30/00715,30/00716
sample01700,30/00714,30/00715,30/00716,30/00717
sample01701,30/00715,30/00716,30/00717,30/00718
sample01702,30/00717,30/00718,30/00719,30/00720
sample01703,30/00726,30/00727,30/00728,30/00729
sample01704,30/00729,30/00730,30/00731,30/00732
sample01705,30/00734,30/00735,30/00736,30/00737
sample01706,30/00736,30/00737,30/00738,30/00739
sample01707,30/00737,30/00738,30/00739,30/00740
sample01708,30/00738,30/00739,30/00740,30/00741
sample01709,30/00739,30/00740,30/00741,30/00742
sample01710,30/00745,30/00746,30/00747,30/00748
sample01711,30/00746,30/00747,30/00748,30/00749
sample01712,30/00747,30/00748,30/00749,30/00750
sample01713,30/00752,30/00753,30/00754,30/00755
sample01714,30/00753,30/00754,30/00755,30/00756
sample01715,30/00754,30/00755,30/00756,30/00757
sample01716,30/00755,30/00756,30/00757,30/00758
sample01717,30/00757,30/00758,30/00759,30/00760
sample01718,30/00774,30/00775,30/00776,30/00777
sample01719,31/00030,31/00031,31/00032,31/00033
sample01720,31/00031,31/00032,31/00033,31/00034
sample01721,31/00032,31/00033,31/00034,31/00035
sample01722,31/00037,31/00038,31/00039,31/00040
sample01723,31/00038,31/00039,31/00040,31/00041
sample01724,31/00040,31/00041,31/00042,31/00043
sample01725,31/00041,31/00042,31/00043,31/00044
sample01726,31/00050,31/00051,31/00052,31/00053
sample01727,31/00051,31/00052,31/00053,31/00054
sample01728,31/00057,31/00058,31/00059,31/00060
sample01729,31/00059,31/00060,31/00061,31/00062
sample01730,31/00070,31/00071,31/00072,31/00073
sample01731,31/00102,31/00103,31/00104,31/00105
sample01732,31/00103,31/00104,31/00105,31/00106
sample01733,31/00114,31/00115,31/00116,31/00117
sample01734,31/00117,31/00118,31/00119,31/00120
sample01735,31/00119,31/00120,31/00121,31/00122
sample01736,31/00121,31/00122,31/00123,31/00124
sample01737,31/00124,31/00125,31/00126,31/00127
sample01738,31/00126,31/00127,31/00128,31/00129
sample01739,31/00226,31/00227,31/00228,31/00229
sample01740,31/00256,31/00257,31/00258,31/00259
sample01741,31/00259,31/00260,31/00261,31/00262
sample01742,31/00278,31/00279,31/00280,31/00281
sample01743,31/00425,31/00426,31/00427,31/00428
sample01744,31/00426,31/00427,31/00428,31/00429
sample01745,31/00428,31/00429,31/00430,31/00431
sample01746,31/00430,31/00431,31/00432,31/00433
sample01747,31/00588,31/00589,31/00590,31/00591
sample01748,31/00610,31/00611,31/00612,31/00613
sample01749,31/00621,31/00622,31/00623,31/00624
sample01750,31/00624,31/00625,31/00626,31/00627
sample01751,31/00636,31/00637,31/00638,31/00639
sample01752,32/00073,32/00074,32/00075,32/00076
sample01753,32/00100,32/00101,32/00102,32/00103
sample01754,32/00104,32/00105,32/00106,32/00107
sample01755,32/00146,32/00147,32/00148,32/00149
sample01756,32/00158,32/00159,32/00160,32/00161
sample01757,32/00287,32/00288,32/00289,32/00290
sample01758,32/00288,32/00289,32/00290,32/00291
sample01759,32/00289,32/00290,32/00291,32/00292
sample01760,32/00295,32/00296,32/00297,32/00298
sample01761,32/00296,32/00297,32/00298,32/00299
sample01762,32/00299,32/00300,32/00301,32/00302
sample01763,32/00301,32/00302,32/00303,32/00304
sample01764,32/00318,32/00319,32/00320,32/00321
sample01765,32/00319,32/00320,32/00321,32/00322
sample01766,32/00334,32/00335,32/00336,32/00337
sample01767,32/00348,32/00349,32/00350,32/00351
sample01768,32/00351,32/00352,32/00353,32/00354
sample01769,32/00395,32/00396,32/00397,32/00398
sample01770,32/00398,32/00399,32/00400,32/00401
sample01771,32/00405,32/00406,32/00407,32/00408
sample01772,32/00408,32/00409,32/00410,32/00411
sample01773,32/00418,32/00419,32/00420,32/00421
sample01774,32/00419,32/00420,32/00421,32/00422
sample01775,32/00420,32/00421,32/00422,32/00423
sample01776,32/00427,32/00428,32/00429,32/00430
sample01777,32/00428,32/00429,32/00430,32/00431
sample01778,32/00438,32/00439,32/00440,32/00441
sample01779,32/00439,32/00440,32/00441,32/00442
sample01780,32/00443,32/00444,32/00445,32/00446
sample01781,32/00450,32/00451,32/00452,32/00453
sample01782,32/00520,32/00521,32/00522,32/00523
sample01783,32/00523,32/00524,32/00525,32/00526
sample01784,32/00525,32/00526,32/00527,32/00528
sample01785,32/00526,32/00527,32/00528,32/00529
sample01786,32/00527,32/00528,32/00529,32/00530
sample01787,32/00546,32/00547,32/00548,32/00549
sample01788,32/00582,32/00583,32/00584,32/00585
sample01789,32/00632,32/00633,32/00634,32/00635
sample01790,32/00633,32/00634,32/00635,32/00636
sample01791,32/00634,32/00635,32/00636,32/00637
sample01792,32/00635,32/00636,32/00637,32/00638
sample01793,32/00647,32/00648,32/00649,32/00650
sample01794,32/00689,32/00690,32/00691,32/00692
sample01795,32/00703,32/00704,32/00705,32/00706
sample01796,33/00057,33/00058,33/00059,33/00060
sample01797,33/00059,33/00060,33/00061,33/00062
sample01798,33/00060,33/00061,33/00062,33/00063
sample01799,33/00065,33/00066,33/00067,33/00068
sample01800,33/00067,33/00068,33/00069,33/00070
sample01801,33/00092,33/00093,33/00094,33/00095
sample01802,33/00095,33/00096,33/00097,33/00098
sample01803,33/00102,33/00103,33/00104,33/00105
sample01804,33/00103,33/00104,33/00105,33/00106
sample01805,33/00185,33/00186,33/00187,33/00188
sample01806,33/00196,33/00197,33/00198,33/00199
sample01807,33/00197,33/00198,33/00199,33/00200
sample01808,33/00199,33/00200,33/00201,33/00202
sample01809,33/00206,33/00207,33/00208,33/00209
sample01810,33/00207,33/00208,33/00209,33/00210
sample01811,33/00211,33/00212,33/00213,33/00214
sample01812,33/00212,33/00213,33/00214,33/00215
sample01813,33/00221,33/00222,33/00223,33/00224
sample01814,33/00238,33/00239,33/00240,33/00241
sample01815,33/00241,33/00242,33/00243,33/00244
sample01816,33/00242,33/00243,33/00244,33/00245
sample01817,33/00244,33/00245,33/00246,33/00247
sample01818,33/00245,33/00246,33/00247,33/00248
sample01819,33/00246,33/00247,33/00248,33/00249
sample01820,33/00256,33/00257,33/00258,33/00259
sample01821,33/00420,33/00421,33/00422,33/00423
sample01822,33/00440,33/00441,33/00442,33/00443
sample01823,33/00441,33/00442,33/00443,33/00444
sample01824,33/00448,33/00449,33/00450,33/00451
sample01825,33/00449,33/00450,33/00451,33/00452
sample01826,33/00452,33/00453,33/00454,33/00455
sample01827,33/00454,33/00455,33/00456,33/00457
sample01828,33/00456,33/00457,33/00458,33/00459
sample01829,33/00457,33/00458,33/00459,33/00460
sample01830,33/00463,33/00464,33/00465,33/00466
sample01831,33/00464,33/00465,33/00466,33/00467
sample01832,33/00466,33/00467,33/00468,33/00469
sample01833,33/00467,33/00468,33/00469,33/00470
sample01834,33/00468,33/00469,33/00470,33/00471
sample01835,33/00469,33/00470,33/00471,33/00472
sample01836,33/00479,33/00480,33/00481,33/00482
sample01837,33/00485,33/00486,33/00487,33/00488
sample01838,33/00486,33/00487,33/00488,33/00489
sample01839,33/00487,33/00488,33/00489,33/00490
sample01840,33/00488,33/00489,33/00490,33/00491
sample01841,33/00491,33/00492,33/00493,33/00494
sample01842,33/00503,33/00504,33/00505,33/00506
sample01843,33/00505,33/00506,33/00507,33/00508
sample01844,33/00508,33/00509,33/00510,33/00511
sample01845,33/00516,33/00517,33/00518,33/00519
sample01846,33/00558,33/00559,33/00560,33/00561
sample01847,33/00560,33/00561,33/00562,33/00563
sample01848,33/00561,33/00562,33/00563,33/00564
sample01849,33/00562,33/00563,33/00564,33/00565
sample01850,33/00585,33/00586,33/00587,33/00588
sample01851,33/00596,33/00597,33/00598,33/00599
sample01852,33/00598,33/00599,33/00600,33/00601
sample01853,33/00601,33/00602,33/00603,33/00604
sample01854,33/00607,33/00608,33/00609,33/00610
sample01855,33/00608,33/00609,33/00610,33/00611
sample01856,33/00610,33/00611,33/00612,33/00613
sample01857,34/00047,34/00048,34/00049,34/00050
sample01858,34/00104,34/00105,34/00106,34/00107
sample01859,34/00119,34/00120,34/00121,34/00122
sample01860,34/00137,34/00138,34/00139,34/00140
sample01861,34/00143,34/00144,34/00145,34/00146
sample01862,34/00218,34/00219,34/00220,34/00221
sample01863,34/00222,34/00223,34/00224,34/00225
sample01864,34/00347,34/00348,34/00349,34/00350
sample01865,34/00351,34/00352,34/00353,34/00354
sample01866,34/00356,34/00357,34/00358,34/00359
sample01867,34/00357,34/00358,34/00359,34/00360
sample01868,34/00417,34/00418,34/00419,34/00420
sample01869,34/00428,34/00429,34/00430,34/00431
sample01870,34/00449,34/00450,34/00451,34/00452
sample01871,34/00464,34/00465,34/00466,34/00467
sample01872,34/00475,34/00476,34/00477,34/00478
sample01873,34/00476,34/00477,34/00478,34/00479
sample01874,34/00481,34/00482,34/00483,34/00484
sample01875,34/00517,34/00518,34/00519,34/00520
sample01876,34/00518,34/00519,34/00520,34/00521
sample01877,34/00524,34/00525,34/00526,34/00527
sample01878,34/00529,34/00530,34/00531,34/00532
sample01879,34/00541,34/00542,34/00543,34/00544
sample01880,34/00542,34/00543,34/00544,34/00545
sample01881,34/00560,34/00561,34/00562,34/00563
sample01882,34/00863,34/00864,34/00865,34/00866
sample01883,35/00045,35/00046,35/00047,35/00048
sample01884,35/00047,35/00048,35/00049,35/00050
sample01885,35/00049,35/00050,35/00051,35/00052
sample01886,35/00055,35/00056,35/00057,35/00058
sample01887,35/00056,35/00057,35/00058,35/00059
sample01888,35/00057,35/00058,35/00059,35/00060
sample01889,35/00084,35/00085,35/00086,35/00087
sample01890,35/00086,35/00087,35/00088,35/00089
sample01891,35/00092,35/00093,35/00094,35/00095
sample01892,35/00095,35/00096,35/00097,35/00098
sample01893,35/00111,35/00112,35/00113,35/00114
sample01894,35/00127,35/00128,35/00129,35/00130
sample01895,35/00166,35/00167,35/00168,35/00169
sample01896,35/00177,35/00178,35/00179,35/00180
sample01897,35/00180,35/00181,35/00182,35/00183
sample01898,35/00181,35/00182,35/00183,35/00184
sample01899,35/00183,35/00184,35/00185,35/00186
sample01900,35/00184,35/00185,35/00186,35/00187
sample01901,35/00185,35/00186,35/00187,35/00188
sample01902,35/00209,35/00210,35/00211,35/00212
sample01903,35/00210,35/00211,35/00212,35/00213
sample01904,35/00308,35/00309,35/00310,35/00311
sample01905,35/00312,35/00313,35/00314,35/00315
sample01906,35/00319,35/00320,35/00321,35/00322
sample01907,35/00324,35/00325,35/00326,35/00327
sample01908,35/00325,35/00326,35/00327,35/00328
sample01909,35/00329,35/00330,35/00331,35/00332
sample01910,35/00331,35/00332,35/00333,35/00334
sample01911,35/00333,35/00334,35/00335,35/00336
sample01912,35/00339,35/00340,35/00341,35/00342
sample01913,35/00340,35/00341,35/00342,35/00343
sample01914,35/00341,35/00342,35/00343,35/00344
sample01915,35/00346,35/00347,35/00348,35/00349
sample01916,35/00353,35/00354,35/00355,35/00356
sample01917,35/00354,35/00355,35/00356,35/00357
sample01918,35/00358,35/00359,35/00360,35/00361
sample01919,35/00361,35/00362,35/00363,35/00364
sample01920,35/00364,35/00365,35/00366,35/00367
sample01921,35/00373,35/00374,35/00375,35/00376
sample01922,35/00425,35/00426,35/00427,35/00428
sample01923,35/00426,35/00427,35/00428,35/00429
sample01924,35/00431,35/00432,35/00433,35/00434
sample01925,35/00437,35/00438,35/00439,35/00440
sample01926,35/00438,35/00439,35/00440,35/00441
sample01927,35/00439,35/00440,35/00441,35/00442
sample01928,35/00447,35/00448,35/00449,35/00450
sample01929,35/00448,35/00449,35/00450,35/00451
sample01930,35/00452,35/00453,35/00454,35/00455
sample01931,35/00464,35/00465,35/00466,35/00467
sample01932,35/00468,35/00469,35/00470,35/00471
sample01933,35/00471,35/00472,35/00473,35/00474
sample01934,35/00493,35/00494,35/00495,35/00496
sample01935,35/00494,35/00495,35/00496,35/00497
sample01936,35/00567,35/00568,35/00569,35/00570
sample01937,35/00569,35/00570,35/00571,35/00572
sample01938,35/00571,35/00572,35/00573,35/00574
sample01939,35/00573,35/00574,35/00575,35/00576
sample01940,35/00620,35/00621,35/00622,35/00623
sample01941,35/00634,35/00635,35/00636,35/00637
sample01942,35/00635,35/00636,35/00637,35/00638
sample01943,35/00649,35/00650,35/00651,35/00652
sample01944,35/00688,35/00689,35/00690,35/00691
sample01945,35/00714,35/00715,35/00716,35/00717
sample01946,35/00716,35/00717,35/00718,35/00719
sample01947,35/00718,35/00719,35/00720,35/00721
sample01948,36/00269,36/00270,36/00271,36/00272
sample01949,36/00270,36/00271,36/00272,36/00273
sample01950,36/00272,36/00273,36/00274,36/00275
sample01951,36/00338,36/00339,36/00340,36/00341
sample01952,36/00344,36/00345,36/00346,36/00347
sample01953,36/00376,36/00377,36/00378,36/00379
sample01954,36/00411,36/00412,36/00413,36/00414
sample01955,36/00419,36/00420,36/00421,36/00422
sample01956,36/00420,36/00421,36/00422,36/00423
sample01957,36/00421,36/00422,36/00423,36/00424
sample01958,36/00423,36/00424,36/00425,36/00426
sample01959,36/00424,36/00425,36/00426,36/00427
sample01960,36/00440,36/00441,36/00442,36/00443
sample01961,36/00454,36/00455,36/00456,36/00457
sample01962,36/00458,36/00459,36/00460,36/00461
sample01963,36/00459,36/00460,36/00461,36/00462
sample01964,36/00460,36/00461,36/00462,36/00463
sample01965,36/00462,36/00463,36/00464,36/00465
sample01966,36/00471,36/00472,36/00473,36/00474
sample01967,36/00473,36/00474,36/00475,36/00476
sample01968,36/00474,36/00475,36/00476,36/00477
sample01969,36/00476,36/00477,36/00478,36/00479
sample01970,36/00477,36/00478,36/00479,36/00480
sample01971,36/00480,36/00481,36/00482,36/00483
sample01972,36/00481,36/00482,36/00483,36/00484
sample01973,36/00482,36/00483,36/00484,36/00485
sample01974,36/00484,36/00485,36/00486,36/00487
sample01975,36/00485,36/00486,36/00487,36/00488
sample01976,36/00487,36/00488,36/00489,36/00490
sample01977,36/00489,36/00490,36/00491,36/00492
sample01978,36/00495,36/00496,36/00497,36/00498
sample01979,36/00500,36/00501,36/00502,36/00503
sample01980,36/00501,36/00502,36/00503,36/00504
sample01981,36/00503,36/00504,36/00505,36/00506
sample01982,36/00504,36/00505,36/00506,36/00507
sample01983,36/00506,36/00507,36/00508,36/00509
sample01984,36/00507,36/00508,36/00509,36/00510
sample01985,36/00514,36/00515,36/00516,36/00517
sample01986,36/00519,36/00520,36/00521,36/00522
sample01987,36/00607,36/00608,36/00609,36/00610
sample01988,36/00620,36/00621,36/00622,36/00623
sample01989,36/00623,36/00624,36/00625,36/00626
sample01990,36/00624,36/00625,36/00626,36/00627
sample01991,36/00625,36/00626,36/00627,36/00628
sample01992,36/00626,36/00627,36/00628,36/00629
sample01993,36/00632,36/00633,36/00634,36/00635
sample01994,36/00636,36/00637,36/00638,36/00639
sample01995,36/00639,36/00640,36/00641,36/00642
sample01996,36/00641,36/00642,36/00643,36/00644
sample01997,36/00644,36/00645,36/00646,36/00647
sample01998,36/00645,36/00646,36/00647,36/00648
sample01999,36/00646,36/00647,36/00648,36/00649
sample02000,36/00647,36/00648,36/00649,36/00650
sample02001,36/00667,36/00668,36/00669,36/00670
sample02002,36/00668,36/00669,36/00670,36/00671
sample02003,36/00669,36/00670,36/00671,36/00672
sample02004,36/00677,36/00678,36/00679,36/00680
sample02005,36/00680,36/00681,36/00682,36/00683
sample02006,36/00681,36/00682,36/00683,36/00684
sample02007,36/00684,36/00685,36/00686,36/00687
sample02008,36/00689,36/00690,36/00691,36/00692
sample02009,36/00691,36/00692,36/00693,36/00694
sample02010,36/00694,36/00695,36/00696,36/00697
sample02011,36/00775,36/00776,36/00777,36/00778
sample02012,36/00778,36/00779,36/00780,36/00781
sample02013,36/00779,36/00780,36/00781,36/00782
sample02014,36/00780,36/00781,36/00782,36/00783
sample02015,36/00868,36/00869,36/00870,36/00871
sample02016,36/00907,36/00908,36/00909,36/00910
sample02017,36/00908,36/00909,36/00910,36/00911
sample02018,36/00918,36/00919,36/00920,36/00921
sample02019,36/00920,36/00921,36/00922,36/00923
sample02020,36/00923,36/00924,36/00925,36/00926
sample02021,36/00930,36/00931,36/00932,36/00933
sample02022,36/00931,36/00932,36/00933,36/00934
sample02023,37/00060,37/00061,37/00062,37/00063
sample02024,37/00077,37/00078,37/00079,37/00080
sample02025,37/00101,37/00102,37/00103,37/00104
sample02026,37/00105,37/00106,37/00107,37/00108
sample02027,37/00106,37/00107,37/00108,37/00109
sample02028,37/00107,37/00108,37/00109,37/00110
sample02029,37/00111,37/00112,37/00113,37/00114
sample02030,37/00112,37/00113,37/00114,37/00115
sample02031,37/00118,37/00119,37/00120,37/00121
sample02032,37/00119,37/00120,37/00121,37/00122
sample02033,37/00130,37/00131,37/00132,37/00133
sample02034,37/00131,37/00132,37/00133,37/00134
sample02035,37/00135,37/00136,37/00137,37/00138
sample02036,37/00222,37/00223,37/00224,37/00225
sample02037,37/00223,37/00224,37/00225,37/00226
sample02038,37/00249,37/00250,37/00251,37/00252
sample02039,37/00252,37/00253,37/00254,37/00255
sample02040,37/00254,37/00255,37/00256,37/00257
sample02041,37/00260,37/00261,37/00262,37/00263
sample02042,37/00261,37/00262,37/00263,37/00264
sample02043,37/00293,37/00294,37/00295,37/00296
sample02044,37/00313,37/00314,37/00315,37/00316
sample02045,37/00346,37/00347,37/00348,37/00349
sample02046,37/00365,37/00366,37/00367,37/00368
sample02047,37/00366,37/00367,37/00368,37/00369
sample02048,37/00367,37/00368,37/00369,37/00370
sample02049,37/00411,37/00412,37/00413,37/00414
sample02050,37/00414,37/00415,37/00416,37/00417
sample02051,37/00415,37/00416,37/00417,37/00418
sample02052,37/00416,37/00417,37/00418,37/00419
sample02053,37/00418,37/00419,37/00420,37/00421
sample02054,37/00464,37/00465,37/00466,37/00467
sample02055,37/00465,37/00466,37/00467,37/00468
sample02056,37/00482,37/00483,37/00484,37/00485
sample02057,37/00483,37/00484,37/00485,37/00486
sample02058,37/00487,37/00488,37/00489,37/00490
sample02059,37/00492,37/00493,37/00494,37/00495
sample02060,37/00500,37/00501,37/00502,37/00503
sample02061,37/00501,37/00502,37/00503,37/00504
sample02062,37/00503,37/00504,37/00505,37/00506
sample02063,37/00507,37/00508,37/00509,37/00510
sample02064,37/00516,37/00517,37/00518,37/00519
sample02065,37/00533,37/00534,37/00535,37/00536
sample02066,37/00537,37/00538,37/00539,37/00540
sample02067,37/00538,37/00539,37/00540,37/00541
sample02068,37/00540,37/00541,37/00542,37/00543
sample02069,37/00541,37/00542,37/00543,37/00544
sample02070,37/00579,37/00580,37/00581,37/00582
sample02071,37/00581,37/00582,37/00583,37/00584
sample02072,37/00584,37/00585,37/00586,37/00587
sample02073,37/00586,37/00587,37/00588,37/00589
sample02074,37/00596,37/00597,37/00598,37/00599
sample02075,37/00628,37/00629,37/00630,37/00631
sample02076,37/00629,37/00630,37/00631,37/00632
sample02077,38/00072,38/00073,38/00074,38/00075
sample02078,38/00074,38/00075,38/00076,38/00077
sample02079,38/00108,38/00109,38/00110,38/00111
sample02080,38/00170,38/00171,38/00172,38/00173
sample02081,38/00203,38/00204,38/00205,38/00206
sample02082,38/00219,38/00220,38/00221,38/00222
sample02083,38/00220,38/00221,38/00222,38/00223
sample02084,38/00224,38/00225,38/00226,38/00227
sample02085,38/00247,38/00248,38/00249,38/00250
sample02086,38/00250,38/00251,38/00252,38/00253
sample02087,38/00288,38/00289,38/00290,38/00291
sample02088,38/00428,38/00429,38/00430,38/00431
sample02089,38/00514,38/00515,38/00516,38/00517
sample02090,38/00532,38/00533,38/00534,38/00535
sample02091,38/00536,38/00537,38/00538,38/00539
sample02092,38/00539,38/00540,38/00541,38/00542
sample02093,38/00540,38/00541,38/00542,38/00543
sample02094,38/00549,38/00550,38/00551,38/00552
sample02095,38/00557,38/00558,38/00559,38/00560
sample02096,38/00558,38/00559,38/00560,38/00561
sample02097,38/00615,38/00616,38/00617,38/00618
sample02098,38/00616,38/00617,38/00618,38/00619
sample02099,38/00655,38/00656,38/00657,38/00658
sample02100,38/00701,38/00702,38/00703,38/00704
sample02101,38/00702,38/00703,38/00704,38/00705
sample02102,39/00052,39/00053,39/00054,39/00055
sample02103,39/00085,39/00086,39/00087,39/00088
sample02104,39/00086,39/00087,39/00088,39/00089
sample02105,39/00096,39/00097,39/00098,39/00099
sample02106,39/00132,39/00133,39/00134,39/00135
sample02107,39/00137,39/00138,39/00139,39/00140
sample02108,39/00140,39/00141,39/00142,39/00143
sample02109,39/00211,39/00212,39/00213,39/00214
sample02110,39/00216,39/00217,39/00218,39/00219
sample02111,39/00218,39/00219,39/00220,39/00221
sample02112,39/00219,39/00220,39/00221,39/00222
sample02113,39/00220,39/00221,39/00222,39/00223
sample02114,39/00224,39/00225,39/00226,39/00227
sample02115,39/00302,39/00303,39/00304,39/00305
sample02116,39/00345,39/00346,39/00347,39/00348
sample02117,39/00405,39/00406,39/00407,39/00408
sample02118,39/00411,39/00412,39/00413,39/00414
sample02119,39/00415,39/00416,39/00417,39/00418
sample02120,39/00416,39/00417,39/00418,39/00419
sample02121,39/00418,39/00419,39/00420,39/00421
sample02122,39/00423,39/00424,39/00425,39/00426
sample02123,39/00515,39/00516,39/00517,39/00518
sample02124,39/00517,39/00518,39/00519,39/00520
sample02125,39/00558,39/00559,39/00560,39/00561
sample02126,39/00559,39/00560,39/00561,39/00562
sample02127,39/00564,39/00565,39/00566,39/00567
sample02128,39/00576,39/00577,39/00578,39/00579
sample02129,39/00584,39/00585,39/00586,39/00587
sample02130,39/00585,39/00586,39/00587,39/00588
sample02131,39/00587,39/00588,39/00589,39/00590
sample02132,39/00706,39/00707,39/00708,39/00709
sample02133,39/00744,39/00745,39/00746,39/00747
sample02134,39/00746,39/00747,39/00748,39/00749
sample02135,39/00747,39/00748,39/00749,39/00750
sample02136,39/00748,39/00749,39/00750,39/00751
sample02137,39/00750,39/00751,39/00752,39/00753
sample02138,39/00756,39/00757,39/00758,39/00759
sample02139,39/00787,39/00788,39/00789,39/00790
sample02140,39/00788,39/00789,39/00790,39/00791
sample02141,39/00826,39/00827,39/00828,39/00829
sample02142,39/00840,39/00841,39/00842,39/00843
sample02143,39/00841,39/00842,39/00843,39/00844
sample02144,39/00845,39/00846,39/00847,39/00848
sample02145,39/00846,39/00847,39/00848,39/00849
sample02146,39/00863,39/00864,39/00865,39/00866
sample02147,39/00865,39/00866,39/00867,39/00868
sample02148,39/00866,39/00867,39/00868,39/00869
sample02149,39/00874,39/00875,39/00876,39/00877
sample02150,40/00036,40/00037,40/00038,40/00039
sample02151,40/00087,40/00088,40/00089,40/00090
sample02152,40/00089,40/00090,40/00091,40/00092
sample02153,40/00092,40/00093,40/00094,40/00095
sample02154,40/00093,40/00094,40/00095,40/00096
sample02155,40/00097,40/00098,40/00099,40/00100
sample02156,40/00104,40/00105,40/00106,40/00107
sample02157,40/00110,40/00111,40/00112,40/00113
sample02158,40/00231,40/00232,40/00233,40/00234
sample02159,40/00239,40/00240,40/00241,40/00242
sample02160,40/00244,40/00245,40/00246,40/00247
sample02161,40/00246,40/00247,40/00248,40/00249
sample02162,40/00288,40/00289,40/00290,40/00291
sample02163,40/00292,40/00293,40/00294,40/00295
sample02164,40/00302,40/00303,40/00304,40/00305
sample02165,40/00303,40/00304,40/00305,40/00306
sample02166,40/00327,40/00328,40/00329,40/00330
sample02167,40/00330,40/00331,40/00332,40/00333
sample02168,40/00333,40/00334,40/00335,40/00336
sample02169,40/00334,40/00335,40/00336,40/00337
sample02170,40/00336,40/00337,40/00338,40/00339
sample02171,40/00339,40/00340,40/00341,40/00342
sample02172,40/00347,40/00348,40/00349,40/00350
sample02173,40/00365,40/00366,40/00367,40/00368
sample02174,40/00366,40/00367,40/00368,40/00369
sample02175,40/00368,40/00369,40/00370,40/00371
sample02176,40/00433,40/00434,40/00435,40/00436
sample02177,40/00434,40/00435,40/00436,40/00437
sample02178,40/00443,40/00444,40/00445,40/00446
sample02179,40/00444,40/00445,40/00446,40/00447
sample02180,40/00476,40/00477,40/00478,40/00479
sample02181,40/00487,40/00488,40/00489,40/00490
sample02182,40/00491,40/00492,40/00493,40/00494
sample02183,40/00492,40/00493,40/00494,40/00495
sample02184,40/00499,40/00500,40/00501,40/00502
sample02185,40/00510,40/00511,40/00512,40/00513
sample02186,40/00521,40/00522,40/00523,40/00524
sample02187,40/00522,40/00523,40/00524,40/00525
sample02188,40/00525,40/00526,40/00527,40/00528
sample02189,40/00529,40/00530,40/00531,40/00532
sample02190,40/00534,40/00535,40/00536,40/00537
sample02191,40/00536,40/00537,40/00538,40/00539
sample02192,40/00537,40/00538,40/00539,40/00540
sample02193,40/00538,40/00539,40/00540,40/00541
sample02194,40/00539,40/00540,40/00541,40/00542
sample02195,40/00591,40/00592,40/00593,40/00594
sample02196,40/00603,40/00604,40/00605,40/00606
sample02197,40/00607,40/00608,40/00609,40/00610
sample02198,40/00658,40/00659,40/00660,40/00661
sample02199,40/00684,40/00685,40/00686,40/00687
sample02200,40/00689,40/00690,40/00691,40/00692
sample02201,40/00690,40/00691,40/00692,40/00693
sample02202,40/00691,40/00692,40/00693,40/00694
sample02203,40/00692,40/00693,40/00694,40/00695
sample02204,40/00695,40/00696,40/00697,40/00698
sample02205,40/00696,40/00697,40/00698,40/00699
sample02206,40/00697,40/00698,40/00699,40/00700
sample02207,40/00698,40/00699,40/00700,40/00701
sample02208,40/00699,40/00700,40/00701,40/00702
sample02209,40/00701,40/00702,40/00703,40/00704
sample02210,41/00173,41/00174,41/00175,41/00176
sample02211,41/00211,41/00212,41/00213,41/00214
sample02212,41/00224,41/00225,41/00226,41/00227
sample02213,41/00245,41/00246,41/00247,41/00248
sample02214,41/00255,41/00256,41/00257,41/00258
sample02215,41/00262,41/00263,41/00264,41/00265
sample02216,41/00265,41/00266,41/00267,41/00268
sample02217,41/00297,41/00298,41/00299,41/00300
sample02218,41/00380,41/00381,41/00382,41/00383
sample02219,41/00385,41/00386,41/00387,41/00388
sample02220,41/00388,41/00389,41/00390,41/00391
sample02221,41/00417,41/00418,41/00419,41/00420
sample02222,41/00418,41/00419,41/00420,41/00421
sample02223,41/00438,41/00439,41/00440,41/00441
sample02224,41/00439,41/00440,41/00441,41/00442
sample02225,41/00468,41/00469,41/00470,41/00471
sample02226,41/00472,41/00473,41/00474,41/00475
sample02227,41/00473,41/00474,41/00475,41/00476
sample02228,41/00502,41/00503,41/00504,41/00505
sample02229,41/00517,41/00518,41/00519,41/00520
sample02230,41/00529,41/00530,41/00531,41/00532
sample02231,41/00530,41/00531,41/00532,41/00533
sample02232,41/00545,41/00546,41/00547,41/00548
sample02233,41/00546,41/00547,41/00548,41/00549
sample02234,41/00552,41/00553,41/00554,41/00555
sample02235,41/00560,41/00561,41/00562,41/00563
sample02236,41/00561,41/00562,41/00563,41/00564
sample02237,41/00624,41/00625,41/00626,41/00627
sample02238,41/00625,41/00626,41/00627,41/00628
sample02239,41/00626,41/00627,41/00628,41/00629
sample02240,41/00629,41/00630,41/00631,41/00632
sample02241,41/00739,41/00740,41/00741,41/00742
sample02242,42/00243,42/00244,42/00245,42/00246
sample02243,42/00244,42/00245,42/00246,42/00247
sample02244,42/00258,42/00259,42/00260,42/00261
sample02245,42/00262,42/00263,42/00264,42/00265
sample02246,42/00263,42/00264,42/00265,42/00266
sample02247,42/00330,42/00331,42/00332,42/00333
sample02248,42/00331,42/00332,42/00333,42/00334
sample02249,42/00334,42/00335,42/00336,42/00337
sample02250,42/00354,42/00355,42/00356,42/00357
sample02251,42/00385,42/00386,42/00387,42/00388
sample02252,42/00387,42/00388,42/00389,42/00390
sample02253,42/00389,42/00390,42/00391,42/00392
sample02254,42/00399,42/00400,42/00401,42/00402
sample02255,42/00438,42/00439,42/00440,42/00441
sample02256,42/00484,42/00485,42/00486,42/00487
sample02257,42/00486,42/00487,42/00488,42/00489
sample02258,42/00487,42/00488,42/00489,42/00490
sample02259,42/00571,42/00572,42/00573,42/00574
sample02260,42/00587,42/00588,42/00589,42/00590
sample02261,42/00588,42/00589,42/00590,42/00591
sample02262,42/00608,42/00609,42/00610,42/00611
sample02263,42/00718,42/00719,42/00720,42/00721
sample02264,43/00185,43/00186,43/00187,43/00188
sample02265,43/00186,43/00187,43/00188,43/00189
sample02266,43/00188,43/00189,43/00190,43/00191
sample02267,43/00194,43/00195,43/00196,43/00197
sample02268,43/00199,43/00200,43/00201,43/00202
sample02269,43/00202,43/00203,43/00204,43/00205
sample02270,43/00204,43/00205,43/00206,43/00207
sample02271,43/00205,43/00206,43/00207,43/00208
sample02272,43/00216,43/00217,43/00218,43/00219
sample02273,43/00217,43/00218,43/00219,43/00220
sample02274,43/00269,43/00270,43/00271,43/00272
sample02275,43/00326,43/00327,43/00328,43/00329
sample02276,43/00341,43/00342,43/00343,43/00344
sample02277,43/00355,43/00356,43/00357,43/00358
sample02278,43/00362,43/00363,43/00364,43/00365
sample02279,43/00365,43/00366,43/00367,43/00368
sample02280,43/00370,43/00371,43/00372,43/00373
sample02281,43/00391,43/00392,43/00393,43/00394
sample02282,43/00392,43/00393,43/00394,43/00395
sample02283,43/00395,43/00396,43/00397,43/00398
sample02284,43/00396,43/00397,43/00398,43/00399
sample02285,43/00400,43/00401,43/00402,43/00403
sample02286,43/00413,43/00414,43/00415,43/00416
sample02287,43/00442,43/00443,43/00444,43/00445
sample02288,43/00580,43/00581,43/00582,43/00583
sample02289,43/00581,43/00582,43/00583,43/00584
sample02290,43/00583,43/00584,43/00585,43/00586
sample02291,43/00584,43/00585,43/00586,43/00587
sample02292,43/00589,43/00590,43/00591,43/00592
sample02293,43/00590,43/00591,43/00592,43/00593
sample02294,43/00591,43/00592,43/00593,43/00594
sample02295,43/00592,43/00593,43/00594,43/00595
sample02296,43/00642,43/00643,43/00644,43/00645
sample02297,43/00647,43/00648,43/00649,43/00650
sample02298,43/00678,43/00679,43/00680,43/00681
sample02299,43/00680,43/00681,43/00682,43/00683
sample02300,43/00692,43/00693,43/00694,43/00695
sample02301,43/00698,43/00699,43/00700,43/00701
sample02302,44/00155,44/00156,44/00157,44/00158
sample02303,44/00159,44/00160,44/00161,44/00162
sample02304,44/00160,44/00161,44/00162,44/00163
sample02305,44/00163,44/00164,44/00165,44/00166
sample02306,44/00166,44/00167,44/00168,44/00169
sample02307,44/00167,44/00168,44/00169,44/00170
sample02308,44/00170,44/00171,44/00172,44/00173
sample02309,44/00173,44/00174,44/00175,44/00176
sample02310,44/00196,44/00197,44/00198,44/00199
sample02311,44/00197,44/00198,44/00199,44/00200
sample02312,44/00198,44/00199,44/00200,44/00201
sample02313,44/00358,44/00359,44/00360,44/00361
sample02314,44/00434,44/00435,44/00436,44/00437
sample02315,44/00435,44/00436,44/00437,44/00438
sample02316,44/00437,44/00438,44/00439,44/00440
sample02317,44/00469,44/00470,44/00471,44/00472
sample02318,44/00486,44/00487,44/00488,44/00489
sample02319,44/00491,44/00492,44/00493,44/00494
sample02320,44/00599,44/00600,44/00601,44/00602
sample02321,44/00615,44/00616,44/00617,44/00618
sample02322,44/00658,44/00659,44/00660,44/00661
sample02323,45/00087,45/00088,45/00089,45/00090
sample02324,45/00091,45/00092,45/00093,45/00094
sample02325,45/00132,45/00133,45/00134,45/00135
sample02326,45/00133,45/00134,45/00135,45/00136
sample02327,45/00134,45/00135,45/00136,45/00137
sample02328,45/00148,45/00149,45/00150,45/00151
sample02329,45/00216,45/00217,45/00218,45/00219
sample02330,45/00243,45/00244,45/00245,45/00246
sample02331,45/00275,45/00276,45/00277,45/00278
sample02332,45/00285,45/00286,45/00287,45/00288
sample02333,45/00339,45/00340,45/00341,45/00342
sample02334,45/00347,45/00348,45/00349,45/00350
sample02335,45/00378,45/00379,45/00380,45/00381
sample02336,45/00379,45/00380,45/00381,45/00382
sample02337,45/00380,45/00381,45/00382,45/00383
sample02338,45/00406,45/00407,45/00408,45/00409
sample02339,45/00407,45/00408,45/00409,45/00410
sample02340,45/00414,45/00415,45/00416,45/00417
sample02341,45/00419,45/00420,45/00421,45/00422
sample02342,45/00462,45/00463,45/00464,45/00465
sample02343,45/00463,45/00464,45/00465,45/00466
sample02344,45/00581,45/00582,45/00583,45/00584
sample02345,45/00616,45/00617,45/00618,45/00619
sample02346,45/00620,45/00621,45/00622,45/00623
sample02347,45/00621,45/00622,45/00623,45/00624
sample02348,45/00643,45/00644,45/00645,45/00646
sample02349,45/00648,45/00649,45/00650,45/00651
sample02350,45/00649,45/00650,45/00651,45/00652
sample02351,45/00703,45/00704,45/00705,45/00706
sample02352,45/00707,45/00708,45/00709,45/00710
sample02353,45/00708,45/00709,45/00710,45/00711
sample02354,45/00711,45/00712,45/00713,45/00714
sample02355,45/00714,45/00715,45/00716,45/00717
sample02356,45/00734,45/00735,45/00736,45/00737
sample02357,45/00735,45/00736,45/00737,45/00738
sample02358,45/00769,45/00770,45/00771,45/00772
sample02359,45/00793,45/00794,45/00795,45/00796
sample02360,46/00060,46/00061,46/00062,46/00063
sample02361,46/00187,46/00188,46/00189,46/00190
sample02362,46/00208,46/00209,46/00210,46/00211
sample02363,46/00210,46/00211,46/00212,46/00213
sample02364,46/00211,46/00212,46/00213,46/00214
sample02365,46/00212,46/00213,46/00214,46/00215
sample02366,46/00214,46/00215,46/00216,46/00217
sample02367,46/00215,46/00216,46/00217,46/00218
sample02368,46/00250,46/00251,46/00252,46/00253
sample02369,46/00314,46/00315,46/00316,46/00317
sample02370,46/00365,46/00366,46/00367,46/00368
sample02371,46/00371,46/00372,46/00373,46/00374
sample02372,46/00376,46/00377,46/00378,46/00379
sample02373,46/00385,46/00386,46/00387,46/00388
sample02374,46/00559,46/00560,46/00561,46/00562
sample02375,46/00576,46/00577,46/00578,46/00579
sample02376,46/00624,46/00625,46/00626,46/00627
sample02377,46/00679,46/00680,46/00681,46/00682
sample02378,46/00700,46/00701,46/00702,46/00703
sample02379,46/00831,46/00832,46/00833,46/00834
sample02380,47/00050,47/00051,47/00052,47/00053
sample02381,47/00083,47/00084,47/00085,47/00086
sample02382,47/00086,47/00087,47/00088,47/00089
sample02383,47/00102,47/00103,47/00104,47/00105
sample02384,47/00104,47/00105,47/00106,47/00107
sample02385,47/00105,47/00106,47/00107,47/00108
sample02386,47/00106,47/00107,47/00108,47/00109
sample02387,47/00110,47/00111,47/00112,47/00113
sample02388,47/00134,47/00135,47/00136,47/00137
sample02389,47/00135,47/00136,47/00137,47/00138
sample02390,47/00136,47/00137,47/00138,47/00139
sample02391,47/00145,47/00146,47/00147,47/00148
sample02392,47/00149,47/00150,47/00151,47/00152
sample02393,47/00177,47/00178,47/00179,47/00180
sample02394,47/00178,47/00179,47/00180,47/00181
sample02395,47/00180,47/00181,47/00182,47/00183
sample02396,47/00313,47/00314,47/00315,47/00316
sample02397,47/00332,47/00333,47/00334,47/00335
sample02398,47/00378,47/00379,47/00380,47/00381
sample02399,47/00423,47/00424,47/00425,47/00426
sample02400,47/00428,47/00429,47/00430,47/00431
sample02401,47/00429,47/00430,47/00431,47/00432
sample02402,47/00430,47/00431,47/00432,47/00433
sample02403,47/00433,47/00434,47/00435,47/00436
sample02404,47/00469,47/00470,47/00471,47/00472
sample02405,47/00482,47/00483,47/00484,47/00485
sample02406,47/00483,47/00484,47/00485,47/00486
sample02407,47/00502,47/00503,47/00504,47/00505
sample02408,47/00503,47/00504,47/00505,47/00506
sample02409,47/00504,47/00505,47/00506,47/00507
sample02410,47/00508,47/00509,47/00510,47/00511
sample02411,47/00515,47/00516,47/00517,47/00518
sample02412,47/00517,47/00518,47/00519,47/00520
sample02413,47/00519,47/00520,47/00521,47/00522
sample02414,47/00521,47/00522,47/00523,47/00524
sample02415,47/00522,47/00523,47/00524,47/00525
sample02416,47/00532,47/00533,47/00534,47/00535
sample02417,47/00535,47/00536,47/00537,47/00538
sample02418,47/00602,47/00603,47/00604,47/00605
sample02419,47/00603,47/00604,47/00605,47/00606
sample02420,47/00611,47/00612,47/00613,47/00614
sample02421,47/00612,47/00613,47/00614,47/00615
sample02422,47/00628,47/00629,47/00630,47/00631
sample02423,47/00644,47/00645,47/00646,47/00647
sample02424,47/00645,47/00646,47/00647,47/00648
sample02425,47/00648,47/00649,47/00650,47/00651
sample02426,47/00657,47/00658,47/00659,47/00660
sample02427,47/00659,47/00660,47/00661,47/00662
sample02428,47/00660,47/00661,47/00662,47/00663
sample02429,47/00665,47/00666,47/00667,47/00668
sample02430,47/00668,47/00669,47/00670,47/00671
sample02431,47/00670,47/00671,47/00672,47/00673
sample02432,48/00048,48/00049,48/00050,48/00051
sample02433,48/00067,48/00068,48/00069,48/00070
sample02434,48/00104,48/00105,48/00106,48/00107
sample02435,48/00187,48/00188,48/00189,48/00190
sample02436,48/00199,48/00200,48/00201,48/00202
sample02437,48/00213,48/00214,48/00215,48/00216
sample02438,48/00257,48/00258,48/00259,48/00260
sample02439,48/00261,48/00262,48/00263,48/00264
sample02440,48/00262,48/00263,48/00264,48/00265
sample02441,48/00263,48/00264,48/00265,48/00266
sample02442,48/00265,48/00266,48/00267,48/00268
sample02443,48/00274,48/00275,48/00276,48/00277
sample02444,48/00283,48/00284,48/00285,48/00286
sample02445,48/00284,48/00285,48/00286,48/00287
sample02446,48/00285,48/00286,48/00287,48/00288
sample02447,48/00316,48/00317,48/00318,48/00319
sample02448,48/00321,48/00322,48/00323,48/00324
sample02449,48/00372,48/00373,48/00374,48/00375
sample02450,48/00373,48/00374,48/00375,48/00376
sample02451,48/00454,48/00455,48/00456,48/00457
sample02452,48/00504,48/00505,48/00506,48/00507
sample02453,48/00505,48/00506,48/00507,48/00508
sample02454,48/00514,48/00515,48/00516,48/00517
sample02455,48/00542,48/00543,48/00544,48/00545
sample02456,48/00561,48/00562,48/00563,48/00564
sample02457,48/00562,48/00563,48/00564,48/00565
sample02458,48/00567,48/00568,48/00569,48/00570
sample02459,48/00570,48/00571,48/00572,48/00573
sample02460,48/00593,48/00594,48/00595,48/00596
sample02461,48/00621,48/00622,48/00623,48/00624
sample02462,48/00681,48/00682,48/00683,48/00684
sample02463,49/00072,49/00073,49/00074,49/00075
sample02464,49/00079,49/00080,49/00081,49/00082
sample02465,49/00080,49/00081,49/00082,49/00083
sample02466,49/00081,49/00082,49/00083,49/00084
sample02467,49/00088,49/00089,49/00090,49/00091
sample02468,49/00093,49/00094,49/00095,49/00096
sample02469,49/00095,49/00096,49/00097,49/00098
sample02470,49/00158,49/00159,49/00160,49/00161
sample02471,49/00159,49/00160,49/00161,49/00162
sample02472,49/00160,49/00161,49/00162,49/00163
sample02473,49/00161,49/00162,49/00163,49/00164
sample02474,49/00162,49/00163,49/00164,49/00165
sample02475,49/00163,49/00164,49/00165,49/00166
sample02476,49/00165,49/00166,49/00167,49/00168
sample02477,49/00168,49/00169,49/00170,49/00171
sample02478,49/00174,49/00175,49/00176,49/00177
sample02479,49/00184,49/00185,49/00186,49/00187
sample02480,49/00185,49/00186,49/00187,49/00188
sample02481,49/00193,49/00194,49/00195,49/00196
sample02482,49/00194,49/00195,49/00196,49/00197
sample02483,49/00213,49/00214,49/00215,49/00216
sample02484,49/00217,49/00218,49/00219,49/00220
sample02485,49/00219,49/00220,49/00221,49/00222
sample02486,49/00226,49/00227,49/00228,49/00229
sample02487,49/00245,49/00246,49/00247,49/00248
sample02488,49/00251,49/00252,49/00253,49/00254
sample02489,49/00253,49/00254,49/00255,49/00256
sample02490,49/00271,49/00272,49/00273,49/00274
sample02491,49/00277,49/00278,49/00279,49/00280
sample02492,49/00280,49/00281,49/00282,49/00283
sample02493,49/00284,49/00285,49/00286,49/00287
sample02494,49/00287,49/00288,49/00289,49/00290
sample02495,49/00293,49/00294,49/00295,49/00296
sample02496,49/00294,49/00295,49/00296,49/00297
sample02497,49/00299,49/00300,49/00301,49/00302
sample02498,49/00300,49/00301,49/00302,49/00303
sample02499,49/00301,49/00302,49/00303,49/00304
sample02500,49/00315,49/00316,49/00317,49/00318
sample02501,49/00319,49/00320,49/00321,49/00322
sample02502,49/00320,49/00321,49/00322,49/00323
sample02503,49/00332,49/00333,49/00334,49/00335
sample02504,49/00333,49/00334,49/00335,49/00336
sample02505,49/00334,49/00335,49/00336,49/00337
sample02506,49/00337,49/00338,49/00339,49/00340
sample02507,49/00345,49/00346,49/00347,49/00348
sample02508,49/00349,49/00350,49/00351,49/00352
sample02509,49/00350,49/00351,49/00352,49/00353
sample02510,49/00354,49/00355,49/00356,49/00357
sample02511,49/00366,49/00367,49/00368,49/00369
sample02512,49/00384,49/00385,49/00386,49/00387
sample02513,49/00389,49/00390,49/00391,49/00392
sample02514,49/00402,49/00403,49/00404,49/00405
sample02515,49/00509,49/00510,49/00511,49/00512
sample02516,49/00510,49/00511,49/00512,49/00513
sample02517,49/00511,49/00512,49/00513,49/00514
sample02518,49/00514,49/00515,49/00516,49/00517
sample02519,49/00546,49/00547,49/00548,49/00549
sample02520,49/00548,49/00549,49/00550,49/00551
sample02521,49/00549,49/00550,49/00551,49/00552
sample02522,49/00551,49/00552,49/00553,49/00554
sample02523,49/00568,49/00569,49/00570,49/00571
sample02524,49/00589,49/00590,49/00591,49/00592
sample02525,49/00604,49/00605,49/00606,49/00607
sample02526,49/00624,49/00625,49/00626,49/00627
sample02527,49/00699,49/00700,49/00701,49/00702
sample02528,49/00701,49/00702,49/00703,49/00704
sample02529,49/00702,49/00703,49/00704,49/00705
sample02530,49/00703,49/00704,49/00705,49/00706
sample02531,49/00704,49/00705,49/00706,49/00707
sample02532,49/00737,49/00738,49/00739,49/00740
sample02533,49/00738,49/00739,49/00740,49/00741
sample02534,49/00750,49/00751,49/00752,49/00753
sample02535,49/00754,49/00755,49/00756,49/00757
sample02536,49/00755,49/00756,49/00757,49/00758
sample02537,49/00759,49/00760,49/00761,49/00762
sample02538,49/00760,49/00761,49/00762,49/00763
sample02539,50/00034,50/00035,50/00036,50/00037
sample02540,50/00047,50/00048,50/00049,50/00050
sample02541,50/00074,50/00075,50/00076,50/00077
sample02542,50/00078,50/00079,50/00080,50/00081
sample02543,50/00099,50/00100,50/00101,50/00102
sample02544,50/00100,50/00101,50/00102,50/00103
sample02545,50/00105,50/00106,50/00107,50/00108
sample02546,50/00108,50/00109,50/00110,50/00111
sample02547,50/00170,50/00171,50/00172,50/00173
sample02548,50/00205,50/00206,50/00207,50/00208
sample02549,50/00206,50/00207,50/00208,50/00209
sample02550,50/00210,50/00211,50/00212,50/00213
sample02551,50/00245,50/00246,50/00247,50/00248
sample02552,50/00255,50/00256,50/00257,50/00258
sample02553,50/00256,50/00257,50/00258,50/00259
sample02554,50/00265,50/00266,50/00267,50/00268
sample02555,50/00266,50/00267,50/00268,50/00269
sample02556,50/00288,50/00289,50/00290,50/00291
sample02557,50/00298,50/00299,50/00300,50/00301
sample02558,50/00302,50/00303,50/00304,50/00305
sample02559,50/00320,50/00321,50/00322,50/00323
sample02560,50/00324,50/00325,50/00326,50/00327
sample02561,50/00325,50/00326,50/00327,50/00328
sample02562,50/00326,50/00327,50/00328,50/00329
sample02563,50/00328,50/00329,50/00330,50/00331
sample02564,50/00353,50/00354,50/00355,50/00356
sample02565,50/00362,50/00363,50/00364,50/00365
sample02566,50/00363,50/00364,50/00365,50/00366
sample02567,50/00366,50/00367,50/00368,50/00369
sample02568,50/00367,50/00368,50/00369,50/00370
sample02569,50/00373,50/00374,50/00375,50/00376
sample02570,50/00414,50/00415,50/00416,50/00417
sample02571,50/00429,50/00430,50/00431,50/00432
sample02572,50/00431,50/00432,50/00433,50/00434
sample02573,50/00461,50/00462,50/00463,50/00464
sample02574,50/00466,50/00467,50/00468,50/00469
sample02575,50/00475,50/00476,50/00477,50/00478
sample02576,50/00476,50/00477,50/00478,50/00479
sample02577,50/00480,50/00481,50/00482,50/00483
sample02578,50/00492,50/00493,50/00494,50/00495
sample02579,50/00493,50/00494,50/00495,50/00496
sample02580,50/00499,50/00500,50/00501,50/00502
sample02581,50/00564,50/00565,50/00566,50/00567
sample02582,50/00572,50/00573,50/00574,50/00575
sample02583,50/00581,50/00582,50/00583,50/00584
sample02584,50/00583,50/00584,50/00585,50/00586
sample02585,50/00588,50/00589,50/00590,50/00591
sample02586,50/00602,50/00603,50/00604,50/00605
sample02587,50/00609,50/00610,50/00611,50/00612
sample02588,50/00611,50/00612,50/00613,50/00614
sample02589,50/00618,50/00619,50/00620,50/00621
sample02590,50/00633,50/00634,50/00635,50/00636
sample02591,50/00673,50/00674,50/00675,50/00676
sample02592,50/00726,50/00727,50/00728,50/00729
sample02593,50/00736,50/00737,50/00738,50/00739
sample02594,50/00737,50/00738,50/00739,50/00740
sample02595,50/00738,50/00739,50/00740,50/00741
sample02596,50/00756,50/00757,50/00758,50/00759
sample02597,50/00757,50/00758,50/00759,50/00760
sample02598,50/00759,50/00760,50/00761,50/00762
sample02599,50/00761,50/00762,50/00763,50/00764
sample02600,50/00767,50/00768,50/00769,50/00770
sample02601,50/00769,50/00770,50/00771,50/00772
sample02602,50/00770,50/00771,50/00772,50/00773
sample02603,51/00016,51/00017,51/00018,51/00019
sample02604,51/00018,51/00019,51/00020,51/00021
sample02605,51/00020,51/00021,51/00022,51/00023
sample02606,51/00031,51/00032,51/00033,51/00034
sample02607,51/00032,51/00033,51/00034,51/00035
sample02608,51/00039,51/00040,51/00041,51/00042
sample02609,51/00064,51/00065,51/00066,51/00067
sample02610,51/00096,51/00097,51/00098,51/00099
sample02611,51/00101,51/00102,51/00103,51/00104
sample02612,51/00110,51/00111,51/00112,51/00113
sample02613,51/00119,51/00120,51/00121,51/00122
sample02614,51/00120,51/00121,51/00122,51/00123
sample02615,51/00121,51/00122,51/00123,51/00124
sample02616,51/00144,51/00145,51/00146,51/00147
sample02617,51/00145,51/00146,51/00147,51/00148
sample02618,51/00158,51/00159,51/00160,51/00161
sample02619,51/00159,51/00160,51/00161,51/00162
sample02620,51/00197,51/00198,51/00199,51/00200
sample02621,51/00241,51/00242,51/00243,51/00244
sample02622,51/00249,51/00250,51/00251,51/00252
sample02623,51/00274,51/00275,51/00276,51/00277
sample02624,51/00368,51/00369,51/00370,51/00371
sample02625,51/00371,51/00372,51/00373,51/00374
sample02626,51/00372,51/00373,51/00374,51/00375
sample02627,51/00373,51/00374,51/00375,51/00376
sample02628,51/00379,51/00380,51/00381,51/00382
sample02629,51/00380,51/00381,51/00382,51/00383
sample02630,51/00488,51/00489,51/00490,51/00491
sample02631,51/00523,51/00524,51/00525,51/00526
sample02632,51/00532,51/00533,51/00534,51/00535
sample02633,51/00541,51/00542,51/00543,51/00544
sample02634,51/00542,51/00543,51/00544,51/00545
sample02635,51/00550,51/00551,51/00552,51/00553
sample02636,51/00551,51/00552,51/00553,51/00554
sample02637,51/00552,51/00553,51/00554,51/00555
sample02638,51/00553,51/00554,51/00555,51/00556
sample02639,51/00554,51/00555,51/00556,51/00557
sample02640,51/00555,51/00556,51/00557,51/00558
sample02641,51/00576,51/00577,51/00578,51/00579
sample02642,51/00588,51/00589,51/00590,51/00591
sample02643,51/00602,51/00603,51/00604,51/00605
sample02644,51/00603,51/00604,51/00605,51/00606
sample02645,51/00618,51/00619,51/00620,51/00621
sample02646,51/00619,51/00620,51/00621,51/00622
sample02647,51/00620,51/00621,51/00622,51/00623
sample02648,51/00622,51/00623,51/00624,51/00625
sample02649,51/00637,51/00638,51/00639,51/00640
sample02650,51/00642,51/00643,51/00644,51/00645
sample02651,51/00667,51/00668,51/00669,51/00670
sample02652,51/00681,51/00682,51/00683,51/00684
sample02653,51/00692,51/00693,51/00694,51/00695
sample02654,51/00693,51/00694,51/00695,51/00696
sample02655,51/00696,51/00697,51/00698,51/00699
sample02656,51/00697,51/00698,51/00699,51/00700
sample02657,52/00114,52/00115,52/00116,52/00117
sample02658,52/00124,52/00125,52/00126,52/00127
sample02659,52/00125,52/00126,52/00127,52/00128
sample02660,52/00128,52/00129,52/00130,52/00131
sample02661,52/00129,52/00130,52/00131,52/00132
sample02662,52/00130,52/00131,52/00132,52/00133
sample02663,52/00142,52/00143,52/00144,52/00145
sample02664,52/00143,52/00144,52/00145,52/00146
sample02665,52/00157,52/00158,52/00159,52/00160
sample02666,52/00159,52/00160,52/00161,52/00162
sample02667,52/00162,52/00163,52/00164,52/00165
sample02668,52/00163,52/00164,52/00165,52/00166
sample02669,52/00175,52/00176,52/00177,52/00178
sample02670,52/00176,52/00177,52/00178,52/00179
sample02671,52/00232,52/00233,52/00234,52/00235
sample02672,52/00235,52/00236,52/00237,52/00238
sample02673,52/00239,52/00240,52/00241,52/00242
sample02674,52/00240,52/00241,52/00242,52/00243
sample02675,52/00241,52/00242,52/00243,52/00244
sample02676,52/00245,52/00246,52/00247,52/00248
sample02677,52/00250,52/00251,52/00252,52/00253
sample02678,52/00251,52/00252,52/00253,52/00254
sample02679,52/00253,52/00254,52/00255,52/00256
sample02680,52/00254,52/00255,52/00256,52/00257
sample02681,52/00258,52/00259,52/00260,52/00261
sample02682,52/00261,52/00262,52/00263,52/00264
sample02683,52/00262,52/00263,52/00264,52/00265
sample02684,52/00263,52/00264,52/00265,52/00266
sample02685,52/00268,52/00269,52/00270,52/00271
sample02686,52/00284,52/00285,52/00286,52/00287
sample02687,52/00297,52/00298,52/00299,52/00300
sample02688,52/00299,52/00300,52/00301,52/00302
sample02689,52/00301,52/00302,52/00303,52/00304
sample02690,52/00302,52/00303,52/00304,52/00305
sample02691,52/00303,52/00304,52/00305,52/00306
sample02692,52/00343,52/00344,52/00345,52/00346
sample02693,52/00346,52/00347,52/00348,52/00349
sample02694,52/00347,52/00348,52/00349,52/00350
sample02695,52/00349,52/00350,52/00351,52/00352
sample02696,52/00360,52/00361,52/00362,52/00363
sample02697,52/00361,52/00362,52/00363,52/00364
sample02698,52/00370,52/00371,52/00372,52/00373
sample02699,52/00371,52/00372,52/00373,52/00374
sample02700,52/00372,52/00373,52/00374,52/00375
sample02701,52/00374,52/00375,52/00376,52/00377
sample02702,52/00422,52/00423,52/00424,52/00425
sample02703,52/00428,52/00429,52/00430,52/00431
sample02704,52/00429,52/00430,52/00431,52/00432
sample02705,52/00432,52/00433,52/00434,52/00435
sample02706,52/00433,52/00434,52/00435,52/00436
sample02707,52/00471,52/00472,52/00473,52/00474
sample02708,52/00473,52/00474,52/00475,52/00476
sample02709,52/00481,52/00482,52/00483,52/00484
sample02710,52/00482,52/00483,52/00484,52/00485
sample02711,52/00487,52/00488,52/00489,52/00490
sample02712,52/00488,52/00489,52/00490,52/00491
sample02713,52/00490,52/00491,52/00492,52/00493
sample02714,52/00492,52/00493,52/00494,52/00495
sample02715,52/00504,52/00505,52/00506,52/00507
sample02716,52/00506,52/00507,52/00508,52/00509
sample02717,52/00507,52/00508,52/00509,52/00510
sample02718,52/00523,52/00524,52/00525,52/00526
sample02719,52/00524,52/00525,52/00526,52/00527
sample02720,52/00526,52/00527,52/00528,52/00529
sample02721,52/00527,52/00528,52/00529,52/00530
sample02722,52/00528,52/00529,52/00530,52/00531
sample02723,52/00542,52/00543,52/00544,52/00545
sample02724,52/00546,52/00547,52/00548,52/00549
sample02725,52/00549,52/00550,52/00551,52/00552
sample02726,52/00551,52/00552,52/00553,52/00554
sample02727,52/00553,52/00554,52/00555,52/00556
sample02728,52/00555,52/00556,52/00557,52/00558
sample02729,52/00588,52/00589,52/00590,52/00591
sample02730,52/00643,52/00644,52/00645,52/00646
sample02731,52/00655,52/00656,52/00657,52/00658
sample02732,52/00676,52/00677,52/00678,52/00679
sample02733,52/00685,52/00686,52/00687,52/00688
sample02734,52/00693,52/00694,52/00695,52/00696
sample02735,52/00712,52/00713,52/00714,52/00715
sample02736,52/00746,52/00747,52/00748,52/00749
sample02737,52/00747,52/00748,52/00749,52/00750
sample02738,52/00750,52/00751,52/00752,52/00753
sample02739,52/00758,52/00759,52/00760,52/00761
sample02740,52/00768,52/00769,52/00770,52/00771
sample02741,52/00778,52/00779,52/00780,52/00781
sample02742,52/00779,52/00780,52/00781,52/00782
sample02743,52/00781,52/00782,52/00783,52/00784
sample02744,52/00786,52/00787,52/00788,52/00789
sample02745,52/00787,52/00788,52/00789,52/00790
sample02746,53/00019,53/00020,53/00021,53/00022
sample02747,53/00020,53/00021,53/00022,53/00023
sample02748,53/00021,53/00022,53/00023,53/00024
sample02749,53/00031,53/00032,53/00033,53/00034
sample02750,53/00078,53/00079,53/00080,53/00081
sample02751,53/00083,53/00084,53/00085,53/00086
sample02752,53/00085,53/00086,53/00087,53/00088
sample02753,53/00093,53/00094,53/00095,53/00096
sample02754,53/00106,53/00107,53/00108,53/00109
sample02755,53/00142,53/00143,53/00144,53/00145
sample02756,53/00143,53/00144,53/00145,53/00146
sample02757,53/00156,53/00157,53/00158,53/00159
sample02758,53/00158,53/00159,53/00160,53/00161
sample02759,53/00159,53/00160,53/00161,53/00162
sample02760,53/00179,53/00180,53/00181,53/00182
sample02761,53/00182,53/00183,53/00184,53/00185
sample02762,53/00184,53/00185,53/00186,53/00187
sample02763,53/00186,53/00187,53/00188,53/00189
sample02764,53/00192,53/00193,53/00194,53/00195
sample02765,53/00193,53/00194,53/00195,53/00196
sample02766,53/00194,53/00195,53/00196,53/00197
sample02767,53/00197,53/00198,53/00199,53/00200
sample02768,53/00217,53/00218,53/00219,53/00220
sample02769,53/00219,53/00220,53/00221,53/00222
sample02770,53/00226,53/00227,53/00228,53/00229
sample02771,53/00248,53/00249,53/00250,53/00251
sample02772,53/00249,53/00250,53/00251,53/00252
sample02773,53/00250,53/00251,53/00252,53/00253
sample02774,53/00251,53/00252,53/00253,53/00254
sample02775,53/00274,53/00275,53/00276,53/00277
sample02776,53/00286,53/00287,53/00288,53/00289
sample02777,53/00291,53/00292,53/00293,53/00294
sample02778,53/00292,53/00293,53/00294,53/00295
sample02779,53/00293,53/00294,53/00295,53/00296
sample02780,53/00295,53/00296,53/00297,53/00298
sample02781,53/00296,53/00297,53/00298,53/00299
sample02782,53/00391,53/00392,53/00393,53/00394
sample02783,53/00392,53/00393,53/00394,53/00395
sample02784,53/00393,53/00394,53/00395,53/00396
sample02785,53/00398,53/00399,53/00400,53/00401
sample02786,53/00401,53/00402,53/00403,53/00404
sample02787,53/00402,53/00403,53/00404,53/00405
sample02788,53/00432,53/00433,53/00434,53/00435
sample02789,53/00433,53/00434,53/00435,53/00436
sample02790,53/00448,53/00449,53/00450,53/00451
sample02791,53/00454,53/00455,53/00456,53/00457
sample02792,53/00455,53/00456,53/00457,53/00458
sample02793,53/00456,53/00457,53/00458,53/00459
sample02794,53/00460,53/00461,53/00462,53/00463
sample02795,53/00462,53/00463,53/00464,53/00465
sample02796,53/00467,53/00468,53/00469,53/00470
sample02797,53/00470,53/00471,53/00472,53/00473
sample02798,53/00479,53/00480,53/00481,53/00482
sample02799,53/00481,53/00482,53/00483,53/00484
sample02800,53/00482,53/00483,53/00484,53/00485
sample02801,53/00483,53/00484,53/00485,53/00486
sample02802,53/00484,53/00485,53/00486,53/00487
sample02803,53/00486,53/00487,53/00488,53/00489
sample02804,53/00487,53/00488,53/00489,53/00490
sample02805,53/00488,53/00489,53/00490,53/00491
sample02806,53/00489,53/00490,53/00491,53/00492
sample02807,53/00493,53/00494,53/00495,53/00496
sample02808,53/00494,53/00495,53/00496,53/00497
sample02809,53/00503,53/00504,53/00505,53/00506
sample02810,53/00504,53/00505,53/00506,53/00507
sample02811,53/00505,53/00506,53/00507,53/00508
sample02812,53/00506,53/00507,53/00508,53/00509
sample02813,53/00514,53/00515,53/00516,53/00517
sample02814,53/00516,53/00517,53/00518,53/00519
sample02815,53/00519,53/00520,53/00521,53/00522
sample02816,53/00534,53/00535,53/00536,53/00537
sample02817,53/00535,53/00536,53/00537,53/00538
sample02818,53/00550,53/00551,53/00552,53/00553
sample02819,53/00602,53/00603,53/00604,53/00605
sample02820,53/00603,53/00604,53/00605,53/00606
sample02821,53/00605,53/00606,53/00607,53/00608
sample02822,53/00610,53/00611,53/00612,53/00613
sample02823,53/00617,53/00618,53/00619,53/00620
sample02824,53/00634,53/00635,53/00636,53/00637
sample02825,53/00637,53/00638,53/00639,53/00640
sample02826,53/00646,53/00647,53/00648,53/00649
sample02827,53/00650,53/00651,53/00652,53/00653
sample02828,53/00679,53/00680,53/00681,53/00682
sample02829,53/00680,53/00681,53/00682,53/00683
sample02830,53/00686,53/00687,53/00688,53/00689