01/00061,Lip puckerer
33/00060,Lip stretcher &Lips Part
06/00790,Nan
40/00038,Lower lip depressor &Lips Part
08/00220,Nan
02/00621,Lip stretcher &Lips Part
04/00182,Nan
23/00682,Lower lip depressor &Lips Part
40/00247,Nan
35/00364,Lower lip depressor &Lips Part
46/00063,Lower lip depressor &Lips Part
32/00107,Lower lip depressor &Lips Part
02/00107,Lower lip depressor &Lips Part
49/00289,Lip stretcher &Lips Part
49/00514,Lip stretcher &Lips Part
09/00666,Lower lip depressor &Lips Part
17/00705,Lip stretcher &Lips Part
33/00094,Lip stretcher &Lips Part
44/00660,Lower lip depressor &Lips Part
19/00370,Lower lip depressor &Lips Part
53/00109,Lower lip depressor &Lips Part
24/00060,Lip stretcher &Lips Part
15/00497,Lower lip depressor &Lips Part
07/00603,Lower lip depressor &Lips Part
45/00651,Lower lip depressor &Lips Part
30/00688,Nan
37/00420,Lip stretcher &Lips Part
46/00210,Lower lip depressor &Lips Part
25/00588,Upper lip raiser &Lips Part
35/00168,Lower lip depressor &Lips Part
30/00701,Lip stretcher &Lips Part
50/00269,Lip stretcher &Lips Part
49/00282,Lip stretcher &Lips Part
06/00513,Nan
36/00933,Lip stretcher &Lips Part
33/00098,Lower lip depressor &Lips Part
13/00196,Lip stretcher &Lips Part
13/00584,Lip stretcher &Lips Part
15/00641,NoseWrinkler & Lips Part
13/00023,Lower lip depressor &Lips Part
24/00059,Lip stretcher &Lips Part
01/00257,Lower lip depressor &Lips Part
49/00761,Lip stretcher &Lips Part
17/00425,Lip stretcher &Lips Part
15/00167,Lower lip depressor &Lips Part
25/00416,Lower lip depressor &Lips Part
01/00686,Lip stretcher &Lips Part
46/00217,Lip stretcher &Lips Part
41/00440,Nan
07/00138,Lower lip depressor &Lips Part
31/00042,Lower lip depressor &Lips Part
51/00622,Lower lip depressor &Lips Part
07/00637,Nan
11/00247,Chin Raiser
47/00086,Lip stretcher &Lips Part
08/00190,Lower lip depressor &Lips Part
12/00233,Lip stretcher &Lips Part
41/00547,Lower lip depressor &Lips Part
28/00231,Lower lip depressor &Lips Part
23/00809,Lower lip depressor &Lips Part
53/00552,Nan
53/00620,Lip stretcher &Lips Part
40/00342,Lower lip depressor &Lips Part
18/00217,Lip stretcher &Lips Part
09/00529,NoseWrinkler & Lips Part
21/00078,Nan
42/00266,Lower lip depressor &Lips Part
04/00498,Nan
35/00213,Lower lip depressor &Lips Part
03/00462,Nan
19/00589,Lip stretcher &Lips Part
42/00720,Lower lip depressor &Lips Part
06/00725,Nan
25/00174,Lower lip depressor &Lips Part
36/00486,Lower lip depressor &Lips Part
03/00103,Lip stretcher &Lips Part
49/00323,Lower lip depressor &Lips Part
13/00321,Lip stretcher &Lips Part
03/00380,Lower lip depressor &Lips Part
48/00202,Lower lip depressor &Lips Part
16/00619,Lip stretcher &Lips Part
30/00729,Lower lip depressor &Lips Part
38/00172,Lip stretcher &Lips Part
17/00250,Lower lip depressor &Lips Part
30/00447,NoseWrinkler & Lips Part
01/00386,Lower lip depressor &Lips Part
44/00161,Lip stretcher &Lips Part
49/00295,Chin Raiser
26/00108,Lip stretcher &Lips Part
06/00459,Lip puckerer
23/00793,Lower lip depressor &Lips Part
23/00756,Upper lip raiser &Lips Part
03/00461,Lower lip depressor &Lips Part
33/00243,Nan
24/00697,Lip stretcher &Lips Part
50/00477,Lip stretcher &Lips Part
21/00554,Lower lip depressor &Lips Part
04/00539,Nan
04/00215,Nan
03/00570,Nan
10/00131,Lower lip depressor &Lips Part
09/00376,Chin Raiser
33/00213,Lower lip depressor &Lips Part
41/00631,Lower lip depressor &Lips Part
52/00373,Lip stretcher &Lips Part
52/00254,Upper lip raiser &Lips Part
33/00470,Lower lip depressor &Lips Part
17/00668,Lip stretcher &Lips Part
47/00615,Lip stretcher &Lips Part
21/00049,Upper lip raiser &Lips Part
24/00570,Upper lip raiser &Lips Part
08/00213,Upper lip raiser &Lips Part
02/00345,Lower lip depressor &Lips Part
01/00082,Upper lip raiser &Lips Part
01/00089,Upper lip raiser &Lips Part
53/00450,Lower lip depressor &Lips Part
45/00287,Lower lip depressor &Lips Part
52/00748,Lower lip depressor &Lips Part
01/00073,Nan
04/00723,Lip stretcher &Lips Part
21/00832,Lower lip depressor &Lips Part
32/00529,Lip stretcher &Lips Part
40/00246,Lip stretcher &Lips Part
51/00033,Lower lip depressor &Lips Part
02/00511,Lip stretcher &Lips Part
11/00229,Lower lip depressor &Lips Part
02/00250,Chin Raiser
14/00779,Lower lip depressor &Lips Part
03/00633,Upper lip raiser &Lips Part
39/00407,Lower lip depressor &Lips Part
45/00795,Chin Raiser
25/00417,Upper lip raiser &Lips Part
26/00068,Lower lip depressor &Lips Part
49/00357,Lip stretcher &Lips Part
13/00657,Lip stretcher &Lips Part
24/00409,Lip stretcher &Lips Part
47/00519,Lower lip depressor &Lips Part
33/00457,Nan
50/00764,Lower lip depressor &Lips Part
24/00540,Lower lip depressor &Lips Part
35/00442,Lip stretcher &Lips Part
47/00113,Lip stretcher &Lips Part
21/00835,Lower lip depressor &Lips Part
48/00596,Lip stretcher &Lips Part
44/00471,Lip stretcher &Lips Part
02/00269,Lip stretcher &Lips Part
39/00348,Lower lip depressor &Lips Part
05/00167,Lower lip depressor &Lips Part
35/00047,Lower lip depressor &Lips Part
45/00584,Lip stretcher &Lips Part
49/00405,Lip stretcher &Lips Part
07/00245,Nan
52/00645,Lower lip depressor &Lips Part
02/00088,Lower lip depressor &Lips Part
30/00522,Chin Raiser
44/00618,Lower lip depressor &Lips Part
04/00120,Lip stretcher &Lips Part
04/00014,Lower lip depressor &Lips Part
01/00200,Lower lip depressor &Lips Part
01/00540,Nan
01/00651,Lip stretcher &Lips Part
12/00588,Lower lip depressor &Lips Part
10/00454,Lower lip depressor &Lips Part
02/00057,Lower lip depressor &Lips Part
06/00460,Lip puckerer
33/00506,Lip stretcher &Lips Part
11/00213,Lip stretcher &Lips Part
35/00721,Lip stretcher &Lips Part
17/00242,Lower lip depressor &Lips Part
09/00583,Chin Raiser
04/00305,Nan
11/00238,Chin Raiser
05/00404,Lip stretcher &Lips Part
04/00613,Nan
13/00448,NoseWrinkler & Lips Part
01/00090,Lip stretcher &Lips Part
19/00691,Lower lip depressor &Lips Part
47/00148,Lip stretcher &Lips Part
52/00375,Lip stretcher &Lips Part
48/00259,Lower lip depressor &Lips Part
06/00789,Upper lip raiser &Lips Part
25/00774,Lower lip depressor &Lips Part
53/00197,Lip stretcher &Lips Part
17/00022,Lower lip depressor &Lips Part
01/00457,Nan
03/00102,Lip stretcher &Lips Part
52/00116,Lip stretcher &Lips Part
19/00844,Lower lip depressor &Lips Part
33/00507,Upper lip raiser &Lips Part
53/00088,Lip stretcher &Lips Part
27/00300,Lip stretcher &Lips Part
52/00253,NoseWrinkler & Lips Part
23/00878,Lip puckerer
13/00485,Lower lip depressor &Lips Part
50/00364,Lip stretcher &Lips Part
40/00478,Lower lip depressor &Lips Part
09/00876,NoseWrinkler & Lips Part
40/00306,Lower lip depressor &Lips Part
04/00729,Nan
02/00426,Lip stretcher &Lips Part
26/00743,Lower lip depressor &Lips Part
49/00571,Nan
20/00105,Lower lip depressor &Lips Part
52/00374,Lip stretcher &Lips Part
08/00579,Lip puckerer
12/00679,NoseWrinkler & Lips Part
01/00502,Lip stretcher &Lips Part
01/00162,Lip stretcher &Lips Part
07/00633,Lower lip depressor &Lips Part
01/00188,Upper lip raiser &Lips Part
49/00160,Upper lip raiser &Lips Part
18/00355,Lip stretcher &Lips Part
50/00494,Lip stretcher &Lips Part
23/00490,Nan
14/00279,Chin Raiser
10/00092,NoseWrinkler & Lips Part
48/00050,Upper lip raiser &Lips Part
03/00150,Lip puckerer
39/00876,Upper lip raiser &Lips Part
36/00522,Lip stretcher &Lips Part
39/00842,Nan
42/00488,Lip puckerer
20/00717,Upper lip raiser &Lips Part
24/00290,Lip stretcher &Lips Part
21/00103,Lower lip depressor &Lips Part
53/00507,Upper lip raiser &Lips Part
03/00597,Lip stretcher &Lips Part
53/00184,Lip stretcher &Lips Part
22/00770,Lower lip depressor &Lips Part
16/00258,Upper lip raiser &Lips Part
33/00604,Lower lip depressor &Lips Part
26/00054,Lower lip depressor &Lips Part
38/00075,Nan
07/00165,Lower lip depressor &Lips Part
28/00307,Lip stretcher &Lips Part
03/00093,Chin Raiser
52/00425,Lower lip depressor &Lips Part
23/00564,Lower lip depressor &Lips Part
51/00067,Nan
30/00408,Lip stretcher &Lips Part
03/00163,Lip stretcher &Lips Part
16/00918,Lower lip depressor &Lips Part
36/00482,Chin Raiser
01/00557,Lower lip depressor &Lips Part
17/00024,Lip stretcher &Lips Part
01/00574,Lip stretcher &Lips Part
38/00173,Upper lip raiser &Lips Part
53/00436,Nan
37/00107,Lower lip depressor &Lips Part
36/00502,Lower lip depressor &Lips Part
50/00676,Lip stretcher &Lips Part
33/00062,Upper lip raiser &Lips Part
04/00190,Nan
12/00505,Lower lip depressor &Lips Part
43/00680,Lip stretcher &Lips Part
17/00249,Lower lip depressor &Lips Part
19/00463,Chin Raiser
42/00260,NoseWrinkler & Lips Part
35/00098,Lip stretcher &Lips Part
52/00144,Lower lip depressor &Lips Part
07/00347,Lower lip depressor &Lips Part
23/00099,Lip stretcher &Lips Part
52/00303,Lip stretcher &Lips Part
49/00074,Lip stretcher &Lips Part
10/00406,Lip stretcher &Lips Part
47/00436,Lip stretcher &Lips Part
21/00207,Nan
11/00249,Lip stretcher &Lips Part
14/00280,Chin Raiser
25/00182,Lower lip depressor &Lips Part
12/00476,Lip stretcher &Lips Part
07/00634,Nan
01/00205,Lip stretcher &Lips Part
03/00112,Lip stretcher &Lips Part
25/00350,Lower lip depressor &Lips Part
12/00225,Lower lip depressor &Lips Part
01/00491,Lower lip depressor &Lips Part
05/00220,Lower lip depressor &Lips Part
30/00189,Lip stretcher &Lips Part
07/00600,Nan
47/00425,Nan
01/00556,Nan
51/00699,Lower lip depressor &Lips Part
40/00495,Lower lip depressor &Lips Part
33/00241,Lower lip depressor &Lips Part
16/00798,Lip stretcher &Lips Part
01/00274,Upper lip raiser &Lips Part
48/00323,Lip stretcher &Lips Part
10/00045,Lower lip depressor &Lips Part
03/00042,Lip stretcher &Lips Part
52/00424,Lower lip depressor &Lips Part
15/00389,Lower lip depressor &Lips Part
17/00251,Lip stretcher &Lips Part
49/00347,Lip stretcher &Lips Part
14/00319,Upper lip raiser &Lips Part
43/00208,Lower lip depressor &Lips Part
44/00170,Lower lip depressor &Lips Part
40/00606,Lower lip depressor &Lips Part
25/00615,Chin Raiser
30/00448,Lip stretcher &Lips Part
09/00478,Lip puckerer
30/00747,Lower lip depressor &Lips Part
19/00145,Lip stretcher &Lips Part
40/00489,Lower lip depressor &Lips Part
02/00425,Lower lip depressor &Lips Part
21/00192,Lower lip depressor &Lips Part
01/00433,Lower lip depressor &Lips Part
35/00088,Lower lip depressor &Lips Part
13/00445,Lower lip depressor &Lips Part
25/00277,Upper lip raiser &Lips Part
15/00642,Lip stretcher &Lips Part
02/00319,Lip stretcher &Lips Part
01/00449,Lower lip depressor &Lips Part
52/00495,Lower lip depressor &Lips Part
09/00893,NoseWrinkler & Lips Part
52/00304,Lip stretcher &Lips Part
04/00391,Lip stretcher &Lips Part
20/00252,Lip stretcher &Lips Part
37/00254,Lower lip depressor &Lips Part
09/00327,Lip puckerer
01/00074,Lip stretcher &Lips Part
23/00284,Lower lip depressor &Lips Part
21/00348,Nan
13/00411,Nan
50/00365,Lower lip depressor &Lips Part
43/00190,Lower lip depressor &Lips Part
35/00441,Upper lip raiser &Lips Part
47/00106,Upper lip raiser &Lips Part
38/00206,Lip stretcher &Lips Part
45/00710,Lower lip depressor &Lips Part
05/00036,Nan
03/00043,Lip stretcher &Lips Part
09/00581,Chin Raiser
18/00545,Lip stretcher &Lips Part
23/00581,Lower lip depressor &Lips Part
37/00583,Upper lip raiser &Lips Part
03/00296,Lip stretcher &Lips Part
45/00713,Lower lip depressor &Lips Part
01/00632,Lower lip depressor &Lips Part
26/00498,Lower lip depressor &Lips Part
23/00718,Lower lip depressor &Lips Part
25/00273,Upper lip raiser &Lips Part
50/00356,Lower lip depressor &Lips Part
49/00570,Lower lip depressor &Lips Part
50/00081,Lip stretcher &Lips Part
19/00238,Lip stretcher &Lips Part
16/00231,Lip stretcher &Lips Part
15/00480,Lower lip depressor &Lips Part
07/00493,Lip puckerer
13/00078,Lip puckerer
45/00618,Lip stretcher &Lips Part
38/00252,Lower lip depressor &Lips Part
49/00606,Upper lip raiser &Lips Part
05/00054,Lip stretcher &Lips Part
52/00679,Lip stretcher &Lips Part
09/00396,Lower lip depressor &Lips Part
35/00367,Lip stretcher &Lips Part
37/00535,Lip stretcher &Lips Part
47/00112,Lip stretcher &Lips Part
02/00657,Lower lip depressor &Lips Part
33/00599,Lip stretcher &Lips Part
36/00672,Lip stretcher &Lips Part
23/00571,Lower lip depressor &Lips Part
05/00641,Lip stretcher &Lips Part
45/00382,Lower lip depressor &Lips Part
07/00089,Nan
11/00186,Lower lip depressor &Lips Part
06/00063,Lip stretcher &Lips Part
21/00561,Lower lip depressor &Lips Part
50/00207,Lower lip depressor &Lips Part
20/00830,Lower lip depressor &Lips Part
30/00673,Nan
04/00062,Lip puckerer
25/00369,Lower lip depressor &Lips Part
25/00190,Lip stretcher &Lips Part
07/00415,Nan
02/00642,Lip stretcher &Lips Part
21/00221,Lip stretcher &Lips Part
16/00509,Lip stretcher &Lips Part
02/00683,Lip stretcher &Lips Part
50/00369,Lower lip depressor &Lips Part
33/00095,Lip stretcher &Lips Part
53/00649,Chin Raiser
26/00227,Lip stretcher &Lips Part
52/00264,Upper lip raiser &Lips Part
08/00470,Lower lip depressor &Lips Part
09/00400,Lower lip depressor &Lips Part
09/00470,NoseWrinkler & Lips Part
20/00831,Lower lip depressor &Lips Part
22/00816,Upper lip raiser &Lips Part
05/00221,Nan
04/00727,Lip stretcher &Lips Part
17/00649,Upper lip raiser &Lips Part
04/00686,Lower lip depressor &Lips Part
39/00518,Lower lip depressor &Lips Part
34/00527,Nan
05/00092,Upper lip raiser &Lips Part
17/00642,Lip stretcher &Lips Part
48/00573,Lip stretcher &Lips Part
13/00629,Chin Raiser
12/00624,Lower lip depressor &Lips Part
43/00397,Lower lip depressor &Lips Part
26/00371,Lip stretcher &Lips Part
10/00394,Lower lip depressor &Lips Part
28/00035,Lower lip depressor &Lips Part
01/00143,Lower lip depressor &Lips Part
17/00437,Lower lip depressor &Lips Part
34/00220,Lower lip depressor &Lips Part
44/00439,Nan
51/00146,Lower lip depressor &Lips Part
10/00395,Lower lip depressor &Lips Part
37/00536,Lip stretcher &Lips Part
49/00757,Lower lip depressor &Lips Part
16/00253,Lip puckerer
09/00188,Lip puckerer
36/00778,Lower lip depressor &Lips Part
25/00354,Lower lip depressor &Lips Part
26/00069,Lower lip depressor &Lips Part
33/00208,Lip stretcher &Lips Part
47/00521,Nan
37/00368,Lip stretcher &Lips Part
35/00366,Lower lip depressor &Lips Part
03/00579,Nan
18/00230,Lip stretcher &Lips Part
49/00297,Lip stretcher &Lips Part
07/00609,Nan
07/00337,Upper lip raiser &Lips Part
39/00054,Lower lip depressor &Lips Part
21/00178,Upper lip raiser &Lips Part
32/00440,Lower lip depressor &Lips Part
12/00283,Lip stretcher &Lips Part
17/00016,Lower lip depressor &Lips Part
02/00547,Nan
13/00504,Lip stretcher &Lips Part
04/00224,Nan
19/00685,Lower lip depressor &Lips Part
34/00520,Lower lip depressor &Lips Part
05/00079,Lip puckerer
10/00116,NoseWrinkler & Lips Part
53/00485,Lower lip depressor &Lips Part
09/00385,Lower lip depressor &Lips Part
02/00344,Lip stretcher &Lips Part
53/00612,Lower lip depressor &Lips Part
31/00590,Lower lip depressor &Lips Part
35/00315,Lip stretcher &Lips Part
19/00602,Upper lip raiser &Lips Part
26/00640,Lower lip depressor &Lips Part
52/00696,Lower lip depressor &Lips Part
11/00250,Lower lip depressor &Lips Part
09/00669,Lower lip depressor &Lips Part
25/00422,Upper lip raiser &Lips Part
13/00701,NoseWrinkler & Lips Part
03/00056,Lower lip depressor &Lips Part
23/00493,Lower lip depressor &Lips Part
30/00178,Lower lip depressor &Lips Part
30/00145,Lip stretcher &Lips Part
45/00623,Upper lip raiser &Lips Part
52/00162,Lip stretcher &Lips Part
43/00444,Lip stretcher &Lips Part
27/00349,Lower lip depressor &Lips Part
07/00693,Nan
09/00167,Lip stretcher &Lips Part
17/00426,Lower lip depressor &Lips Part
40/00106,Upper lip raiser &Lips Part
51/00684,Lip stretcher &Lips Part
04/00162,Lower lip depressor &Lips Part
05/00782,Nan
13/00457,Lip stretcher &Lips Part
14/00124,Upper lip raiser &Lips Part
38/00705,Upper lip raiser &Lips Part
34/00451,Lower lip depressor &Lips Part
11/00176,Lower lip depressor &Lips Part
04/00488,Nan
03/00309,Nan
02/00509,Lip puckerer
51/00382,Upper lip raiser &Lips Part
13/00446,Lip stretcher &Lips Part
20/00241,Upper lip raiser &Lips Part
37/00630,Lower lip depressor &Lips Part
53/00253,Lip stretcher &Lips Part
47/00181,Lip stretcher &Lips Part
16/00729,Lower lip depressor &Lips Part
16/00236,Upper lip raiser &Lips Part
09/00624,Lower lip depressor &Lips Part
49/00369,Lip stretcher &Lips Part
40/00513,Lower lip depressor &Lips Part
50/00049,Lower lip depressor &Lips Part
22/00805,Lower lip depressor &Lips Part
05/00051,NoseWrinkler & Lips Part
37/00413,Lip stretcher &Lips Part
09/00495,Lower lip depressor &Lips Part
53/00081,Lip stretcher &Lips Part
06/00448,Lip puckerer
49/00219,Lip stretcher &Lips Part
23/00820,Lip stretcher &Lips Part
47/00524,Lip puckerer
48/00107,Lower lip depressor &Lips Part
08/00464,Chin Raiser
03/00720,Nan
33/00489,Nan
47/00534,Chin Raiser
10/00527,Lower lip depressor &Lips Part
01/00203,Upper lip raiser &Lips Part
13/00520,Upper lip raiser &Lips Part
12/00040,Lip stretcher &Lips Part
51/00022,Lower lip depressor &Lips Part
28/00125,Lower lip depressor &Lips Part
48/00457,Lower lip depressor &Lips Part
24/00410,Lower lip depressor &Lips Part
14/00777,Upper lip raiser &Lips Part
30/00413,Lower lip depressor &Lips Part
40/00333,Lip stretcher &Lips Part
35/00089,Lower lip depressor &Lips Part
13/00628,Nan
01/00500,Lip puckerer
08/00188,Nan
33/00423,Lower lip depressor &Lips Part
06/00328,Lower lip depressor &Lips Part
50/00739,Lower lip depressor &Lips Part
15/00684,Chin Raiser
29/00470,Lip stretcher &Lips Part
10/00560,Lower lip depressor &Lips Part
29/00260,Lip puckerer
51/00544,Lip stretcher &Lips Part
36/00427,Lip stretcher &Lips Part
30/00410,Lip stretcher &Lips Part
33/00214,Lower lip depressor &Lips Part
05/00419,Lip stretcher &Lips Part
52/00507,Lip stretcher &Lips Part
14/00505,Upper lip raiser &Lips Part
11/00265,Lower lip depressor &Lips Part
16/00117,Chin Raiser
20/00106,Lip stretcher &Lips Part
06/00137,Lower lip depressor &Lips Part
05/00717,Lip puckerer
25/00037,Nan
30/00464,Lip stretcher &Lips Part
53/00396,Lower lip depressor &Lips Part
09/00212,Lip stretcher &Lips Part
06/00682,Lower lip depressor &Lips Part
04/00678,Lower lip depressor &Lips Part
30/00777,Lower lip depressor &Lips Part
36/00483,Lip stretcher &Lips Part
22/00688,Lip stretcher &Lips Part
26/00744,Lower lip depressor &Lips Part
46/00212,Lip stretcher &Lips Part
39/00520,Upper lip raiser &Lips Part
42/00391,Lower lip depressor &Lips Part
01/00738,Lower lip depressor &Lips Part
25/00778,Lip stretcher &Lips Part
03/00316,Lower lip depressor &Lips Part
26/00503,Upper lip raiser &Lips Part
21/00318,Lower lip depressor &Lips Part
41/00549,Lip stretcher &Lips Part
01/00589,Lip puckerer
07/00285,Nan
01/00742,Lip stretcher &Lips Part
13/00638,Lower lip depressor &Lips Part
21/00600,Lower lip depressor &Lips Part
25/00870,Upper lip raiser &Lips Part
18/00216,Lower lip depressor &Lips Part
35/00212,Nan
04/00658,Lip stretcher &Lips Part
06/00622,Nan
49/00704,Lower lip depressor &Lips Part
33/00565,Lip stretcher &Lips Part
17/00597,Upper lip raiser &Lips Part
11/00237,Lower lip depressor &Lips Part
48/00623,Lip puckerer
04/00738,Nan
32/00106,Lower lip depressor &Lips Part
09/00135,Lip stretcher &Lips Part
05/00100,Nan
01/00436,Lower lip depressor &Lips Part
53/00024,Lower lip depressor &Lips Part
09/00209,Lip stretcher &Lips Part
02/00685,Lower lip depressor &Lips Part
03/00315,Lower lip depressor &Lips Part
52/00306,Lip stretcher &Lips Part
09/00625,Lower lip depressor &Lips Part
39/00098,Lower lip depressor &Lips Part
19/00524,Lip stretcher &Lips Part
02/00110,Upper lip raiser &Lips Part
30/00407,Lip stretcher &Lips Part
34/00562,Nan
52/00557,Lip stretcher &Lips Part
41/00299,Nan
33/00601,Lower lip depressor &Lips Part
52/00552,Lip stretcher &Lips Part
10/00288,Lower lip depressor &Lips Part
47/00518,Lower lip depressor &Lips Part
01/00482,Nan
51/00066,Upper lip raiser &Lips Part
28/00382,Nan
14/00392,NoseWrinkler & Lips Part
02/00161,Nan
17/00616,Upper lip raiser &Lips Part
35/00348,Lower lip depressor &Lips Part
03/00090,Lip stretcher &Lips Part
32/00637,Lip stretcher &Lips Part
18/00303,Lip stretcher &Lips Part
35/00471,Nan
02/00267,Lower lip depressor &Lips Part
32/00401,Lower lip depressor &Lips Part
50/00495,Lip stretcher &Lips Part
05/00034,Nan
49/00762,Lower lip depressor &Lips Part
01/00068,Lip stretcher &Lips Part
02/00181,Lower lip depressor &Lips Part
25/00543,Lip stretcher &Lips Part
42/00573,Lower lip depressor &Lips Part
12/00519,Chin Raiser
53/00086,Lower lip depressor &Lips Part
02/00236,Lower lip depressor &Lips Part
09/00714,Lower lip depressor &Lips Part
31/00044,Lower lip depressor &Lips Part
17/00636,Upper lip raiser &Lips Part
13/00025,Lip puckerer
48/00070,Lip stretcher &Lips Part
53/00405,Lower lip depressor &Lips Part
09/00479,NoseWrinkler & Lips Part
23/00951,Nan
25/00392,Lip stretcher &Lips Part
26/00520,Lower lip depressor &Lips Part
07/00694,Nan
42/00487,Lower lip depressor &Lips Part
01/00506,Lower lip depressor &Lips Part
30/00148,Lip stretcher &Lips Part
35/00576,Nan
23/00954,Lip stretcher &Lips Part
38/00657,Lip stretcher &Lips Part
18/00358,Lip stretcher &Lips Part
01/00381,Lower lip depressor &Lips Part
08/00223,Lower lip depressor &Lips Part
03/00676,Lip puckerer
12/00282,Lower lip depressor &Lips Part
49/00752,Lower lip depressor &Lips Part
19/00649,Lower lip depressor &Lips Part
48/00190,Lower lip depressor &Lips Part
19/00538,Lip stretcher &Lips Part
26/00527,Nan
37/00490,Lip puckerer
14/00545,NoseWrinkler & Lips Part
09/00778,Chin Raiser
32/00398,Lower lip depressor &Lips Part
09/00253,Lip puckerer
09/00668,Chin Raiser
16/00663,Lower lip depressor &Lips Part
25/00561,Lower lip depressor &Lips Part
31/00105,Lip stretcher &Lips Part
19/00383,Lip stretcher &Lips Part
21/00206,Upper lip raiser &Lips Part
10/00304,Lower lip depressor &Lips Part
01/00202,Lower lip depressor &Lips Part
19/00677,Lower lip depressor &Lips Part
14/00075,Lip stretcher &Lips Part
48/00508,Lip stretcher &Lips Part
15/00580,Lip puckerer
22/00740,Lower lip depressor &Lips Part
13/00673,Lip stretcher &Lips Part
50/00763,Lower lip depressor &Lips Part
08/00131,Lower lip depressor &Lips Part
01/00214,Lip stretcher &Lips Part
23/00568,Lip stretcher &Lips Part
14/00111,Upper lip raiser &Lips Part
32/00585,Lower lip depressor &Lips Part
19/00430,Lip stretcher &Lips Part
51/00624,Lip stretcher &Lips Part
17/00691,Lip stretcher &Lips Part
51/00161,Lower lip depressor &Lips Part
40/00436,Upper lip raiser &Lips Part
18/00329,Chin Raiser
10/00561,Lip stretcher &Lips Part
16/00464,Lower lip depressor &Lips Part
21/00571,Upper lip raiser &Lips Part
30/00147,Lip stretcher &Lips Part
19/00797,Lip stretcher &Lips Part
36/00421,Lip stretcher &Lips Part
17/00731,Nan
39/00220,Upper lip raiser &Lips Part
04/00393,Lip stretcher &Lips Part
12/00035,NoseWrinkler & Lips Part
43/00593,Lip stretcher &Lips Part
20/00599,Lower lip depressor &Lips Part
45/00737,Lip stretcher &Lips Part
52/00266,Lip stretcher &Lips Part
53/00200,Upper lip raiser &Lips Part
06/00572,Lip stretcher &Lips Part
35/00311,Lower lip depressor &Lips Part
02/00320,Lip stretcher &Lips Part
51/00121,Lower lip depressor &Lips Part
16/00508,Lip stretcher &Lips Part
46/00388,Lower lip depressor &Lips Part
06/00766,Upper lip raiser &Lips Part
37/00132,Nan
35/00433,Lower lip depressor &Lips Part
20/00500,Lower lip depressor &Lips Part
25/00857,Lower lip depressor &Lips Part
36/00476,Lower lip depressor &Lips Part
51/00639,Lower lip depressor &Lips Part
38/00074,Lower lip depressor &Lips Part
39/00753,Lip stretcher &Lips Part
17/00690,Lip stretcher &Lips Part
09/00397,Lower lip depressor &Lips Part
06/00578,Nan
01/00662,Lower lip depressor &Lips Part
20/00180,Lip stretcher &Lips Part
52/00372,Lip stretcher &Lips Part
32/00161,Lower lip depressor &Lips Part
53/00505,Upper lip raiser &Lips Part
44/00162,Lower lip depressor &Lips Part
17/00742,Lip stretcher &Lips Part
16/00105,Lip puckerer
09/00213,Lip stretcher &Lips Part
01/00691,Lower lip depressor &Lips Part
16/00581,Lip stretcher &Lips Part
53/00457,Lower lip depressor &Lips Part
19/00647,Chin Raiser
12/00304,Lower lip depressor &Lips Part
17/00118,Lip stretcher &Lips Part
02/00316,Lip stretcher &Lips Part
35/00474,Lip stretcher &Lips Part
29/00464,Lip stretcher &Lips Part
21/00316,Lower lip depressor &Lips Part
02/00649,Lower lip depressor &Lips Part
33/00443,Lip stretcher &Lips Part
16/00901,Lip stretcher &Lips Part
39/00222,Lower lip depressor &Lips Part
06/00600,NoseWrinkler & Lips Part
17/00770,Lower lip depressor &Lips Part
36/00413,Lip stretcher &Lips Part
39/00517,Upper lip raiser &Lips Part
42/00265,Lip puckerer
13/00702,Lip puckerer
23/00672,Lip stretcher &Lips Part
26/00146,Lower lip depressor &Lips Part
08/00097,Lip stretcher &Lips Part
03/00302,Nan
03/00170,Nan
20/00431,Lower lip depressor &Lips Part
52/00506,Lower lip depressor &Lips Part
49/00301,Lip stretcher &Lips Part
05/00728,Lower lip depressor &Lips Part
12/00046,Chin Raiser
15/00818,Upper lip raiser &Lips Part
15/00481,Chin Raiser
04/00616,Upper lip raiser &Lips Part
19/00591,Lip stretcher &Lips Part
52/00658,Lip stretcher &Lips Part
43/00582,Lip stretcher &Lips Part
07/00533,Lip stretcher &Lips Part
38/00539,Lower lip depressor &Lips Part
15/00516,Lip puckerer
09/00187,Lip stretcher &Lips Part
16/00118,Lower lip depressor &Lips Part
04/00004,Lower lip depressor &Lips Part
02/00433,Lip stretcher &Lips Part
36/00497,Lower lip depressor &Lips Part
21/00182,Lip stretcher &Lips Part
12/00036,Lip stretcher &Lips Part
07/00608,Nan
50/00463,Lower lip depressor &Lips Part
22/00826,Lower lip depressor &Lips Part
47/00486,Lip stretcher &Lips Part
21/00052,Chin Raiser
53/00188,Lip stretcher &Lips Part
01/00146,Lower lip depressor &Lips Part
17/00253,Lower lip depressor &Lips Part
26/00210,Upper lip raiser &Lips Part
33/00455,Nan
21/00145,Lip stretcher &Lips Part
03/00573,Lower lip depressor &Lips Part
49/00254,Upper lip raiser &Lips Part
05/00088,Nan
33/00467,Chin Raiser
21/00080,Upper lip raiser &Lips Part
27/00728,Lip stretcher &Lips Part
35/00434,Lower lip depressor &Lips Part
32/00429,Nan
50/00479,Lower lip depressor &Lips Part
23/00759,Lower lip depressor &Lips Part
04/00718,Lip stretcher &Lips Part
09/00494,Lower lip depressor &Lips Part
30/00325,Lip stretcher &Lips Part
05/00035,Nan
17/00243,Lower lip depressor &Lips Part
12/00521,Chin Raiser
37/00108,Nan
09/00521,Lower lip depressor &Lips Part
04/00568,Nan
47/00426,Nan
30/00699,Lip stretcher &Lips Part
09/00518,NoseWrinkler & Lips Part
37/00502,Chin Raiser
40/00536,Lower lip depressor &Lips Part
34/00225,Lower lip depressor &Lips Part
04/00094,Lip stretcher &Lips Part
52/00526,Lip stretcher &Lips Part
35/00349,Upper lip raiser &Lips Part
12/00507,Chin Raiser
03/00295,Nan
07/00416,Upper lip raiser &Lips Part
10/00047,Lower lip depressor &Lips Part
52/00299,Lower lip depressor &Lips Part
36/00634,Lower lip depressor &Lips Part
52/00558,Lip stretcher &Lips Part
49/00287,Upper lip raiser &Lips Part
52/00256,Upper lip raiser &Lips Part
05/00052,Nan
36/00509,Chin Raiser
52/00695,Upper lip raiser &Lips Part
37/00251,Chin Raiser
39/00139,Upper lip raiser &Lips Part
18/00320,Lip stretcher &Lips Part
04/00189,Nan
48/00285,Lower lip depressor &Lips Part
43/00372,Lower lip depressor &Lips Part
05/00251,Lower lip depressor &Lips Part
52/00525,Lip stretcher &Lips Part
04/00614,Upper lip raiser &Lips Part
45/00736,Lip stretcher &Lips Part
02/00437,Lip puckerer
32/00354,Chin Raiser
29/00530,Lip stretcher &Lips Part
09/00598,NoseWrinkler & Lips Part
25/00856,Nan
03/00313,Nan
23/00810,Lip stretcher &Lips Part
48/00376,Nan
18/00328,Lip stretcher &Lips Part
47/00663,Nan
30/00671,Nan
24/00590,Lower lip depressor &Lips Part
04/00337,Lip puckerer
17/00033,Lower lip depressor &Lips Part
28/00038,Nan
28/00248,Nan
49/00334,Upper lip raiser &Lips Part
09/00199,Lip stretcher &Lips Part
05/00712,Nan
11/00175,Lip puckerer
52/00491,Lip stretcher &Lips Part
53/00508,Upper lip raiser &Lips Part
24/00813,Lip stretcher &Lips Part
01/00414,Lower lip depressor &Lips Part
05/00640,Nan
08/00206,Lip stretcher &Lips Part
36/00921,Nan
26/00214,Upper lip raiser &Lips Part
05/00250,Lip puckerer
49/00255,Lower lip depressor &Lips Part
16/00730,Lower lip depressor &Lips Part
40/00437,Lower lip depressor &Lips Part
26/00819,Nan
09/00873,NoseWrinkler & Lips Part
25/00587,Lip stretcher &Lips Part
12/00657,Lower lip depressor &Lips Part
01/00501,Lower lip depressor &Lips Part
40/00338,Lower lip depressor &Lips Part
25/00141,Lower lip depressor &Lips Part
01/00223,Lower lip depressor &Lips Part
06/00199,Nan
27/00305,Lower lip depressor &Lips Part
20/00339,Lower lip depressor &Lips Part
17/00604,Upper lip raiser &Lips Part
01/00454,Nan
19/00395,Lip stretcher &Lips Part
27/00733,Lower lip depressor &Lips Part
12/00117,Chin Raiser
09/00326,Lip stretcher &Lips Part
48/00263,Lower lip depressor &Lips Part
36/00925,Nan
04/00032,Lower lip depressor &Lips Part
10/00163,Lower lip depressor &Lips Part
21/00172,Nan
25/00775,Lower lip depressor &Lips Part
51/00552,Lip stretcher &Lips Part
32/00102,Lower lip depressor &Lips Part
22/00793,Lip stretcher &Lips Part
06/00511,Chin Raiser
16/00548,Lower lip depressor &Lips Part
10/00106,NoseWrinkler & Lips Part
01/00666,Lip stretcher &Lips Part
49/00253,Lower lip depressor &Lips Part
43/00591,Chin Raiser
12/00349,Lower lip depressor &Lips Part
13/00248,Lower lip depressor &Lips Part
21/00202,Lower lip depressor &Lips Part
17/00132,Lower lip depressor &Lips Part
12/00656,Lower lip depressor &Lips Part
28/00209,Nan
06/00298,Nan
07/00067,Nan
03/00121,Lip stretcher &Lips Part
25/00871,Lower lip depressor &Lips Part
16/00914,Lower lip depressor &Lips Part
39/00562,Upper lip raiser &Lips Part
52/00145,Lip stretcher &Lips Part
03/00637,Lip stretcher &Lips Part
27/00350,Upper lip raiser &Lips Part
03/00577,Upper lip raiser &Lips Part
01/00384,Lip stretcher &Lips Part
39/00305,Lower lip depressor &Lips Part
05/00413,Chin Raiser
44/00601,Lower lip depressor &Lips Part
21/00272,Lower lip depressor &Lips Part
05/00726,Lip puckerer
45/00090,Chin Raiser
23/00673,Lip stretcher &Lips Part
01/00086,Lower lip depressor &Lips Part
09/00623,Lower lip depressor &Lips Part
30/00218,Lip stretcher &Lips Part
11/00217,Lower lip depressor &Lips Part
29/00618,Lower lip depressor &Lips Part
04/00667,Lip stretcher &Lips Part
18/00319,Lip stretcher &Lips Part
17/00714,Lip stretcher &Lips Part
19/00578,Lower lip depressor &Lips Part
51/00578,Lip stretcher &Lips Part
29/00613,Lip stretcher &Lips Part
50/00741,Lower lip depressor &Lips Part
05/00033,NoseWrinkler & Lips Part
38/00538,Nan
04/00655,Nan
01/00412,Lower lip depressor &Lips Part
29/00626,Lip stretcher &Lips Part
02/00223,Lower lip depressor &Lips Part
31/00432,Lower lip depressor &Lips Part
12/00520,Lower lip depressor &Lips Part
51/00534,Lip stretcher &Lips Part
28/00237,Nan
33/00249,Lip stretcher &Lips Part
15/00328,Lip stretcher &Lips Part
51/00535,Lip stretcher &Lips Part
01/00646,Lip stretcher &Lips Part
14/00467,Lower lip depressor &Lips Part
10/00387,Lip stretcher &Lips Part
03/00120,Lip stretcher &Lips Part
01/00126,Lip stretcher &Lips Part
47/00646,Lip stretcher &Lips Part
05/00323,Lower lip depressor &Lips Part
17/00113,Lip stretcher &Lips Part
25/00381,Nan
03/00639,Lip stretcher &Lips Part
26/00121,Lower lip depressor &Lips Part
40/00039,Upper lip raiser &Lips Part
07/00228,Lip puckerer
39/00749,Lip stretcher &Lips Part
26/00563,Chin Raiser
36/00686,Nan
41/00226,Lower lip depressor &Lips Part
36/00870,Lower lip depressor &Lips Part
21/00070,Chin Raiser
21/00195,Upper lip raiser &Lips Part
23/00717,Lip stretcher &Lips Part
35/00060,Nan
04/00188,Lip stretcher &Lips Part
47/00107,Lip stretcher &Lips Part
07/00276,Nan
49/00353,NoseWrinkler & Lips Part
08/00039,Nan
10/00279,Lower lip depressor &Lips Part
07/00240,Nan
24/00921,Lower lip depressor &Lips Part
53/00393,Upper lip raiser &Lips Part
25/00391,Upper lip raiser &Lips Part
40/00233,Lower lip depressor &Lips Part
05/00089,Lip puckerer
20/00733,Upper lip raiser &Lips Part
20/00678,Lower lip depressor &Lips Part
09/00155,Lip stretcher &Lips Part
04/00334,Lower lip depressor &Lips Part
01/00076,Lip stretcher &Lips Part
09/00336,Lip stretcher &Lips Part
13/00038,Lip stretcher &Lips Part
52/00117,Lip stretcher &Lips Part
26/00228,Nan
08/00221,Lower lip depressor &Lips Part
49/00516,Lip stretcher &Lips Part
25/00268,Nan
39/00226,Lower lip depressor &Lips Part
39/00567,Upper lip raiser &Lips Part
04/00569,Nan
31/00117,Lower lip depressor &Lips Part
13/00265,Lower lip depressor &Lips Part
39/00420,Lower lip depressor &Lips Part
01/00159,Lip stretcher &Lips Part
02/00427,Lip stretcher &Lips Part
45/00150,Upper lip raiser &Lips Part
33/00209,Chin Raiser
45/00380,Lip stretcher &Lips Part
18/00354,Lower lip depressor &Lips Part
34/00544,Lower lip depressor &Lips Part
33/00456,Chin Raiser
02/00591,Lip stretcher &Lips Part
53/00435,Lower lip depressor &Lips Part
52/00510,Lip stretcher &Lips Part
39/00213,Lower lip depressor &Lips Part
30/00505,Chin Raiser
36/00340,Lower lip depressor &Lips Part
10/00289,Upper lip raiser &Lips Part
24/00702,Lip stretcher &Lips Part
39/00843,Lower lip depressor &Lips Part
37/00063,Lower lip depressor &Lips Part
39/00877,Lip stretcher &Lips Part
04/00036,Nan
16/00385,Lip puckerer
50/00366,Nan
32/00149,Lower lip depressor &Lips Part
05/00430,Lip stretcher &Lips Part
34/00526,Lower lip depressor &Lips Part
09/00864,NoseWrinkler & Lips Part
03/00634,Lip stretcher &Lips Part
36/00694,Lower lip depressor &Lips Part
48/00268,Lower lip depressor &Lips Part
02/00175,Lower lip depressor &Lips Part
09/00219,Lip stretcher &Lips Part
50/00300,Nan
26/00097,Lower lip depressor &Lips Part
51/00243,Lip stretcher &Lips Part
45/00716,Lower lip depressor &Lips Part
01/00383,Lip stretcher &Lips Part
52/00161,Lower lip depressor &Lips Part
49/00705,Lip stretcher &Lips Part
19/00341,Lower lip depressor &Lips Part
52/00261,Lip stretcher &Lips Part
47/00053,Lip stretcher &Lips Part
36/00341,Lip stretcher &Lips Part
37/00109,Lip puckerer
12/00669,Lower lip depressor &Lips Part
28/00555,Upper lip raiser &Lips Part
39/00844,Lower lip depressor &Lips Part
41/00628,Lower lip depressor &Lips Part
27/00215,Lip stretcher &Lips Part
16/00088,Chin Raiser
06/00218,Nan
13/00325,Lower lip depressor &Lips Part
09/00824,Lower lip depressor &Lips Part
52/00771,Upper lip raiser &Lips Part
07/00239,Nan
22/00790,Lower lip depressor &Lips Part
35/00720,Lower lip depressor &Lips Part
31/00429,Lip stretcher &Lips Part
03/00411,Nan
42/00247,Lower lip depressor &Lips Part
04/00383,Lip stretcher &Lips Part
29/00244,Nan
33/00610,Lip stretcher &Lips Part
44/00361,Lip stretcher &Lips Part
09/00256,Lip stretcher &Lips Part
35/00211,Lower lip depressor &Lips Part
12/00348,Lower lip depressor &Lips Part
08/00217,Nan
20/00340,Upper lip raiser &Lips Part
43/00694,Lower lip depressor &Lips Part
53/00648,Lower lip depressor &Lips Part
20/00832,Lower lip depressor &Lips Part
52/00784,Lip stretcher &Lips Part
14/00602,Chin Raiser
30/00756,Lower lip depressor &Lips Part
11/00411,Lower lip depressor &Lips Part
17/00111,Upper lip raiser &Lips Part
46/00367,Chin Raiser
29/00468,Lip stretcher &Lips Part
50/00759,Lip stretcher &Lips Part
03/00580,Lower lip depressor &Lips Part
02/00098,Upper lip raiser &Lips Part
18/00144,Lower lip depressor &Lips Part
02/00342,Lip stretcher &Lips Part
40/00610,Lower lip depressor &Lips Part
04/00685,Nan
13/00686,Lip stretcher &Lips Part
21/00215,Lower lip depressor &Lips Part
51/00041,Lower lip depressor &Lips Part
36/00490,Lip stretcher &Lips Part
36/00463,Lip stretcher &Lips Part
01/00147,Upper lip raiser &Lips Part
53/00199,Lower lip depressor &Lips Part
13/00685,Chin Raiser
11/00134,Lower lip depressor &Lips Part
26/00893,Lip stretcher &Lips Part
06/00683,Upper lip raiser &Lips Part
44/00168,Lower lip depressor &Lips Part
15/00585,Lower lip depressor &Lips Part
53/00087,Lower lip depressor &Lips Part
38/00534,Nan
41/00387,Lip stretcher &Lips Part
09/00202,Lip stretcher &Lips Part
14/00739,Upper lip raiser &Lips Part
29/00451,Lower lip depressor &Lips Part
25/00140,Lower lip depressor &Lips Part
01/00539,Lower lip depressor &Lips Part
07/00386,Lip puckerer
02/00091,Lower lip depressor &Lips Part
02/00653,Lip stretcher &Lips Part
02/00237,Chin Raiser
16/00257,Lower lip depressor &Lips Part
13/00249,Upper lip raiser &Lips Part
36/00508,Lower lip depressor &Lips Part
23/00249,Lower lip depressor &Lips Part
18/00150,Lower lip depressor &Lips Part
04/00384,Lower lip depressor &Lips Part
49/00196,Lip stretcher &Lips Part
12/00477,NoseWrinkler & Lips Part
02/00505,Lip puckerer
05/00710,Lip puckerer
36/00627,Lip stretcher &Lips Part
38/00551,Lower lip depressor &Lips Part
18/00636,Chin Raiser
53/00080,Lower lip depressor &Lips Part
25/00397,Upper lip raiser &Lips Part
33/00466,Lip stretcher &Lips Part
31/00104,Lower lip depressor &Lips Part
24/00916,Lower lip depressor &Lips Part
37/00115,Nan
20/00587,Lower lip depressor &Lips Part
51/00555,Lip stretcher &Lips Part
05/00713,Upper lip raiser &Lips Part
32/00299,Lower lip depressor &Lips Part
31/00126,Lower lip depressor &Lips Part
04/00065,Nan
41/00419,NoseWrinkler & Lips Part
10/00266,NoseWrinkler & Lips Part
09/00443,NoseWrinkler & Lips Part
08/00553,Lip stretcher &Lips Part
12/00587,Lower lip depressor &Lips Part
16/00383,Lower lip depressor &Lips Part
33/00488,Chin Raiser
37/00256,Upper lip raiser &Lips Part
10/00524,Lower lip depressor &Lips Part
43/00188,Lower lip depressor &Lips Part
49/00098,Lip stretcher &Lips Part
01/00459,Lip stretcher &Lips Part
01/00078,Upper lip raiser &Lips Part
52/00544,Nan
32/00411,Upper lip raiser &Lips Part
43/00272,Nan
01/00221,Lower lip depressor &Lips Part
19/00251,Lower lip depressor &Lips Part
21/00527,Nan
29/00126,Lip stretcher &Lips Part
09/00514,Lower lip depressor &Lips Part
13/00022,Lower lip depressor &Lips Part
17/00406,Upper lip raiser &Lips Part
41/00741,Upper lip raiser &Lips Part
02/00510,Lip stretcher &Lips Part
02/00655,Lip puckerer
17/00743,Upper lip raiser &Lips Part
03/00672,Lip stretcher &Lips Part
10/00052,NoseWrinkler & Lips Part
01/00088,Upper lip raiser &Lips Part
32/00148,Nan
35/00086,Lower lip depressor &Lips Part
25/00042,Lower lip depressor &Lips Part
33/00210,Lower lip depressor &Lips Part
14/00716,Chin Raiser
21/00605,Chin Raiser
05/00403,Lip puckerer
09/00338,Lip stretcher &Lips Part
01/00238,Lower lip depressor &Lips Part
01/00225,Upper lip raiser &Lips Part
50/00329,Lip stretcher &Lips Part
41/00554,Chin Raiser
33/00068,Upper lip raiser &Lips Part
07/00696,Nan
52/00548,Lip stretcher &Lips Part
41/00504,Lower lip depressor &Lips Part
43/00205,Lip stretcher &Lips Part
01/00180,Lip stretcher &Lips Part
46/00253,Lip stretcher &Lips Part
18/00078,Lip stretcher &Lips Part
19/00248,Lip stretcher &Lips Part
38/00541,Nan
46/00561,Lip stretcher &Lips Part
41/00531,Chin Raiser
53/00221,Lip stretcher &Lips Part
15/00687,Lower lip depressor &Lips Part
53/00516,Upper lip raiser &Lips Part
52/00263,Lip stretcher &Lips Part
45/00278,Lower lip depressor &Lips Part
25/00476,Lower lip depressor &Lips Part
03/00638,Lip stretcher &Lips Part
52/00364,Lower lip depressor &Lips Part
09/00526,Lower lip depressor &Lips Part
05/00056,Nan
20/00109,Lower lip depressor &Lips Part
53/00682,Lip stretcher &Lips Part
51/00696,Lower lip depressor &Lips Part
19/00787,Lower lip depressor &Lips Part
12/00471,Lip stretcher &Lips Part
50/00469,Lip stretcher &Lips Part
52/00430,Lip stretcher &Lips Part
38/00222,Lower lip depressor &Lips Part
30/00776,Lower lip depressor &Lips Part
50/00575,Lower lip depressor &Lips Part
03/00113,Lip puckerer
22/00857,NoseWrinkler & Lips Part
10/00397,Lower lip depressor &Lips Part
01/00171,Nan
04/00213,Chin Raiser
49/00221,Lip stretcher &Lips Part
37/00489,Lip stretcher &Lips Part
38/00226,Lower lip depressor &Lips Part
01/00117,Lip stretcher &Lips Part
47/00472,Nan
39/00790,Lip stretcher &Lips Part
17/00670,Chin Raiser
33/00258,Lip stretcher &Lips Part
11/00266,Lower lip depressor &Lips Part
41/00390,Lip stretcher &Lips Part
09/00875,Lower lip depressor &Lips Part
09/00597,Upper lip raiser &Lips Part
15/00168,Lip stretcher &Lips Part
05/00073,Lip stretcher &Lips Part
16/00571,Lip stretcher &Lips Part
09/00140,Lip stretcher &Lips Part
25/00079,Lower lip depressor &Lips Part
04/00267,Lip stretcher &Lips Part
29/00467,Lower lip depressor &Lips Part
17/00424,Lower lip depressor &Lips Part
13/00326,NoseWrinkler & Lips Part
43/00373,Lower lip depressor &Lips Part
53/00251,Lip stretcher &Lips Part
52/00434,Lower lip depressor &Lips Part
34/00866,Nan
39/00866,Lip stretcher &Lips Part
26/00089,Chin Raiser
06/00599,Nan
53/00509,Lip stretcher &Lips Part
40/00089,Lower lip depressor &Lips Part
52/00781,Lower lip depressor &Lips Part
16/00541,Lower lip depressor &Lips Part
05/00555,Lip stretcher &Lips Part
06/00616,Nan
17/00008,Lower lip depressor &Lips Part
34/00478,Lower lip depressor &Lips Part
06/00297,Nan
42/00333,Lower lip depressor &Lips Part
53/00395,Lower lip depressor &Lips Part
36/00346,Lip stretcher &Lips Part
03/00576,Nan
01/00164,Lip stretcher &Lips Part
17/00108,Lip stretcher &Lips Part
38/00250,Lower lip depressor &Lips Part
01/00107,Lower lip depressor &Lips Part
35/00059,Lower lip depressor &Lips Part
01/00566,Chin Raiser
10/00280,Lower lip depressor &Lips Part
38/00703,Upper lip raiser &Lips Part
09/00457,NoseWrinkler & Lips Part
12/00303,Lip stretcher &Lips Part
10/00291,Lower lip depressor &Lips Part
23/00648,Chin Raiser
36/00489,Lower lip depressor &Lips Part
49/00197,Lip stretcher &Lips Part
13/00089,Nan
51/00018,Chin Raiser
50/00483,Lip stretcher &Lips Part
35/00691,Lower lip depressor &Lips Part
26/00727,Upper lip raiser &Lips Part
32/00706,Lip stretcher &Lips Part
37/00504,Chin Raiser
20/00354,Nan
16/00626,Lip stretcher &Lips Part
52/00127,Lip stretcher &Lips Part
16/00513,Lip stretcher &Lips Part
41/00562,Lower lip depressor &Lips Part
23/00046,Nan
40/00691,Lower lip depressor &Lips Part
04/00264,Lower lip depressor &Lips Part
48/00324,Upper lip raiser &Lips Part
02/00656,Lip puckerer
04/00354,Lip stretcher &Lips Part
45/00421,Lip stretcher &Lips Part
39/00847,Lower lip depressor &Lips Part
30/00720,Lower lip depressor &Lips Part
04/00730,Nan
52/00591,Lip stretcher &Lips Part
14/00504,Lip stretcher &Lips Part
03/00618,Nan
12/00042,Lip stretcher &Lips Part
09/00665,Lower lip depressor &Lips Part
15/00778,Chin Raiser
23/00737,Nan
10/00298,Lower lip depressor &Lips Part
16/00237,Upper lip raiser &Lips Part
20/00119,Lower lip depressor &Lips Part
48/00506,Lip stretcher &Lips Part
47/00085,Chin Raiser
09/00493,Lip puckerer
39/00708,Lower lip depressor &Lips Part
51/00553,Lower lip depressor &Lips Part
51/00620,Lower lip depressor &Lips Part
06/00062,Lip stretcher &Lips Part
29/00469,Lower lip depressor &Lips Part
30/00757,Lower lip depressor &Lips Part
42/00337,Lower lip depressor &Lips Part
04/00181,Lip stretcher &Lips Part
53/00194,Lip stretcher &Lips Part
53/00519,Nan
02/00424,Lower lip depressor &Lips Part
14/00603,Chin Raiser
07/00339,Upper lip raiser &Lips Part
21/00196,Lower lip depressor &Lips Part
46/00833,Chin Raiser
35/00376,Lower lip depressor &Lips Part
04/00342,Lip stretcher &Lips Part
50/00416,Lower lip depressor &Lips Part
09/00500,Lower lip depressor &Lips Part
33/00198,Lip stretcher &Lips Part
14/00477,Lower lip depressor &Lips Part
01/00201,Upper lip raiser &Lips Part
01/00474,Lower lip depressor &Lips Part
19/00431,Lip stretcher &Lips Part
49/00756,Lower lip depressor &Lips Part
18/00574,Lip stretcher &Lips Part
19/00253,Lower lip depressor &Lips Part
45/00246,Lip stretcher &Lips Part
53/00220,Lip stretcher &Lips Part
15/00482,Lip stretcher &Lips Part
32/00322,Upper lip raiser &Lips Part
02/00619,Lip stretcher &Lips Part
12/00335,Lower lip depressor &Lips Part
35/00360,Lower lip depressor &Lips Part
03/00435,Nan
51/00199,Nan
50/00050,Chin Raiser
21/00349,Lower lip depressor &Lips Part
39/00588,Upper lip raiser &Lips Part
15/00352,Lip puckerer
50/00305,Nan
04/00008,Lip stretcher &Lips Part
45/00349,Lower lip depressor &Lips Part
37/00586,Lower lip depressor &Lips Part
01/00095,Lip stretcher &Lips Part
36/00649,Nan
22/00755,Lower lip depressor &Lips Part
04/00545,Lower lip depressor &Lips Part
41/00563,Lip puckerer
18/00220,Lip stretcher &Lips Part
05/00494,Nan
01/00158,Lower lip depressor &Lips Part
47/00183,Lip stretcher &Lips Part
49/00753,Lower lip depressor &Lips Part
18/00218,Lip stretcher &Lips Part
31/00121,Lower lip depressor &Lips Part
39/00750,Lip stretcher &Lips Part
34/00545,Lower lip depressor &Lips Part
13/00379,Upper lip raiser &Lips Part
50/00076,Lower lip depressor &Lips Part
30/00230,Lip stretcher &Lips Part
16/00899,Lower lip depressor &Lips Part
30/00136,Lower lip depressor &Lips Part
37/00079,Nan
47/00432,Nan
28/00230,Lower lip depressor &Lips Part
15/00353,Lower lip depressor &Lips Part
32/00336,Nan
45/00465,Lower lip depressor &Lips Part
09/00210,Lower lip depressor &Lips Part
10/00267,Lower lip depressor &Lips Part
10/00553,Lip stretcher &Lips Part
08/00455,Lip stretcher &Lips Part
51/00554,Lower lip depressor &Lips Part
15/00169,Lower lip depressor &Lips Part
25/00353,Lower lip depressor &Lips Part
23/00566,Upper lip raiser &Lips Part
27/00686,Lip stretcher &Lips Part
10/00626,Lower lip depressor &Lips Part
53/00689,Lower lip depressor &Lips Part
23/00798,Lower lip depressor &Lips Part
17/00630,Lip stretcher &Lips Part
01/00425,Nan
52/00549,Lip stretcher &Lips Part
09/00255,Lip stretcher &Lips Part
33/00468,Lip stretcher &Lips Part
43/00343,Lower lip depressor &Lips Part
10/00611,Lower lip depressor &Lips Part
09/00502,Lower lip depressor &Lips Part
18/00161,Lower lip depressor &Lips Part
13/00656,Chin Raiser
25/00081,Lower lip depressor &Lips Part
37/00495,Upper lip raiser &Lips Part
28/00151,Nan
53/00294,Lip stretcher &Lips Part
19/00788,Lip stretcher &Lips Part
17/00405,Lower lip depressor &Lips Part
53/00297,Lip stretcher &Lips Part
48/00544,Lip stretcher &Lips Part
45/00383,Lower lip depressor &Lips Part
11/00430,Lip stretcher &Lips Part
20/00812,Lower lip depressor &Lips Part
42/00589,Lip puckerer
43/00595,Lip stretcher &Lips Part
32/00292,Nan
40/00445,Upper lip raiser &Lips Part
11/00133,Lower lip depressor &Lips Part
36/00629,Lip stretcher &Lips Part
25/00612,Upper lip raiser &Lips Part
33/00564,Lip stretcher &Lips Part
05/00433,Lower lip depressor &Lips Part
12/00518,Chin Raiser
09/00165,Chin Raiser
37/00587,Nan
42/00390,Lower lip depressor &Lips Part
53/00640,Lower lip depressor &Lips Part
22/00769,Lower lip depressor &Lips Part
17/00427,Lip stretcher &Lips Part
13/00517,Lip stretcher &Lips Part
16/00230,Lip stretcher &Lips Part
33/00259,Lip stretcher &Lips Part
02/00650,Lower lip depressor &Lips Part
21/00555,Chin Raiser
13/00658,Lip stretcher &Lips Part
06/00768,Chin Raiser
53/00196,Lip stretcher &Lips Part
21/00501,Lower lip depressor &Lips Part
26/00348,Upper lip raiser &Lips Part
23/00497,Lip stretcher &Lips Part
51/00557,Lip stretcher &Lips Part
06/00818,Nan
03/00678,Lower lip depressor &Lips Part
33/00444,Nan
50/00761,Chin Raiser
47/00659,Lip stretcher &Lips Part
35/00636,Lower lip depressor &Lips Part
09/00639,Lower lip depressor &Lips Part
06/00301,Nan
03/00719,Nan
04/00651,Lip stretcher &Lips Part
52/00484,Lower lip depressor &Lips Part
49/00592,Lower lip depressor &Lips Part
08/00214,Lip stretcher &Lips Part
02/00503,Lip puckerer
48/00507,Lip stretcher &Lips Part
01/00451,Lip stretcher &Lips Part
52/00476,Lip stretcher &Lips Part
26/00552,Lower lip depressor &Lips Part
37/00122,Nan
02/00089,Upper lip raiser &Lips Part
02/00602,Lip stretcher &Lips Part
35/00113,Lower lip depressor &Lips Part
47/00630,Lip stretcher &Lips Part
45/00738,Lip stretcher &Lips Part
24/00426,Lower lip depressor &Lips Part
05/00729,Nan
08/00242,Lip puckerer
26/00728,Lower lip depressor &Lips Part
03/00434,Nan
30/00670,Lower lip depressor &Lips Part
11/00525,Lip stretcher &Lips Part
53/00489,Lip stretcher &Lips Part
12/00041,Lip stretcher &Lips Part
26/00213,Upper lip raiser &Lips Part
43/00644,Lower lip depressor &Lips Part
07/00253,Lower lip depressor &Lips Part
01/00149,Upper lip raiser &Lips Part
34/00122,Upper lip raiser &Lips Part
50/00173,Lower lip depressor &Lips Part
20/00786,Lower lip depressor &Lips Part
31/00062,Lower lip depressor &Lips Part
02/00179,Lower lip depressor &Lips Part
49/00337,Lip stretcher &Lips Part
41/00420,Lip stretcher &Lips Part
04/00023,Lower lip depressor &Lips Part
03/00635,Lip stretcher &Lips Part
04/00115,Lip stretcher &Lips Part
49/00075,Lip stretcher &Lips Part
12/00133,Lower lip depressor &Lips Part
07/00100,Nan
30/00755,Lower lip depressor &Lips Part
02/00174,Lip stretcher &Lips Part
01/00685,Lip stretcher &Lips Part
11/00248,Lower lip depressor &Lips Part
23/00701,Nan
53/00250,Lip stretcher &Lips Part
19/00842,Chin Raiser
47/00334,Chin Raiser
02/00252,Lip stretcher &Lips Part
05/00175,Lower lip depressor &Lips Part
04/00028,Lower lip depressor &Lips Part
06/00211,Nan
39/00418,Upper lip raiser &Lips Part
39/00142,Lower lip depressor &Lips Part
38/00431,Lip stretcher &Lips Part
40/00501,Lower lip depressor &Lips Part
15/00701,NoseWrinkler & Lips Part
06/00243,Lip puckerer
06/00336,Chin Raiser
38/00227,Lower lip depressor &Lips Part
02/00238,Lower lip depressor &Lips Part
17/00326,Lip stretcher &Lips Part
47/00517,Chin Raiser
23/00562,Lower lip depressor &Lips Part
24/00589,Upper lip raiser &Lips Part
43/00357,Lower lip depressor &Lips Part
50/00431,Lower lip depressor &Lips Part
40/00661,Lip stretcher &Lips Part
17/00621,Lip stretcher &Lips Part
20/00118,Upper lip raiser &Lips Part
01/00487,NoseWrinkler & Lips Part
43/00649,Lip stretcher &Lips Part
31/00054,Lower lip depressor &Lips Part
36/00684,Lip stretcher &Lips Part
34/00350,Lip stretcher &Lips Part
28/00147,Upper lip raiser &Lips Part
31/00053,Lower lip depressor &Lips Part
53/00470,Lower lip depressor &Lips Part
49/00097,Lip stretcher &Lips Part
40/00539,Lower lip depressor &Lips Part
49/00163,Lip stretcher &Lips Part
26/00230,Lip stretcher &Lips Part
51/00147,Lower lip depressor &Lips Part
14/00321,Lower lip depressor &Lips Part
45/00089,Lip stretcher &Lips Part
02/00360,Lip stretcher &Lips Part
17/00248,Lower lip depressor &Lips Part
52/00780,Lip stretcher &Lips Part
36/00271,Chin Raiser
48/00201,Lip stretcher &Lips Part
19/00277,Upper lip raiser &Lips Part
06/00258,Lip stretcher &Lips Part
48/00288,Upper lip raiser &Lips Part
16/00913,Lip stretcher &Lips Part
31/00072,Lower lip depressor &Lips Part
32/00442,Lower lip depressor &Lips Part
47/00089,Lower lip depressor &Lips Part
13/00637,Lip stretcher &Lips Part
16/00628,Lower lip depressor &Lips Part
36/00646,Lip stretcher &Lips Part
13/00633,Lip puckerer
09/00854,Lower lip depressor &Lips Part
07/00091,Nan
08/00040,Nan
44/00158,Lower lip depressor &Lips Part
49/00339,Lip stretcher &Lips Part
10/00058,NoseWrinkler & Lips Part
47/00651,Lip stretcher &Lips Part
26/00138,Lower lip depressor &Lips Part
35/00455,Upper lip raiser &Lips Part
53/00023,Lip stretcher &Lips Part
25/00175,Lip stretcher &Lips Part
50/00036,Nan
01/00218,Upper lip raiser &Lips Part
12/00628,Chin Raiser
02/00118,Lower lip depressor &Lips Part
01/00570,Lower lip depressor &Lips Part
23/00315,Lip stretcher &Lips Part
05/00087,NoseWrinkler & Lips Part
21/00595,Nan
35/00321,Upper lip raiser &Lips Part
40/00305,Lip puckerer
37/00631,Nan
30/00700,NoseWrinkler & Lips Part
48/00516,Lip stretcher &Lips Part
03/00321,Nan
25/00071,Lower lip depressor &Lips Part
07/00599,Nan
30/00736,Lower lip depressor &Lips Part
33/00224,Lip stretcher &Lips Part
14/00776,Upper lip raiser &Lips Part
52/00531,Lip stretcher &Lips Part
41/00627,Lip stretcher &Lips Part
01/00382,Lower lip depressor &Lips Part
20/00813,Lower lip depressor &Lips Part
10/00311,Lip stretcher &Lips Part
09/00200,Lip stretcher &Lips Part
25/00737,Lower lip depressor &Lips Part
24/00700,Lower lip depressor &Lips Part
40/00694,Nan
04/00029,Lip stretcher &Lips Part
16/00386,Lip stretcher &Lips Part
38/00223,Lower lip depressor &Lips Part
15/00700,Lower lip depressor &Lips Part
17/00143,Lower lip depressor &Lips Part
47/00510,Nan
04/00493,Lip puckerer
33/00494,Lower lip depressor &Lips Part
27/00702,Lip stretcher &Lips Part
47/00152,Lip stretcher &Lips Part
18/00724,Lip stretcher &Lips Part
12/00237,Lower lip depressor &Lips Part
45/00288,Lip stretcher &Lips Part
39/00519,Lower lip depressor &Lips Part
02/00329,Lip stretcher &Lips Part
24/00522,Lip stretcher &Lips Part
50/00762,Lower lip depressor &Lips Part
17/00131,Lip stretcher &Lips Part
27/00195,Lip stretcher &Lips Part
39/00578,Nan
19/00382,Upper lip raiser &Lips Part
02/00385,Lip stretcher &Lips Part
30/00181,Lip stretcher &Lips Part
22/00375,Lower lip depressor &Lips Part
12/00132,Lower lip depressor &Lips Part
44/00165,Lip stretcher &Lips Part
39/00566,Upper lip raiser &Lips Part
37/00581,Lower lip depressor &Lips Part
53/00604,Upper lip raiser &Lips Part
50/00501,Lip stretcher &Lips Part
26/00116,Upper lip raiser &Lips Part
53/00289,Lip stretcher &Lips Part
49/00351,Lip stretcher &Lips Part
14/00470,Lower lip depressor &Lips Part
23/00763,Lower lip depressor &Lips Part
16/00618,Lip stretcher &Lips Part
09/00482,Lip stretcher &Lips Part
07/00178,Nan
04/00538,Nan
50/00566,Lower lip depressor &Lips Part
49/00167,Lip stretcher &Lips Part
45/00093,Lip stretcher &Lips Part
53/00228,Lip stretcher &Lips Part
31/00043,Lower lip depressor &Lips Part
25/00072,Lip stretcher &Lips Part
04/00302,Lip puckerer
35/00051,Lower lip depressor &Lips Part
26/00115,Lower lip depressor &Lips Part
02/00111,Lip stretcher &Lips Part
31/00033,Lower lip depressor &Lips Part
36/00478,Lower lip depressor &Lips Part
40/00248,Lower lip depressor &Lips Part
18/00738,Lower lip depressor &Lips Part
40/00704,Lip stretcher &Lips Part
35/00341,Upper lip raiser &Lips Part
35/00622,Lip stretcher &Lips Part
46/00316,Lip stretcher &Lips Part
34/00532,Lower lip depressor &Lips Part
24/00812,Lip stretcher &Lips Part
30/00229,Lip stretcher &Lips Part
53/00518,Upper lip raiser &Lips Part
14/00122,Upper lip raiser &Lips Part
27/00217,Lip stretcher &Lips Part
50/00268,Lower lip depressor &Lips Part
17/00279,Upper lip raiser &Lips Part
10/00529,Lower lip depressor &Lips Part
19/00396,Lower lip depressor &Lips Part
25/00372,Lower lip depressor &Lips Part
24/00624,Lower lip depressor &Lips Part
27/00536,Chin Raiser
45/00583,Lip stretcher &Lips Part
08/00210,Nan
20/00155,Lip stretcher &Lips Part
28/00545,Lower lip depressor &Lips Part
26/00747,Nan
36/00273,Lower lip depressor &Lips Part
25/00036,Lip stretcher &Lips Part
01/00364,Lip puckerer
48/00051,Lip stretcher &Lips Part
19/00678,Lower lip depressor &Lips Part
13/00404,Lower lip depressor &Lips Part
04/00303,Lip puckerer
38/00077,Chin Raiser
07/00541,Lip stretcher &Lips Part
17/00693,Chin Raiser
10/00612,Lip stretcher &Lips Part
15/00769,Lip stretcher &Lips Part
40/00341,Lower lip depressor &Lips Part
21/00104,Upper lip raiser &Lips Part
13/00184,Lip puckerer
04/00009,Nan
13/00088,Lip puckerer
43/00207,Lower lip depressor &Lips Part
10/00249,Lower lip depressor &Lips Part
47/00504,Lower lip depressor &Lips Part
20/00492,Lower lip depressor &Lips Part
09/00881,Lower lip depressor &Lips Part
52/00494,Lower lip depressor &Lips Part
50/00769,Lip stretcher &Lips Part
10/00533,Lower lip depressor &Lips Part
01/00153,Lower lip depressor &Lips Part
38/00542,Nan
39/00219,Upper lip raiser &Lips Part
26/00122,Lower lip depressor &Lips Part
36/00443,Lower lip depressor &Lips Part
47/00672,Lower lip depressor &Lips Part
01/00461,Lower lip depressor &Lips Part
32/00397,Lower lip depressor &Lips Part
26/00141,Lower lip depressor &Lips Part
40/00528,Lower lip depressor &Lips Part
51/00122,Lower lip depressor &Lips Part
20/00108,Upper lip raiser &Lips Part
17/00010,Lower lip depressor &Lips Part
20/00165,Lower lip depressor &Lips Part
47/00316,Nan
40/00541,Lower lip depressor &Lips Part
09/00653,Lower lip depressor &Lips Part
22/00687,Upper lip raiser &Lips Part
41/00176,Lower lip depressor &Lips Part
21/00212,Lip stretcher &Lips Part
02/00396,Lip stretcher &Lips Part
40/00692,Lip stretcher &Lips Part
24/00696,Lower lip depressor &Lips Part
50/00675,Lip stretcher &Lips Part
10/00093,Lower lip depressor &Lips Part
40/00234,Upper lip raiser &Lips Part
49/00554,Lip stretcher &Lips Part
12/00430,Lower lip depressor &Lips Part
51/00491,Lip stretcher &Lips Part
19/00522,Lip stretcher &Lips Part
47/00139,Lip stretcher &Lips Part
01/00467,Nan
32/00584,Lower lip depressor &Lips Part
48/00595,Lower lip depressor &Lips Part
14/00738,Upper lip raiser &Lips Part
50/00248,Lower lip depressor &Lips Part
12/00497,Chin Raiser
34/00140,Lower lip depressor &Lips Part
15/00382,Lower lip depressor &Lips Part
20/00251,Lip stretcher &Lips Part
03/00161,Lip stretcher &Lips Part
19/00698,Lower lip depressor &Lips Part
01/00168,Lip stretcher &Lips Part
52/00237,Chin Raiser
15/00698,Lower lip depressor &Lips Part
08/00211,Nan
09/00342,Nan
46/00681,Lip stretcher &Lips Part
26/00098,Lip stretcher &Lips Part
12/00015,Lip stretcher &Lips Part
49/00392,Lip stretcher &Lips Part
12/00226,Lip stretcher &Lips Part
40/00337,Lower lip depressor &Lips Part
27/00685,Chin Raiser
15/00622,Lower lip depressor &Lips Part
02/00099,NoseWrinkler & Lips Part
11/00218,Lip stretcher &Lips Part
53/00481,Lip stretcher &Lips Part
21/00053,Lip stretcher &Lips Part
32/00103,Lower lip depressor &Lips Part
17/00080,Lip stretcher &Lips Part
41/00533,Upper lip raiser &Lips Part
07/00246,Upper lip raiser &Lips Part
52/00657,Lip stretcher &Lips Part
25/00736,Upper lip raiser &Lips Part
43/00187,Nan
33/00200,Lip stretcher &Lips Part
02/00515,Lip stretcher &Lips Part
04/00172,Nan
44/00438,Lip stretcher &Lips Part
20/00586,Lip stretcher &Lips Part
16/00254,Lip stretcher &Lips Part
18/00302,Upper lip raiser &Lips Part
36/00462,Lower lip depressor &Lips Part
19/00588,Lower lip depressor &Lips Part
05/00074,Lower lip depressor &Lips Part
37/00367,Nan
50/00585,Lip stretcher &Lips Part
01/00452,Nan
17/00615,Upper lip raiser &Lips Part
09/00483,Lip stretcher &Lips Part
09/00164,Lower lip depressor &Lips Part
34/00353,Upper lip raiser &Lips Part
31/00627,Upper lip raiser &Lips Part
31/00262,Lower lip depressor &Lips Part
52/00529,Lip stretcher &Lips Part
04/00242,Lip stretcher &Lips Part
17/00280,Lower lip depressor &Lips Part
01/00239,Upper lip raiser &Lips Part
07/00348,Upper lip raiser &Lips Part
45/00652,Lower lip depressor &Lips Part
44/00172,Lower lip depressor &Lips Part
35/00052,Nan
15/00304,Lower lip depressor &Lips Part
01/00365,Lower lip depressor &Lips Part
17/00445,Lower lip depressor &Lips Part
35/00334,Lower lip depressor &Lips Part
17/00629,Lip stretcher &Lips Part
50/00267,Lower lip depressor &Lips Part
12/00626,Lower lip depressor &Lips Part
09/00776,Chin Raiser
23/00684,Lower lip depressor &Lips Part
21/00050,Lower lip depressor &Lips Part
22/00133,Lip stretcher &Lips Part
28/00217,Lower lip depressor &Lips Part
01/00597,Lower lip depressor &Lips Part
10/00105,NoseWrinkler & Lips Part
51/00124,Lip stretcher &Lips Part
05/00091,Lip stretcher &Lips Part
08/00290,NoseWrinkler & Lips Part
01/00096,Lip stretcher &Lips Part
35/00310,Lower lip depressor &Lips Part
25/00728,Upper lip raiser &Lips Part
12/00045,Lip puckerer
01/00167,Lower lip depressor &Lips Part
17/00435,Lower lip depressor &Lips Part
23/00494,Lip stretcher &Lips Part
09/00471,NoseWrinkler & Lips Part
45/00796,Chin Raiser
48/00319,Lip stretcher &Lips Part
49/00758,Lip stretcher &Lips Part
23/00649,Lower lip depressor &Lips Part
13/00632,Chin Raiser
45/00650,Lip stretcher &Lips Part
35/00169,Lower lip depressor &Lips Part
42/00721,Lower lip depressor &Lips Part
05/00321,Lip stretcher &Lips Part
53/00536,Nan
09/00578,Lower lip depressor &Lips Part
20/00792,Lower lip depressor &Lips Part
21/00177,NoseWrinkler & Lips Part
49/00290,Upper lip raiser &Lips Part
51/00042,Lower lip depressor &Lips Part
19/00628,Lower lip depressor &Lips Part
32/00423,Nan
45/00705,Upper lip raiser &Lips Part
12/00332,Lip stretcher &Lips Part
25/00456,Lower lip depressor &Lips Part
14/00120,NoseWrinkler & Lips Part
52/00130,Upper lip raiser &Lips Part
36/00638,Lower lip depressor &Lips Part
12/00302,Lower lip depressor &Lips Part
40/00095,Nan
38/00619,Lip stretcher &Lips Part
14/00080,Chin Raiser
28/00544,Lower lip depressor &Lips Part
09/00664,Lower lip depressor &Lips Part
34/00107,Chin Raiser
22/00825,Lower lip depressor &Lips Part
01/00559,Lower lip depressor &Lips Part
52/00376,Lip stretcher &Lips Part
01/00144,Nan
04/00536,Nan
43/00329,Lower lip depressor &Lips Part
28/00150,Chin Raiser
09/00394,Lower lip depressor &Lips Part
30/00695,Lip stretcher &Lips Part
46/00252,Lip stretcher &Lips Part
51/00525,Upper lip raiser &Lips Part
02/00548,Lower lip depressor &Lips Part
13/00598,Lip stretcher &Lips Part
23/00950,Lip stretcher &Lips Part
40/00660,Lower lip depressor &Lips Part
21/00494,Chin Raiser
02/00292,Lip stretcher &Lips Part
23/00955,Lip stretcher &Lips Part
15/00697,Upper lip raiser &Lips Part
29/00614,Lip stretcher &Lips Part
09/00522,Lower lip depressor &Lips Part
05/00418,Lip puckerer
22/00437,Lip stretcher &Lips Part
53/00159,Lower lip depressor &Lips Part
08/00134,Nan
36/00379,Lip stretcher &Lips Part
37/00468,Lower lip depressor &Lips Part
40/00537,Lower lip depressor &Lips Part
21/00171,Nan
15/00583,NoseWrinkler & Lips Part
52/00555,Lip stretcher &Lips Part
52/00432,Lower lip depressor &Lips Part
37/00264,Lower lip depressor &Lips Part
06/00212,Nan
35/00129,Lower lip depressor &Lips Part
26/00212,Lower lip depressor &Lips Part
03/00642,Lower lip depressor &Lips Part
42/00332,Upper lip raiser &Lips Part
35/00454,Upper lip raiser &Lips Part
08/00130,Nan
33/00587,Lower lip depressor &Lips Part
11/00270,Lower lip depressor &Lips Part
05/00093,Lip puckerer
12/00632,Lower lip depressor &Lips Part
06/00760,Lower lip depressor &Lips Part
39/00426,Lower lip depressor &Lips Part
33/00612,Lower lip depressor &Lips Part
52/00590,Lip stretcher &Lips Part
46/00189,Lip stretcher &Lips Part
08/00438,Lip stretcher &Lips Part
51/00644,Lower lip depressor &Lips Part
10/00376,Lower lip depressor &Lips Part
40/00538,Lower lip depressor &Lips Part
25/00278,Lip stretcher &Lips Part
03/00333,Nan
40/00593,Upper lip raiser &Lips Part
22/00856,Lower lip depressor &Lips Part
53/00277,Lip stretcher &Lips Part
39/00088,Lower lip depressor &Lips Part
23/00678,Lip stretcher &Lips Part
47/00435,Upper lip raiser &Lips Part
20/00506,Lower lip depressor &Lips Part
30/00738,Lower lip depressor &Lips Part
31/00229,Nan
23/00180,Upper lip raiser &Lips Part
51/00376,Lower lip depressor &Lips Part
23/00668,Lip stretcher &Lips Part
47/00606,Chin Raiser
25/00777,Lower lip depressor &Lips Part
04/00185,Lip puckerer
36/00922,Nan
01/00592,Nan
15/00768,Lower lip depressor &Lips Part
50/00247,Lower lip depressor &Lips Part
13/00551,Lip puckerer
45/00137,Lip stretcher &Lips Part
53/00459,Lower lip depressor &Lips Part
24/00539,Lower lip depressor &Lips Part
27/00226,Lip stretcher &Lips Part
35/00187,Lip stretcher &Lips Part
04/00617,Upper lip raiser &Lips Part
26/00891,Lower lip depressor &Lips Part
14/00778,Lower lip depressor &Lips Part
23/00372,Lower lip depressor &Lips Part
36/00610,Lip stretcher &Lips Part
01/00236,Lower lip depressor &Lips Part
35/00114,Lower lip depressor &Lips Part
04/00540,Lip stretcher &Lips Part
05/00408,Nan
09/00220,Lip stretcher &Lips Part
21/00604,Lip stretcher &Lips Part
06/00311,Lip stretcher &Lips Part
10/00393,Lower lip depressor &Lips Part
48/00267,Upper lip raiser &Lips Part
35/00186,Upper lip raiser &Lips Part
17/00648,Upper lip raiser &Lips Part
52/00300,Lip stretcher &Lips Part
44/00360,Lower lip depressor &Lips Part
13/00585,Lower lip depressor &Lips Part
49/00274,Lip stretcher &Lips Part
05/00041,Lower lip depressor &Lips Part
01/00456,Lip stretcher &Lips Part
05/00716,Nan
19/00693,Lower lip depressor &Lips Part
27/00726,Lip stretcher &Lips Part
49/00386,Lip stretcher &Lips Part
17/00442,Lower lip depressor &Lips Part
21/00081,Nan
30/00739,Lower lip depressor &Lips Part
37/00133,Lower lip depressor &Lips Part
46/00682,Lip stretcher &Lips Part
01/00493,Lip puckerer
03/00171,Lip stretcher &Lips Part
36/00780,Lip stretcher &Lips Part
03/00299,Nan
37/00418,Lower lip depressor &Lips Part
11/00269,Chin Raiser
44/00201,Lip stretcher &Lips Part
52/00234,Lip stretcher &Lips Part
35/00473,Nan
02/00682,Lip stretcher &Lips Part
24/00548,Lip stretcher &Lips Part
44/00198,Lip stretcher &Lips Part
05/00199,Nan
01/00211,Nan
49/00348,Chin Raiser
50/00037,Nan
11/00157,Lower lip depressor &Lips Part
21/00500,Lip stretcher &Lips Part
23/00879,Lower lip depressor &Lips Part
19/00373,Lower lip depressor &Lips Part
43/00197,Lip puckerer
50/00375,Lower lip depressor &Lips Part
25/00041,Lip stretcher &Lips Part
37/00589,Lower lip depressor &Lips Part
13/00410,Nan
21/00317,Lower lip depressor &Lips Part
10/00290,Lower lip depressor &Lips Part
49/00707,Lower lip depressor &Lips Part
48/00318,Upper lip raiser &Lips Part
20/00399,Lower lip depressor &Lips Part
14/00116,Lower lip depressor &Lips Part
32/00422,Chin Raiser
19/00387,Lower lip depressor &Lips Part
34/00563,Upper lip raiser &Lips Part
40/00096,Upper lip raiser &Lips Part
23/00821,Lower lip depressor &Lips Part
33/00246,Upper lip raiser &Lips Part
04/00491,Lower lip depressor &Lips Part
21/00213,Upper lip raiser &Lips Part
33/00059,Upper lip raiser &Lips Part
53/00034,Lower lip depressor &Lips Part
47/00505,Lower lip depressor &Lips Part
09/00398,Lower lip depressor &Lips Part
12/00602,Lower lip depressor &Lips Part
04/00492,Nan
13/00185,Lip stretcher &Lips Part
19/00626,Lip stretcher &Lips Part
37/00255,Nan
17/00418,Lower lip depressor &Lips Part
50/00636,Lip stretcher &Lips Part
32/00635,Lower lip depressor &Lips Part
17/00081,Lower lip depressor &Lips Part
21/00831,Lip stretcher &Lips Part
01/00505,Lip puckerer
03/00747,Nan
24/00424,Lower lip depressor &Lips Part
03/00665,Lower lip depressor &Lips Part
53/00653,Lower lip depressor &Lips Part
49/00551,Lip stretcher &Lips Part
22/00748,Lower lip depressor &Lips Part
39/00747,Upper lip raiser &Lips Part
49/00248,Upper lip raiser &Lips Part
06/00769,Nan
09/00855,Lower lip depressor &Lips Part
15/00813,NoseWrinkler & Lips Part
12/00281,Chin Raiser
47/00104,Lip stretcher &Lips Part
02/00222,Lower lip depressor &Lips Part
36/00909,Lip stretcher &Lips Part
50/00304,Lower lip depressor &Lips Part
05/00407,Lip puckerer
21/00593,Lower lip depressor &Lips Part
14/00501,Chin Raiser
12/00350,Lower lip depressor &Lips Part
30/00496,Nan
10/00531,Lower lip depressor &Lips Part
33/00519,Lip stretcher &Lips Part
14/00502,Lower lip depressor &Lips Part
08/00216,Lip stretcher &Lips Part
20/00254,Lower lip depressor &Lips Part
36/00626,Lower lip depressor &Lips Part
25/00722,Nan
35/00097,Lower lip depressor &Lips Part
40/00693,Upper lip raiser &Lips Part
11/00211,Lip stretcher &Lips Part
17/00325,Lip stretcher &Lips Part
47/00484,Lower lip depressor &Lips Part
13/00264,Lower lip depressor &Lips Part
02/00432,Lip puckerer
01/00531,Upper lip raiser &Lips Part
43/00701,Lip stretcher &Lips Part
43/00219,Upper lip raiser &Lips Part
42/00401,Upper lip raiser &Lips Part
40/00527,Lower lip depressor &Lips Part
46/00216,Chin Raiser
39/00791,Lip stretcher &Lips Part
19/00587,Lower lip depressor &Lips Part
06/00512,Lip stretcher &Lips Part
39/00425,Lower lip depressor &Lips Part
50/00729,Lower lip depressor &Lips Part
30/00200,Lip stretcher &Lips Part
04/00131,Lip puckerer
09/00775,Lower lip depressor &Lips Part
06/00163,Lip puckerer
22/00747,Lower lip depressor &Lips Part
39/00586,Lip stretcher &Lips Part
09/00595,Lower lip depressor &Lips Part
01/00599,Lower lip depressor &Lips Part
47/00430,Nan
25/00624,NoseWrinkler & Lips Part
01/00199,Lip stretcher &Lips Part
06/00623,Lip stretcher &Lips Part
47/00648,Lip stretcher &Lips Part
41/00629,Nan
53/00458,Upper lip raiser &Lips Part
09/00588,Lower lip depressor &Lips Part
33/00460,Nan
26/00090,Lower lip depressor &Lips Part
09/00141,Lip stretcher &Lips Part
23/00697,Lower lip depressor &Lips Part
02/00592,Lip puckerer
49/00165,Lip stretcher &Lips Part
06/00767,Nan
13/00503,Upper lip raiser &Lips Part
35/00057,Nan
03/00049,Lip stretcher &Lips Part
26/00564,Lower lip depressor &Lips Part
32/00522,Upper lip raiser &Lips Part
22/00806,NoseWrinkler & Lips Part
26/00123,Lower lip depressor &Lips Part
50/00586,Chin Raiser
07/00088,Nan
49/00340,Lower lip depressor &Lips Part
51/00543,Lip stretcher &Lips Part
40/00605,Nan
48/00277,Nan
12/00136,Lip stretcher &Lips Part
24/00571,Lower lip depressor &Lips Part
14/00322,NoseWrinkler & Lips Part
01/00273,Lower lip depressor &Lips Part
40/00367,Lower lip depressor &Lips Part
35/00495,Lower lip depressor &Lips Part
26/00890,Lower lip depressor &Lips Part
42/00610,Upper lip raiser &Lips Part
52/00530,Lip stretcher &Lips Part
01/00426,Upper lip raiser &Lips Part
26/00109,Lower lip depressor &Lips Part
20/00654,Lower lip depressor &Lips Part
15/00331,Nan
19/00369,Upper lip raiser &Lips Part
53/00400,Lip stretcher &Lips Part
40/00512,Lower lip depressor &Lips Part
52/00489,Lip stretcher &Lips Part
12/00522,Lower lip depressor &Lips Part
47/00613,Lip stretcher &Lips Part
03/00045,Lip stretcher &Lips Part
17/00015,Lip stretcher &Lips Part
25/00595,Lower lip depressor &Lips Part
30/00132,Lip stretcher &Lips Part
20/00598,Upper lip raiser &Lips Part
48/00069,Lip stretcher &Lips Part
47/00108,Lip stretcher &Lips Part
17/00141,Lower lip depressor &Lips Part
08/00218,Lip stretcher &Lips Part
06/00806,Nan
05/00196,Nan
01/00665,Nan
03/00057,Lower lip depressor &Lips Part
12/00623,Lower lip depressor &Lips Part
31/00127,Lower lip depressor &Lips Part
19/00433,Lip stretcher &Lips Part
03/00322,Nan
39/00089,Lower lip depressor &Lips Part
12/00360,Lower lip depressor &Lips Part
33/00223,Lower lip depressor &Lips Part
46/00627,Lower lip depressor &Lips Part
37/00588,Lower lip depressor &Lips Part
12/00485,NoseWrinkler & Lips Part
14/00476,NoseWrinkler & Lips Part
09/00640,Chin Raiser
27/00196,Lip stretcher &Lips Part
01/00494,Nan
17/00602,Upper lip raiser &Lips Part
27/00222,Lower lip depressor &Lips Part
36/00442,Lower lip depressor &Lips Part
06/00219,Nan
22/00803,Lower lip depressor &Lips Part
22/00855,Nan
07/00587,Nan
01/00091,Upper lip raiser &Lips Part
19/00579,Lip stretcher &Lips Part
19/00560,Lip stretcher &Lips Part
48/00624,Lip stretcher &Lips Part
02/00686,Lip stretcher &Lips Part
12/00603,Lip stretcher &Lips Part
35/00094,Nan
31/00623,Lip stretcher &Lips Part
36/00680,Nan
37/00348,Chin Raiser
52/00287,Lip stretcher &Lips Part
52/00753,Lower lip depressor &Lips Part
40/00446,Lower lip depressor &Lips Part
38/00617,Lip puckerer
52/00260,NoseWrinkler & Lips Part
51/00023,Nan
17/00412,Lower lip depressor &Lips Part
49/00168,Lip stretcher &Lips Part
53/00619,Lower lip depressor &Lips Part
40/00493,Lower lip depressor &Lips Part
49/00511,Lip stretcher &Lips Part
18/00249,Lip stretcher &Lips Part
47/00535,Upper lip raiser &Lips Part
15/00166,Lower lip depressor &Lips Part
33/00199,Lip stretcher &Lips Part
49/00706,Lip stretcher &Lips Part
04/00156,Lip stretcher &Lips Part
30/00717,Lower lip depressor &Lips Part
28/00350,Nan
25/00274,Lip stretcher &Lips Part
13/00240,Lip stretcher &Lips Part
15/00679,NoseWrinkler & Lips Part
17/00706,Lip stretcher &Lips Part
04/00176,Nan
02/00680,Nan
04/00170,Lip stretcher &Lips Part
33/00067,Lip stretcher &Lips Part
53/00486,Nan
47/00471,Lower lip depressor &Lips Part
32/00452,Lower lip depressor &Lips Part
01/00222,Lower lip depressor &Lips Part
50/00328,Lower lip depressor &Lips Part
30/00665,Lower lip depressor &Lips Part
16/00503,Upper lip raiser &Lips Part
52/00789,Lip stretcher &Lips Part
31/00431,Lower lip depressor &Lips Part
02/00651,Lip stretcher &Lips Part
36/00628,Lower lip depressor &Lips Part
31/00638,Lower lip depressor &Lips Part
20/00164,Nan
25/00196,Lower lip depressor &Lips Part
41/00300,Nan
28/00036,Lip stretcher &Lips Part
40/00594,Lower lip depressor &Lips Part
04/00178,Lip stretcher &Lips Part
32/00636,Lip stretcher &Lips Part
04/00736,Nan
09/00894,Lower lip depressor &Lips Part
30/00634,Lower lip depressor &Lips Part
39/00758,Lower lip depressor &Lips Part
04/00548,Nan
50/00290,Lower lip depressor &Lips Part
12/00185,Lower lip depressor &Lips Part
47/00537,Lower lip depressor &Lips Part
03/00303,Upper lip raiser &Lips Part
27/00194,Lip stretcher &Lips Part
53/00688,Lower lip depressor &Lips Part
51/00375,Lower lip depressor &Lips Part
10/00377,Lip stretcher &Lips Part
09/00472,Lower lip depressor &Lips Part
30/00176,Lower lip depressor &Lips Part
29/00450,Lower lip depressor &Lips Part
29/00201,Lower lip depressor &Lips Part
46/00578,Lip stretcher &Lips Part
52/00687,Upper lip raiser &Lips Part
23/00742,Lower lip depressor &Lips Part
38/00076,Lip stretcher &Lips Part
23/00570,Upper lip raiser &Lips Part
07/00636,Nan
36/00480,Lower lip depressor &Lips Part
09/00853,Lip stretcher &Lips Part
03/00046,Lip stretcher &Lips Part
12/00017,Lower lip depressor &Lips Part
47/00381,Lower lip depressor &Lips Part
49/00286,Nan
39/00099,Upper lip raiser &Lips Part
14/00317,Lip stretcher &Lips Part
13/00378,NoseWrinkler & Lips Part
26/00013,Lower lip depressor &Lips Part
52/00286,Upper lip raiser &Lips Part
17/00434,Lip stretcher &Lips Part
02/00108,Upper lip raiser &Lips Part
05/00489,Lower lip depressor &Lips Part
19/00828,Lower lip depressor &Lips Part
46/00834,Lower lip depressor &Lips Part
19/00537,Lower lip depressor &Lips Part
50/00434,Lip stretcher &Lips Part
36/00625,Lip stretcher &Lips Part
01/00394,Lower lip depressor &Lips Part
17/00130,Lip stretcher &Lips Part
14/00480,Lip puckerer
07/00632,Nan
32/00408,Nan
23/00316,Lower lip depressor &Lips Part
48/00189,Lower lip depressor &Lips Part
37/00080,NoseWrinkler & Lips Part
04/00713,Lip puckerer
23/00683,Lower lip depressor &Lips Part
01/00169,Lip stretcher &Lips Part
36/00460,Lower lip depressor &Lips Part
12/00678,Lower lip depressor &Lips Part
03/00379,Upper lip raiser &Lips Part
09/00325,Lip puckerer
35/00322,Nan
01/00472,Nan
45/00622,Lip stretcher &Lips Part
31/00039,Lower lip depressor &Lips Part
37/00113,Lower lip depressor &Lips Part
08/00552,Lip stretcher &Lips Part
01/00181,Upper lip raiser &Lips Part
20/00112,Lower lip depressor &Lips Part
05/00711,Lip stretcher &Lips Part
01/00141,Lip stretcher &Lips Part
03/00317,Lower lip depressor &Lips Part
38/00110,Chin Raiser
53/00538,Lip stretcher &Lips Part
15/00484,Lip stretcher &Lips Part
36/00647,Nan
09/00328,Lip stretcher &Lips Part
02/00654,Lip stretcher &Lips Part
09/00575,NoseWrinkler & Lips Part
53/00495,Lip stretcher &Lips Part
50/00773,Lower lip depressor &Lips Part
04/00078,Lip stretcher &Lips Part
10/00164,Chin Raiser
30/00186,Upper lip raiser &Lips Part
49/00304,Lip stretcher &Lips Part
02/00162,Lip stretcher &Lips Part
35/00573,Upper lip raiser &Lips Part
14/00401,Upper lip raiser &Lips Part
15/00621,Lip stretcher &Lips Part
19/00144,Upper lip raiser &Lips Part
36/00670,Lip puckerer
13/00553,Chin Raiser
50/00482,Upper lip raiser &Lips Part
05/00176,Nan
45/00624,Lip stretcher &Lips Part
25/00721,Upper lip raiser &Lips Part
02/00522,Lip stretcher &Lips Part
26/00347,Upper lip raiser &Lips Part
51/00579,Lip stretcher &Lips Part
09/00777,Lower lip depressor &Lips Part
07/00086,Lip puckerer
33/00069,Chin Raiser
03/00721,Lip stretcher &Lips Part
04/00236,Nan
19/00210,Lip stretcher &Lips Part
45/00422,Lip stretcher &Lips Part
52/00252,Upper lip raiser &Lips Part
25/00421,Lip stretcher &Lips Part
10/00059,Lower lip depressor &Lips Part
36/00272,Upper lip raiser &Lips Part
27/00216,Lip stretcher &Lips Part
09/00589,NoseWrinkler & Lips Part
01/00633,Lip stretcher &Lips Part
49/00083,Lip stretcher &Lips Part
09/00339,Lip stretcher &Lips Part
36/00425,Lip stretcher &Lips Part
01/00213,Lip stretcher &Lips Part
05/00273,Lip puckerer
12/00037,Lower lip depressor &Lips Part
51/00277,Lip stretcher &Lips Part
09/00166,Lip stretcher &Lips Part
08/00284,Lower lip depressor &Lips Part
02/00079,Lower lip depressor &Lips Part
14/00492,Upper lip raiser &Lips Part
41/00248,Lower lip depressor &Lips Part
21/00121,Lower lip depressor &Lips Part
13/00456,Lip puckerer
18/00079,Lower lip depressor &Lips Part
01/00538,Lip puckerer
44/00617,Lower lip depressor &Lips Part
19/00523,Lower lip depressor &Lips Part
28/00284,Nan
30/00696,Chin Raiser
36/00783,Lower lip depressor &Lips Part
19/00789,Lower lip depressor &Lips Part
43/00344,Nan
14/00782,Upper lip raiser &Lips Part
45/00136,Lip stretcher &Lips Part
09/00386,Lower lip depressor &Lips Part
43/00584,Lower lip depressor &Lips Part
51/00604,Lower lip depressor &Lips Part
23/00762,Nan
16/00916,Lower lip depressor &Lips Part
24/00920,Lip stretcher &Lips Part
15/00515,Chin Raiser
34/00531,Nan
01/00135,Lip stretcher &Lips Part
21/00201,Upper lip raiser &Lips Part
09/00576,Lower lip depressor &Lips Part
46/00373,Chin Raiser
03/00487,Lip stretcher &Lips Part
43/00328,Lower lip depressor &Lips Part
51/00371,Lip stretcher &Lips Part
03/00608,Nan
25/00590,Nan
35/00652,Lower lip depressor &Lips Part
53/00553,Lower lip depressor &Lips Part
40/00339,Chin Raiser
33/00244,Lip stretcher &Lips Part
21/00193,Lip stretcher &Lips Part
15/00707,Lower lip depressor &Lips Part
23/00666,Lip stretcher &Lips Part
17/00112,Lower lip depressor &Lips Part
30/00224,Lip stretcher &Lips Part
35/00343,Lower lip depressor &Lips Part
18/00327,Lip stretcher &Lips Part
42/00357,Upper lip raiser &Lips Part
26/00211,Upper lip raiser &Lips Part
01/00747,Lip stretcher &Lips Part
16/00189,Nan
03/00152,Lip stretcher &Lips Part
19/00592,Lower lip depressor &Lips Part
19/00342,Lip stretcher &Lips Part
39/00135,Lower lip depressor &Lips Part
49/00740,Lower lip depressor &Lips Part
53/00517,Nan
47/00138,Lip stretcher &Lips Part
28/00127,Lower lip depressor &Lips Part
36/00910,Nan
39/00214,Lower lip depressor &Lips Part
03/00569,Nan
10/00312,Lower lip depressor &Lips Part
35/00427,Nan
15/00579,Chin Raiser
49/00702,Lip stretcher &Lips Part
23/00736,Lower lip depressor &Lips Part
03/00621,Nan
47/00335,Lower lip depressor &Lips Part
40/00524,Lower lip depressor &Lips Part
30/00494,Nan
11/00412,Lip stretcher &Lips Part
12/00330,NoseWrinkler & Lips Part
15/00694,Lower lip depressor &Lips Part
42/00489,Lower lip depressor &Lips Part
23/00811,Lower lip depressor &Lips Part
17/00011,Lip stretcher &Lips Part
31/00280,Lower lip depressor &Lips Part
30/00412,Lip stretcher &Lips Part
17/00255,Lower lip depressor &Lips Part
04/00385,Lip stretcher &Lips Part
43/00395,Lower lip depressor &Lips Part
12/00604,Chin Raiser
25/00393,Upper lip raiser &Lips Part
35/00429,Nan
03/00050,Lip puckerer
15/00777,Lip stretcher &Lips Part
33/00452,Lip stretcher &Lips Part
43/00191,Lower lip depressor &Lips Part
41/00475,Lower lip depressor &Lips Part
53/00252,Lower lip depressor &Lips Part
20/00677,Lip stretcher &Lips Part
48/00572,Lip stretcher &Lips Part
44/00176,Lower lip depressor &Lips Part
01/00692,Lower lip depressor &Lips Part
40/00702,Lower lip depressor &Lips Part
43/00681,Lip stretcher &Lips Part
28/00351,Lip stretcher &Lips Part
33/00511,Lip stretcher &Lips Part
23/00679,Lower lip depressor &Lips Part
32/00523,Chin Raiser
10/00292,Lower lip depressor &Lips Part
16/00902,Lip stretcher &Lips Part
13/00450,Lower lip depressor &Lips Part
33/00613,Lip stretcher &Lips Part
42/00387,Lip stretcher &Lips Part
40/00249,Lip stretcher &Lips Part
51/00625,Lower lip depressor &Lips Part
52/00128,Upper lip raiser &Lips Part
20/00355,Lower lip depressor &Lips Part
16/00465,Lower lip depressor &Lips Part
04/00132,Lip stretcher &Lips Part
40/00700,Lower lip depressor &Lips Part
42/00389,Lower lip depressor &Lips Part
01/00387,Lower lip depressor &Lips Part
15/00310,Lower lip depressor &Lips Part
37/00598,Lip stretcher &Lips Part
04/00022,Nan
14/00745,NoseWrinkler & Lips Part
19/00384,Upper lip raiser &Lips Part
14/00783,Lower lip depressor &Lips Part
19/00686,Lower lip depressor &Lips Part
20/00253,Lip stretcher &Lips Part
35/00048,Lower lip depressor &Lips Part
36/00485,Lip stretcher &Lips Part
49/00247,Chin Raiser
36/00687,Lip stretcher &Lips Part
16/00378,Lip stretcher &Lips Part
14/00701,Lip puckerer
17/00119,Lower lip depressor &Lips Part
01/00219,Lower lip depressor &Lips Part
45/00410,Lip stretcher &Lips Part
23/00669,Nan
19/00385,Upper lip raiser &Lips Part
51/00623,Upper lip raiser &Lips Part
30/00758,Lower lip depressor &Lips Part
02/00397,Lip stretcher &Lips Part
48/00106,Upper lip raiser &Lips Part
12/00018,Lip stretcher &Lips Part
37/00062,Lower lip depressor &Lips Part
52/00349,Lip stretcher &Lips Part
07/00230,Nan
43/00415,Lip stretcher &Lips Part
37/00582,Lower lip depressor &Lips Part
05/00008,Lip stretcher &Lips Part
24/00422,Upper lip raiser &Lips Part
03/00610,Nan
08/00580,Lip stretcher &Lips Part
02/00681,Lip stretcher &Lips Part
31/00129,Lip stretcher &Lips Part
17/00324,Lip stretcher &Lips Part
09/00774,Chin Raiser
12/00292,Chin Raiser
12/00359,Lower lip depressor &Lips Part
51/00112,Lower lip depressor &Lips Part
42/00490,Lip stretcher &Lips Part
19/00849,Lower lip depressor &Lips Part
34/00467,Lower lip depressor &Lips Part
50/00478,Lower lip depressor &Lips Part
53/00521,Upper lip raiser &Lips Part
13/00594,Lower lip depressor &Lips Part
09/00185,Lip puckerer
28/00498,Lower lip depressor &Lips Part
53/00652,Lower lip depressor &Lips Part
39/00560,Upper lip raiser &Lips Part
52/00235,Lip stretcher &Lips Part
46/00218,Lip stretcher &Lips Part
01/00224,Lower lip depressor &Lips Part
01/00220,Upper lip raiser &Lips Part
36/00648,Nan
42/00611,Upper lip raiser &Lips Part
34/00420,Lower lip depressor &Lips Part
04/00636,Nan
12/00715,Lower lip depressor &Lips Part
02/00499,Lower lip depressor &Lips Part
07/00257,Lip stretcher &Lips Part
12/00746,Lower lip depressor &Lips Part
05/00325,Lower lip depressor &Lips Part
51/00098,Chin Raiser
45/00245,Lip stretcher &Lips Part
22/00792,Lip stretcher &Lips Part
24/00295,Lower lip depressor &Lips Part
06/00208,Nan
13/00514,Nan
35/00466,Lower lip depressor &Lips Part
33/00600,Lip stretcher &Lips Part
26/00342,Nan
26/00150,Lip stretcher &Lips Part
36/00504,Lower lip depressor &Lips Part
04/00615,Nan
33/00465,Lip stretcher &Lips Part
18/00145,Lip stretcher &Lips Part
13/00003,Chin Raiser
05/00320,Lower lip depressor &Lips Part
06/00612,Nan
17/00103,Lip stretcher &Lips Part
46/00379,Lip stretcher &Lips Part
50/00323,Lower lip depressor &Lips Part
47/00182,Upper lip raiser &Lips Part
06/00537,Nan
06/00458,Lip stretcher &Lips Part
31/00433,Upper lip raiser &Lips Part
14/00746,Lip stretcher &Lips Part
42/00392,Upper lip raiser &Lips Part
51/00276,Lower lip depressor &Lips Part
36/00644,Lip stretcher &Lips Part
01/00634,Lower lip depressor &Lips Part
25/00734,Upper lip raiser &Lips Part
09/00584,Lower lip depressor &Lips Part
01/00432,Lower lip depressor &Lips Part
33/00505,Lip stretcher &Lips Part
03/00429,Nan
53/00637,Lower lip depressor &Lips Part
51/00160,Lower lip depressor &Lips Part
24/00917,Lower lip depressor &Lips Part
25/00739,Upper lip raiser &Lips Part
37/00518,Nan
32/00297,Lip stretcher &Lips Part
14/00715,Chin Raiser
42/00440,Lower lip depressor &Lips Part
06/00596,Nan
03/00490,Upper lip raiser &Lips Part
52/00257,Lip stretcher &Lips Part
41/00555,Upper lip raiser &Lips Part
52/00362,Lower lip depressor &Lips Part
21/00191,Lip stretcher &Lips Part
05/00032,Chin Raiser
16/00412,Lower lip depressor &Lips Part
01/00375,Lip stretcher &Lips Part
50/00771,Lower lip depressor &Lips Part
34/00358,Lower lip depressor &Lips Part
30/00632,Lower lip depressor &Lips Part
04/00077,Lip puckerer
33/00063,Chin Raiser
43/00398,Lower lip depressor &Lips Part
09/00499,Lip stretcher &Lips Part
17/00142,Lower lip depressor &Lips Part
12/00625,Lip stretcher &Lips Part
01/00484,Nan
01/00069,Chin Raiser
36/00475,Lower lip depressor &Lips Part
40/00371,Nan
42/00356,Upper lip raiser &Lips Part
07/00218,Nan
27/00317,Lip stretcher &Lips Part
24/00547,Lower lip depressor &Lips Part
50/00738,Nan
39/00134,NoseWrinkler & Lips Part
24/00880,Lip stretcher &Lips Part
35/00183,Upper lip raiser &Lips Part
17/00436,Upper lip raiser &Lips Part
51/00695,Lip stretcher &Lips Part
36/00492,Upper lip raiser &Lips Part
26/00088,Lower lip depressor &Lips Part
40/00447,Lower lip depressor &Lips Part
36/00782,Lower lip depressor &Lips Part
47/00136,Lip stretcher &Lips Part
16/00552,Lower lip depressor &Lips Part
25/00578,Lip stretcher &Lips Part
03/00143,Lip puckerer
04/00433,Chin Raiser
04/00739,Lip stretcher &Lips Part
07/00542,Nan
05/00412,Lip puckerer
37/00263,NoseWrinkler & Lips Part
28/00546,Lower lip depressor &Lips Part
23/00644,Chin Raiser
49/00741,Nan
12/00501,Lower lip depressor &Lips Part
21/00707,Lower lip depressor &Lips Part
13/00004,Lip stretcher &Lips Part
31/00061,Nan
30/00542,Lower lip depressor &Lips Part
12/00579,Lower lip depressor &Lips Part
04/00544,Lip stretcher &Lips Part
52/00678,Lip stretcher &Lips Part
12/00680,NoseWrinkler & Lips Part
40/00686,Lower lip depressor &Lips Part
53/00472,Lower lip depressor &Lips Part
17/00620,Upper lip raiser &Lips Part
05/00493,Lip stretcher &Lips Part
42/00486,Lower lip depressor &Lips Part
46/00214,Lip stretcher &Lips Part
52/00345,Lip stretcher &Lips Part
01/00163,Lower lip depressor &Lips Part
26/00349,Nan
25/00869,Lower lip depressor &Lips Part
50/00432,Lower lip depressor &Lips Part
27/00213,Lip stretcher &Lips Part
30/00497,Lip stretcher &Lips Part
49/00336,Chin Raiser
12/00478,NoseWrinkler & Lips Part
09/00571,NoseWrinkler & Lips Part
52/00485,Lip stretcher &Lips Part
33/00215,Lip stretcher &Lips Part
09/00186,Lip stretcher &Lips Part
51/00200,Lower lip depressor &Lips Part
25/00267,Lip stretcher &Lips Part
23/00283,Lip stretcher &Lips Part
21/00051,Lower lip depressor &Lips Part
30/00515,Lip stretcher &Lips Part
10/00532,Lower lip depressor &Lips Part
01/00388,Lower lip depressor &Lips Part
35/00690,Lip stretcher &Lips Part
40/00523,Lower lip depressor &Lips Part
01/00530,Lower lip depressor &Lips Part
25/00729,Upper lip raiser &Lips Part
36/00484,Lower lip depressor &Lips Part
04/00387,Nan
09/00865,Lower lip depressor &Lips Part
49/00322,Lip stretcher &Lips Part
45/00645,Lip stretcher &Lips Part
16/00223,Upper lip raiser &Lips Part
51/00383,Nan
14/00079,Lip puckerer
53/00296,Lower lip depressor &Lips Part
16/00232,Upper lip raiser &Lips Part
49/00321,Lip stretcher &Lips Part
09/00887,Lower lip depressor &Lips Part
20/00787,Lower lip depressor &Lips Part
25/00780,Lower lip depressor &Lips Part
03/00148,Lip stretcher &Lips Part
11/00264,Lip stretcher &Lips Part
40/00350,Lower lip depressor &Lips Part
45/00711,Upper lip raiser &Lips Part
45/00134,Lip stretcher &Lips Part
37/00494,Chin Raiser
15/00309,Lip stretcher &Lips Part
33/00561,Lower lip depressor &Lips Part
32/00526,Lip stretcher &Lips Part
50/00760,Chin Raiser
11/00260,Lower lip depressor &Lips Part
49/00256,Chin Raiser
37/00120,Nan
16/00554,Lip stretcher &Lips Part
46/00703,Lower lip depressor &Lips Part
20/00823,Lower lip depressor &Lips Part
41/00441,Lip stretcher &Lips Part
20/00181,Lip stretcher &Lips Part
48/00375,Lip stretcher &Lips Part
07/00173,Nan
41/00442,Nan
04/00220,NoseWrinkler & Lips Part
53/00683,Chin Raiser
52/00159,Lip stretcher &Lips Part
49/00512,Lip stretcher &Lips Part
32/00431,Nan
36/00679,Nan
23/00583,Lower lip depressor &Lips Part
36/00521,Lower lip depressor &Lips Part
48/00287,Lip stretcher &Lips Part
52/00435,Lower lip depressor &Lips Part
13/00627,Lower lip depressor &Lips Part
52/00363,Upper lip raiser &Lips Part
27/00211,Lower lip depressor &Lips Part
17/00596,Upper lip raiser &Lips Part
02/00652,Lip stretcher &Lips Part
04/00366,Lip stretcher &Lips Part
28/00557,Lip stretcher &Lips Part
01/00741,Nan
35/00717,Chin Raiser
53/00401,Nan
02/00247,Lower lip depressor &Lips Part
21/00170,Upper lip raiser &Lips Part
45/00717,Lower lip depressor &Lips Part
51/00606,Lip stretcher &Lips Part
26/00140,Lower lip depressor &Lips Part
45/00771,Chin Raiser
37/00349,Lower lip depressor &Lips Part
17/00126,Upper lip raiser &Lips Part
30/00223,Lip stretcher &Lips Part
49/00318,Lower lip depressor &Lips Part
03/00054,Lip stretcher &Lips Part
38/00560,Lower lip depressor &Lips Part
53/00096,Lower lip depressor &Lips Part
34/00050,Lip stretcher &Lips Part
45/00464,Lip stretcher &Lips Part
18/00273,Lip stretcher &Lips Part
12/00122,Lower lip depressor &Lips Part
09/00577,Lower lip depressor &Lips Part
25/00620,Lower lip depressor &Lips Part
13/00597,Lip stretcher &Lips Part
25/00349,Lower lip depressor &Lips Part
25/00562,Lip stretcher &Lips Part
43/00683,Lip stretcher &Lips Part
52/00271,NoseWrinkler & Lips Part
12/00605,Lip stretcher &Lips Part
35/00718,Lip stretcher &Lips Part
34/00430,Lower lip depressor &Lips Part
52/00483,Lower lip depressor &Lips Part
22/00827,Lower lip depressor &Lips Part
41/00470,Upper lip raiser &Lips Part
26/00231,Lower lip depressor &Lips Part
13/00484,Lower lip depressor &Lips Part
25/00846,Upper lip raiser &Lips Part
12/00121,Lip stretcher &Lips Part
10/00391,Lower lip depressor &Lips Part
22/00376,Lip stretcher &Lips Part
15/00305,Lower lip depressor &Lips Part
30/00190,Lip stretcher &Lips Part
01/00418,Lip puckerer
26/00749,Lower lip depressor &Lips Part
17/00029,Lower lip depressor &Lips Part
33/00588,Lip stretcher &Lips Part
28/00244,Lip stretcher &Lips Part
05/00429,Lower lip depressor &Lips Part
12/00606,Chin Raiser
50/00331,Lip stretcher &Lips Part
25/00043,Lip stretcher &Lips Part
16/00567,Lip stretcher &Lips Part
36/00516,Lower lip depressor &Lips Part
52/00270,Upper lip raiser &Lips Part
52/00178,Lip stretcher &Lips Part
17/00488,Lip stretcher &Lips Part
26/00522,Lower lip depressor &Lips Part
20/00828,Lower lip depressor &Lips Part
06/00069,Lower lip depressor &Lips Part
53/00484,Nan
04/00437,Nan
50/00464,Lip stretcher &Lips Part
14/00775,Lower lip depressor &Lips Part
16/00917,Lip stretcher &Lips Part
21/00493,Lower lip depressor &Lips Part
17/00640,Lip stretcher &Lips Part
05/00727,Nan
01/00077,Upper lip raiser &Lips Part
24/00701,Lower lip depressor &Lips Part
52/00790,Lip stretcher &Lips Part
23/00098,Nan
32/00321,Lip stretcher &Lips Part
50/00208,Upper lip raiser &Lips Part
03/00300,Lower lip depressor &Lips Part
05/00219,Lip stretcher &Lips Part
20/00734,Lip stretcher &Lips Part
39/00748,Upper lip raiser &Lips Part
17/00729,Upper lip raiser &Lips Part
06/00312,Lip puckerer
50/00567,Lower lip depressor &Lips Part
01/00409,Nan
13/00368,Upper lip raiser &Lips Part
17/00713,Upper lip raiser &Lips Part
35/00344,Lower lip depressor &Lips Part
53/00162,Lip stretcher &Lips Part
50/00110,Lower lip depressor &Lips Part
42/00402,Lower lip depressor &Lips Part
09/00136,Lip stretcher &Lips Part
04/00301,Lip stretcher &Lips Part
49/00548,Lip stretcher &Lips Part
51/00113,Lower lip depressor &Lips Part
19/00574,Lower lip depressor &Lips Part
45/00772,Lip stretcher &Lips Part
09/00515,Lower lip depressor &Lips Part
43/00204,Lower lip depressor &Lips Part
25/00614,Nan
17/00032,Lower lip depressor &Lips Part
13/00508,Lip stretcher &Lips Part
01/00424,Nan
52/00490,Lip stretcher &Lips Part
25/00085,Lower lip depressor &Lips Part
03/00154,Lip stretcher &Lips Part
01/00465,Nan
53/00293,Lower lip depressor &Lips Part
25/00183,Lower lip depressor &Lips Part
25/00176,Lower lip depressor &Lips Part
01/00186,Nan
25/00872,Upper lip raiser &Lips Part
33/00609,Lower lip depressor &Lips Part
39/00227,Lower lip depressor &Lips Part
49/00739,Lip stretcher &Lips Part
14/00318,Lower lip depressor &Lips Part
40/00112,Lip puckerer
39/00709,Upper lip raiser &Lips Part
36/00378,Lip stretcher &Lips Part
21/00077,Upper lip raiser &Lips Part
40/00490,Lower lip depressor &Lips Part
01/00655,Lower lip depressor &Lips Part
53/00021,Lower lip depressor &Lips Part
01/00413,Lip stretcher &Lips Part
24/00384,Lower lip depressor &Lips Part
34/00360,Nan
23/00256,Lower lip depressor &Lips Part
01/00525,Upper lip raiser &Lips Part
07/00698,Nan
04/00438,Nan
36/00505,Lower lip depressor &Lips Part
53/00276,Chin Raiser
37/00485,Lower lip depressor &Lips Part
12/00408,Lower lip depressor &Lips Part
46/00387,Lower lip depressor &Lips Part
04/00389,Lip puckerer
33/00481,Lower lip depressor &Lips Part
02/00163,Lower lip depressor &Lips Part
43/00364,Lip puckerer
45/00714,Lip stretcher &Lips Part
18/00229,Nan
21/00273,Lower lip depressor &Lips Part
35/00184,Lip stretcher &Lips Part
17/00110,Lower lip depressor &Lips Part
01/00659,Lip stretcher &Lips Part
49/00228,Lip stretcher &Lips Part
53/00496,Nan
19/00848,Lower lip depressor &Lips Part
20/00398,Lower lip depressor &Lips Part
10/00051,Lower lip depressor &Lips Part
32/00337,Lip stretcher &Lips Part
47/00147,Lower lip depressor &Lips Part
25/00537,Lip stretcher &Lips Part
21/00208,Lip stretcher &Lips Part
51/00020,Nan
30/00754,Lower lip depressor &Lips Part
23/00799,Lip stretcher &Lips Part
41/00258,Lower lip depressor &Lips Part
02/00249,Lip stretcher &Lips Part
36/00473,Lower lip depressor &Lips Part
07/00275,Nan
52/00436,Lip stretcher &Lips Part
24/00430,Lip stretcher &Lips Part
23/00814,Lip stretcher &Lips Part
53/00606,Lower lip depressor &Lips Part
07/00284,Nan
52/00474,Lower lip depressor &Lips Part
12/00580,Lower lip depressor &Lips Part
53/00033,Lower lip depressor &Lips Part
25/00380,Lip stretcher &Lips Part
23/00049,Lip stretcher &Lips Part
47/00673,Lower lip depressor &Lips Part
13/00671,Lip puckerer
04/00392,Nan
09/00477,NoseWrinkler & Lips Part
49/00171,Lip stretcher &Lips Part
04/00386,Nan
07/00066,Nan
37/00416,Upper lip raiser &Lips Part
05/00639,Lower lip depressor &Lips Part
15/00381,NoseWrinkler & Lips Part
35/00497,Lower lip depressor &Lips Part
52/00160,Lower lip depressor &Lips Part
53/00182,Lip stretcher &Lips Part
01/00127,Lip stretcher &Lips Part
36/00275,Upper lip raiser &Lips Part
39/00828,Nan
36/00923,Nan
01/00212,Lip stretcher &Lips Part
47/00523,Lower lip depressor &Lips Part
38/00249,Lower lip depressor &Lips Part
34/00477,Upper lip raiser &Lips Part
26/00506,Lip stretcher &Lips Part
21/00706,Lip stretcher &Lips Part
19/00397,Nan
14/00400,Chin Raiser
13/00552,Lower lip depressor &Lips Part
49/00280,Chin Raiser
34/00519,Lower lip depressor &Lips Part
09/00380,Lower lip depressor &Lips Part
28/00037,Lower lip depressor &Lips Part
17/00077,Lower lip depressor &Lips Part
30/00495,Nan
49/00356,Lip stretcher &Lips Part
26/00748,Lower lip depressor &Lips Part
45/00619,Lip stretcher &Lips Part
37/00104,Lower lip depressor &Lips Part
52/00351,Lip stretcher &Lips Part
35/00470,Upper lip raiser &Lips Part
27/00731,Lower lip depressor &Lips Part
01/00395,Lower lip depressor &Lips Part
53/00254,Lower lip depressor &Lips Part
50/00605,Lip stretcher &Lips Part
40/00609,Lower lip depressor &Lips Part
39/00751,Nan
02/00523,Lip puckerer
27/00738,Lip stretcher &Lips Part
48/00456,Lower lip depressor &Lips Part
19/00214,Nan
05/00324,Lip stretcher &Lips Part
18/00282,Lip stretcher &Lips Part
04/00668,Nan
28/00246,Nan
38/00430,Lower lip depressor &Lips Part
10/00184,Lower lip depressor &Lips Part
49/00550,Lower lip depressor &Lips Part
03/00312,Nan
40/00699,NoseWrinkler & Lips Part
04/00638,Lower lip depressor &Lips Part
02/00641,Lip stretcher &Lips Part
03/00489,Lip stretcher &Lips Part
05/00050,Nan
18/00151,Lower lip depressor &Lips Part
10/00297,Lower lip depressor &Lips Part
45/00094,Lower lip depressor &Lips Part
29/00615,Lip stretcher &Lips Part
03/00094,Lip stretcher &Lips Part
39/00143,Upper lip raiser &Lips Part
12/00234,Lower lip depressor &Lips Part
35/00327,Lower lip depressor &Lips Part
14/00702,Lip puckerer
06/00446,Lip stretcher &Lips Part
52/00238,Lip stretcher &Lips Part
37/00137,Chin Raiser
16/00512,Lower lip depressor &Lips Part
53/00636,Nan
53/00473,Nan
08/00289,Lower lip depressor &Lips Part
03/00151,Lip stretcher &Lips Part
10/00554,Lower lip depressor &Lips Part
01/00108,Lower lip depressor &Lips Part
12/00016,Lip puckerer
01/00737,Lower lip depressor &Lips Part
33/00603,Lower lip depressor &Lips Part
40/00370,Lower lip depressor &Lips Part
04/00659,Nan
06/00538,Nan
50/00502,Lip stretcher &Lips Part
12/00336,Lip stretcher &Lips Part
52/00714,Lip stretcher &Lips Part
37/00467,Lower lip depressor &Lips Part
06/00726,Nan
40/00525,Lower lip depressor &Lips Part
04/00355,Lip stretcher &Lips Part
43/00594,Lip stretcher &Lips Part
07/00174,Nan
31/00120,Lower lip depressor &Lips Part
16/00570,Lip stretcher &Lips Part
36/00477,Chin Raiser
19/00694,Lip stretcher &Lips Part
47/00315,Lower lip depressor &Lips Part
45/00151,Chin Raiser
29/00465,Lower lip depressor &Lips Part
53/00607,Lower lip depressor &Lips Part
04/00740,Nan
09/00888,NoseWrinkler & Lips Part
52/00688,NoseWrinkler & Lips Part
21/00180,Lip stretcher &Lips Part
09/00473,NoseWrinkler & Lips Part
06/00574,Lip stretcher &Lips Part
16/00810,Lower lip depressor &Lips Part
42/00574,Nan
41/00421,Lower lip depressor &Lips Part
04/00361,Chin Raiser
01/00499,Nan
22/00858,Lower lip depressor &Lips Part
25/00367,Lower lip depressor &Lips Part
01/00282,Lower lip depressor &Lips Part
10/00523,Lower lip depressor &Lips Part
05/00218,Nan
02/00514,Lip stretcher &Lips Part
31/00124,Lower lip depressor &Lips Part
31/00034,Lip stretcher &Lips Part
36/00424,Lip stretcher &Lips Part
37/00505,Chin Raiser
32/00446,Lip stretcher &Lips Part
47/00180,Lip stretcher &Lips Part
52/00545,Lower lip depressor &Lips Part
13/00268,Lower lip depressor &Lips Part
17/00273,Upper lip raiser &Lips Part
34/00146,Lower lip depressor &Lips Part
40/00479,NoseWrinkler & Lips Part
03/00596,Nan
14/00113,Lower lip depressor &Lips Part
19/00239,Nan
36/00422,Lip stretcher &Lips Part
05/00197,Lip puckerer
12/00714,Upper lip raiser &Lips Part
03/00746,Lower lip depressor &Lips Part
29/00259,Lower lip depressor &Lips Part
45/00408,Lip stretcher &Lips Part
03/00055,Lip stretcher &Lips Part
10/00265,Lower lip depressor &Lips Part
03/00155,Lip stretcher &Lips Part
42/00246,Upper lip raiser &Lips Part
25/00371,Lip stretcher &Lips Part
01/00258,Upper lip raiser &Lips Part
38/00516,Lower lip depressor &Lips Part
35/00326,Lip stretcher &Lips Part
21/00598,Lower lip depressor &Lips Part
17/00413,Lower lip depressor &Lips Part
06/00329,Lip stretcher &Lips Part
35/00180,Upper lip raiser &Lips Part
50/00612,Lip stretcher &Lips Part
02/00603,Lip puckerer
27/00730,Lip stretcher &Lips Part
30/00187,Lip stretcher &Lips Part
26/00012,Lower lip depressor &Lips Part
34/00483,Upper lip raiser &Lips Part
04/00734,Nan
01/00062,Lip stretcher &Lips Part
14/00391,Chin Raiser
16/00224,Chin Raiser
19/00561,Lower lip depressor &Lips Part
35/00357,Lower lip depressor &Lips Part
39/00746,Lip puckerer
19/00398,Lip stretcher &Lips Part
09/00587,Lower lip depressor &Lips Part
52/00492,Lower lip depressor &Lips Part
40/00701,Upper lip raiser &Lips Part
23/00569,Lower lip depressor &Lips Part
52/00255,Lip stretcher &Lips Part
24/00294,Lower lip depressor &Lips Part
36/00926,Lower lip depressor &Lips Part
22/00817,Lower lip depressor &Lips Part
16/00504,Upper lip raiser &Lips Part
09/00825,Lower lip depressor &Lips Part
50/00370,Lip stretcher &Lips Part
20/00669,Lower lip depressor &Lips Part
52/00305,Lip stretcher &Lips Part
27/00732,Lower lip depressor &Lips Part
15/00685,Lower lip depressor &Lips Part
52/00508,Lip stretcher &Lips Part
35/00719,Lower lip depressor &Lips Part
19/00211,Lower lip depressor &Lips Part
23/00496,Lip stretcher &Lips Part
05/00184,Nan
48/00260,Lower lip depressor &Lips Part
47/00660,Lower lip depressor &Lips Part
06/00508,Lower lip depressor &Lips Part
02/00274,Lip stretcher &Lips Part
05/00009,Lip stretcher &Lips Part
45/00709,Lip stretcher &Lips Part
52/00177,Lip stretcher &Lips Part
53/00463,Lower lip depressor &Lips Part
18/00637,Lip stretcher &Lips Part
23/00055,Lower lip depressor &Lips Part
37/00370,Upper lip raiser &Lips Part
17/00475,Lower lip depressor &Lips Part
24/00423,Lower lip depressor &Lips Part
27/00573,Lower lip depressor &Lips Part
38/00535,Lower lip depressor &Lips Part
25/00589,Lower lip depressor &Lips Part
46/00211,Lip stretcher &Lips Part
46/00317,Lip stretcher &Lips Part
01/00187,Lip puckerer
12/00502,Lower lip depressor &Lips Part
50/00330,Lip stretcher &Lips Part
04/00549,Nan
18/00739,Lip stretcher &Lips Part
01/00389,Lip puckerer
33/00097,Lower lip depressor &Lips Part
06/00198,Lip stretcher &Lips Part
04/00227,Nan
01/00423,NoseWrinkler & Lips Part
36/00506,Lower lip depressor &Lips Part
42/00388,Lower lip depressor &Lips Part
12/00563,NoseWrinkler & Lips Part
06/00579,Lower lip depressor &Lips Part
52/00346,Lip stretcher &Lips Part
33/00442,Nan
27/00321,Lip stretcher &Lips Part
47/00667,Lip stretcher &Lips Part
32/00528,Chin Raiser
27/00717,Lip stretcher &Lips Part
44/00173,Lip stretcher &Lips Part
32/00421,Lower lip depressor &Lips Part
09/00254,Lip stretcher &Lips Part
53/00522,Upper lip raiser &Lips Part
24/00593,Upper lip raiser &Lips Part
43/00583,Lip stretcher &Lips Part
01/00468,Lip stretcher &Lips Part
24/00429,Lower lip depressor &Lips Part
23/00813,Lower lip depressor &Lips Part
27/00304,Upper lip raiser &Lips Part
52/00243,Lip stretcher &Lips Part
02/00240,Lower lip depressor &Lips Part
52/00646,Upper lip raiser &Lips Part
43/00196,Lip puckerer
34/00349,Lower lip depressor &Lips Part
13/00346,Lower lip depressor &Lips Part
42/00591,Lower lip depressor &Lips Part
04/00007,Nan
07/00177,Chin Raiser
19/00648,Lip stretcher &Lips Part
15/00686,Lip stretcher &Lips Part
41/00474,Chin Raiser
04/00171,Lip puckerer
17/00439,Lower lip depressor &Lips Part
17/00107,Lower lip depressor &Lips Part
53/00288,Lip stretcher &Lips Part
07/00539,Lip stretcher &Lips Part
40/00290,Nan
49/00549,Lower lip depressor &Lips Part
15/00814,Lip puckerer
20/00488,Lower lip depressor &Lips Part
53/00298,Lower lip depressor &Lips Part
34/00221,Upper lip raiser &Lips Part
36/00934,Lip stretcher &Lips Part
03/00491,Nan
31/00119,NoseWrinkler & Lips Part
07/00531,Nan
08/00587,Nan
13/00620,Upper lip raiser &Lips Part
17/00411,Lip stretcher &Lips Part
46/00579,Lip stretcher &Lips Part
44/00200,Lower lip depressor &Lips Part
03/00410,Lip stretcher &Lips Part
37/00417,Lip stretcher &Lips Part
05/00198,Lower lip depressor &Lips Part
30/00748,Lower lip depressor &Lips Part
36/00423,Lip stretcher &Lips Part
04/00265,Nan
32/00453,Lip stretcher &Lips Part
51/00373,Lower lip depressor &Lips Part
09/00156,Nan
36/00274,Lower lip depressor &Lips Part
35/00332,Lower lip depressor &Lips Part
53/00394,Lower lip depressor &Lips Part
04/00222,NoseWrinkler & Lips Part
47/00151,Lip stretcher &Lips Part
04/00546,Nan
04/00304,Lip stretcher &Lips Part
36/00932,Lower lip depressor &Lips Part
12/00020,Lip stretcher &Lips Part
53/00161,Lip stretcher &Lips Part
02/00241,Lip stretcher &Lips Part
05/00173,Lower lip depressor &Lips Part
29/00531,Upper lip raiser &Lips Part
32/00549,Lower lip depressor &Lips Part
17/00728,Chin Raiser
33/00493,Upper lip raiser &Lips Part
09/00520,Lower lip depressor &Lips Part
21/00222,Lower lip depressor &Lips Part
01/00479,Nan
30/00220,Lip stretcher &Lips Part
35/00050,Lower lip depressor &Lips Part
07/00602,Nan
49/00335,Lower lip depressor &Lips Part
12/00183,Chin Raiser
10/00294,Lower lip depressor &Lips Part
04/00362,Lip stretcher &Lips Part
01/00483,Nan
09/00201,Lip stretcher &Lips Part
45/00706,Lower lip depressor &Lips Part
01/00598,Lip stretcher &Lips Part
39/00865,Lip stretcher &Lips Part
02/00506,Lip stretcher &Lips Part
25/00892,Lower lip depressor &Lips Part
45/00218,Lower lip depressor &Lips Part
50/00080,Nan
12/00672,NoseWrinkler & Lips Part
03/00332,Nan
06/00617,Nan
50/00584,Lip stretcher &Lips Part
07/00697,Nan
41/00257,Chin Raiser
37/00599,Lower lip depressor &Lips Part
41/00268,Lower lip depressor &Lips Part
40/00091,Lip stretcher &Lips Part
53/00537,Lip stretcher &Lips Part
37/00121,Lip stretcher &Lips Part
40/00540,Upper lip raiser &Lips Part
30/00445,Lip stretcher &Lips Part
07/00219,Nan
26/00114,Lower lip depressor &Lips Part
50/00259,Lower lip depressor &Lips Part
01/00460,Lip stretcher &Lips Part
36/00650,Lip stretcher &Lips Part
16/00909,Lower lip depressor &Lips Part
35/00179,Lower lip depressor &Lips Part
04/00013,Lip stretcher &Lips Part
51/00099,Nan
14/00112,Upper lip raiser &Lips Part
49/00627,Lower lip depressor &Lips Part
30/00718,Lower lip depressor &Lips Part
01/00490,Lip stretcher &Lips Part
37/00138,Lower lip depressor &Lips Part
12/00515,Chin Raiser
22/00804,Lower lip depressor &Lips Part
22/00436,Lower lip depressor &Lips Part
01/00447,Nan
07/00101,Nan
01/00569,Lower lip depressor &Lips Part
13/00371,Lip stretcher &Lips Part
17/00023,Lower lip depressor &Lips Part
53/00299,Lip stretcher &Lips Part
30/00716,Lower lip depressor &Lips Part
34/00106,Chin Raiser
24/00425,Lip stretcher &Lips Part
13/00026,Lower lip depressor &Lips Part
01/00573,Lower lip depressor &Lips Part
52/00248,Upper lip raiser &Lips Part
39/00849,Lip stretcher &Lips Part
37/00510,Chin Raiser
17/00241,Lower lip depressor &Lips Part
17/00028,Lower lip depressor &Lips Part
05/00168,Nan
44/00163,Chin Raiser
50/00758,Lower lip depressor &Lips Part
20/00670,Lip stretcher &Lips Part
37/00509,Lower lip depressor &Lips Part
06/00207,Lower lip depressor &Lips Part
26/00346,Nan
32/00530,Lip stretcher &Lips Part
10/00132,NoseWrinkler & Lips Part
50/00772,Upper lip raiser &Lips Part
06/00300,Nan
28/00245,Nan
10/00453,Lower lip depressor &Lips Part
47/00380,Lower lip depressor &Lips Part
53/00189,Lip stretcher &Lips Part
04/00415,Nan
47/00520,Nan
09/00840,NoseWrinkler & Lips Part
26/00497,Upper lip raiser &Lips Part
30/00137,Lip stretcher &Lips Part
42/00261,Lower lip depressor &Lips Part
50/00728,Lower lip depressor &Lips Part
16/00549,Lip stretcher &Lips Part
23/00255,Upper lip raiser &Lips Part
33/00104,Lip stretcher &Lips Part
48/00684,Lower lip depressor &Lips Part
01/00112,Lip stretcher &Lips Part
01/00647,Lower lip depressor &Lips Part
30/00737,Lower lip depressor &Lips Part
17/00730,Upper lip raiser &Lips Part
47/00614,Lower lip depressor &Lips Part
37/00225,Lip puckerer
49/00552,Lower lip depressor &Lips Part
01/00594,Lower lip depressor &Lips Part
38/00291,Lower lip depressor &Lips Part
23/00680,Nan
04/00300,Nan
16/00379,Lower lip depressor &Lips Part
17/00440,Lower lip depressor &Lips Part
04/00090,Upper lip raiser &Lips Part
23/00741,Upper lip raiser &Lips Part
03/00619,Lower lip depressor &Lips Part
30/00414,Lip stretcher &Lips Part
07/00346,Nan
17/00669,Lip stretcher &Lips Part
28/00312,Nan
13/00269,Lip stretcher &Lips Part
31/00626,Lower lip depressor &Lips Part
17/00739,Lip stretcher &Lips Part
07/00631,Chin Raiser
13/00406,Lip stretcher &Lips Part
01/00116,Lower lip depressor &Lips Part
09/00594,Lower lip depressor &Lips Part
21/00224,Lower lip depressor &Lips Part
35/00363,Nan
13/00699,Chin Raiser
15/00476,Lower lip depressor &Lips Part
31/00639,Lip stretcher &Lips Part
38/00704,Upper lip raiser &Lips Part
27/00208,Lip stretcher &Lips Part
21/00209,Lip stretcher &Lips Part
43/00403,Lower lip depressor &Lips Part
24/00218,Lower lip depressor &Lips Part
01/00524,Nan
12/00677,NoseWrinkler & Lips Part
44/00494,Lip stretcher &Lips Part
33/00510,Lip stretcher &Lips Part
23/00792,Lip stretcher &Lips Part
36/00456,Lower lip depressor &Lips Part
01/00270,Upper lip raiser &Lips Part
05/00490,Lip stretcher &Lips Part
04/00500,Upper lip raiser &Lips Part
25/00792,Lower lip depressor &Lips Part
25/00542,Chin Raiser
10/00264,Lower lip depressor &Lips Part
02/00226,Lower lip depressor &Lips Part
09/00715,NoseWrinkler & Lips Part
02/00358,Lower lip depressor &Lips Part
19/00820,Lower lip depressor &Lips Part
49/00166,Upper lip raiser &Lips Part
26/00513,Upper lip raiser &Lips Part
50/00111,Upper lip raiser &Lips Part
30/00188,Lip stretcher &Lips Part
19/00372,Upper lip raiser &Lips Part
07/00349,Lower lip depressor &Lips Part
49/00317,Lip stretcher &Lips Part
37/00486,Lip stretcher &Lips Part
53/00085,Lower lip depressor &Lips Part
24/00879,Lip stretcher &Lips Part
25/00078,Lower lip depressor &Lips Part
01/00586,Nan
32/00351,Upper lip raiser &Lips Part
19/00575,Lower lip depressor &Lips Part
51/00556,Lip stretcher &Lips Part
08/00129,Nan
15/00330,Nan
25/00082,Lower lip depressor &Lips Part
06/00244,Lip stretcher &Lips Part
18/00450,Lip stretcher &Lips Part
41/00548,Upper lip raiser &Lips Part
02/00106,Nan
40/00494,Lower lip depressor &Lips Part
13/00320,Lip puckerer
14/00688,Lower lip depressor &Lips Part
04/00184,Lip stretcher &Lips Part
51/00590,Lip stretcher &Lips Part
32/00303,Lip stretcher &Lips Part
29/00616,Lower lip depressor &Lips Part
36/00457,Chin Raiser
15/00770,Lower lip depressor &Lips Part
09/00863,Lip stretcher &Lips Part
44/00661,Lip stretcher &Lips Part
10/00191,Lower lip depressor &Lips Part
09/00377,NoseWrinkler & Lips Part
51/00103,Nan
22/00789,Lower lip depressor &Lips Part
49/00164,Lip stretcher &Lips Part
27/00727,Lower lip depressor &Lips Part
32/00302,Lower lip depressor &Lips Part
14/00471,Lip stretcher &Lips Part
27/00301,Upper lip raiser &Lips Part
25/00189,Chin Raiser
49/00176,Lip stretcher &Lips Part
03/00319,Nan
35/00185,Lip stretcher &Lips Part
45/00381,Lip stretcher &Lips Part
20/00486,Lower lip depressor &Lips Part
46/00562,Lip stretcher &Lips Part
47/00511,Lower lip depressor &Lips Part
50/00468,Lower lip depressor &Lips Part
34/00049,Chin Raiser
15/00390,NoseWrinkler & Lips Part
51/00669,Lip stretcher &Lips Part
50/00583,Lower lip depressor &Lips Part
05/00377,Lip stretcher &Lips Part
39/00347,Lower lip depressor &Lips Part
40/00090,Lip puckerer
18/00544,Lip stretcher &Lips Part
53/00497,Lip stretcher &Lips Part
21/00190,Lip stretcher &Lips Part
06/00164,Nan
10/00263,Lower lip depressor &Lips Part
31/00612,Lower lip depressor &Lips Part
38/00658,Lower lip depressor &Lips Part
28/00347,Nan
01/00466,Nan
23/00489,Lower lip depressor &Lips Part
05/00055,Lip stretcher &Lips Part
04/00158,Lip puckerer
53/00487,Nan
29/00200,Lower lip depressor &Lips Part
36/00517,Lower lip depressor &Lips Part
03/00311,Nan
35/00355,Upper lip raiser &Lips Part
04/00629,Lip stretcher &Lips Part
06/00068,Lip stretcher &Lips Part
05/00376,Lip stretcher &Lips Part
19/00434,Lip stretcher &Lips Part
01/00281,Lip puckerer
25/00575,Upper lip raiser &Lips Part
17/00478,Lower lip depressor &Lips Part
19/00688,Lower lip depressor &Lips Part
21/00165,Lower lip depressor &Lips Part
31/00060,Lower lip depressor &Lips Part
04/00126,Lower lip depressor &Lips Part
16/00116,Lip stretcher &Lips Part
31/00073,Lip stretcher &Lips Part
21/00599,Lower lip depressor &Lips Part
20/00822,Lower lip depressor &Lips Part
26/00350,Upper lip raiser &Lips Part
05/00039,Lower lip depressor &Lips Part
37/00519,Nan
50/00590,Lip stretcher &Lips Part
09/00168,Lip stretcher &Lips Part
35/00637,Lip stretcher &Lips Part
15/00504,Lip puckerer
26/00504,Upper lip raiser &Lips Part
28/00404,Lip stretcher &Lips Part
