sample_id,split,original_split,source_folder,clip1,clip2,clip3,clip4,clip3_emotion,clip4_emotion
sample00001,inner_train,train,01,01/00059,01/00060,01/00061,01/00062,neutral,neutral
sample00002,inner_train,train,01,01/00065,01/00066,01/00067,01/00068,neutral,neutral
sample00003,inner_train,train,01,01/00066,01/00067,01/00068,01/00069,neutral,neutral
sample00004,inner_train,train,01,01/00071,01/00072,01/00073,01/00074,sad,happy
sample00005,inner_train,train,01,01/00074,01/00075,01/00076,01/00077,angry,neutral
sample00006,inner_train,train,01,01/00075,01/00076,01/00077,01/00078,neutral,sad
sample00007,inner_train,train,01,01/00079,01/00080,01/00081,01/00082,neutral,angry
sample00008,inner_train,train,01,01/00084,01/00085,01/00086,01/00087,angry,neutral
sample00009,inner_train,train,01,01/00085,01/00086,01/00087,01/00088,neutral,angry
sample00010,inner_train,train,01,01/00087,01/00088,01/00089,01/00090,happy,neutral
sample00011,inner_train,train,01,01/00088,01/00089,01/00090,01/00091,neutral,surprise
sample00012,inner_train,train,01,01/00089,01/00090,01/00091,01/00092,surprise,neutral
sample00013,inner_train,train,01,01/00093,01/00094,01/00095,01/00096,neutral,angry
sample00014,inner_train,train,01,01/00105,01/00106,01/00107,01/00108,neutral,happy
sample00015,inner_train,train,01,01/00108,01/00109,01/00110,01/00111,neutral,angry
sample00016,inner_train,train,01,01/00109,01/00110,01/00111,01/00112,angry,sad
sample00017,inner_train,train,01,01/00114,01/00115,01/00116,01/00117,happy,neutral
sample00018,inner_train,train,01,01/00124,01/00125,01/00126,01/00127,neutral,neutral
sample00019,inner_train,train,01,01/00127,01/00128,01/00129,01/00130,neutral,neutral
sample00020,inner_train,train,01,01/00132,01/00133,01/00134,01/00135,neutral,neutral
sample00021,inner_train,train,01,01/00137,01/00138,01/00139,01/00140,angry,neutral
sample00022,inner_train,train,01,01/00139,01/00140,01/00141,01/00142,sad,surprise
sample00023,inner_train,train,01,01/00141,01/00142,01/00143,01/00144,angry,neutral
sample00024,inner_train,train,01,01/00143,01/00144,01/00145,01/00146,neutral,angry
sample00025,inner_train,train,01,01/00144,01/00145,01/00146,01/00147,angry,neutral
sample00026,inner_train,train,01,01/00145,01/00146,01/00147,01/00148,neutral,angry
sample00027,inner_train,train,01,01/00146,01/00147,01/00148,01/00149,angry,neutral
sample00028,inner_train,train,01,01/00147,01/00148,01/00149,01/00150,neutral,angry
sample00029,inner_train,train,01,01/00150,01/00151,01/00152,01/00153,angry,sad
sample00030,inner_train,train,01,01/00156,01/00157,01/00158,01/00159,angry,sad
sample00031,inner_train,train,01,01/00159,01/00160,01/00161,01/00162,angry,surprise
sample00032,inner_train,train,01,01/00160,01/00161,01/00162,01/00163,surprise,angry
sample00033,inner_train,train,01,01/00161,01/00162,01/00163,01/00164,angry,sad
sample00034,inner_train,train,01,01/00164,01/00165,01/00166,01/00167,angry,angry
sample00035,inner_train,train,01,01/00165,01/00166,01/00167,01/00168,angry,happy
sample00036,inner_train,train,01,01/00166,01/00167,01/00168,01/00169,happy,sad
sample00037,inner_train,train,01,01/00167,01/00168,01/00169,01/00170,sad,neutral
sample00038,inner_train,train,01,01/00168,01/00169,01/00170,01/00171,neutral,sad
sample00039,inner_train,train,01,01/00178,01/00179,01/00180,01/00181,neutral,happy
sample00040,inner_train,train,01,01/00183,01/00184,01/00185,01/00186,happy,neutral
sample00041,inner_train,train,01,01/00184,01/00185,01/00186,01/00187,neutral,sad
sample00042,inner_train,train,01,01/00185,01/00186,01/00187,01/00188,sad,neutral
sample00043,inner_train,train,01,01/00197,01/00198,01/00199,01/00200,neutral,disgust
sample00044,inner_train,train,01,01/00198,01/00199,01/00200,01/00201,disgust,surprise
sample00045,inner_train,train,01,01/00199,01/00200,01/00201,01/00202,surprise,disgust
sample00046,inner_train,train,01,01/00200,01/00201,01/00202,01/00203,disgust,neutral
sample00047,inner_train,train,01,01/00202,01/00203,01/00204,01/00205,neutral,disgust
sample00048,inner_train,train,01,01/00208,01/00209,01/00210,01/00211,angry,sad
sample00049,inner_train,train,01,01/00209,01/00210,01/00211,01/00212,sad,angry
sample00050,inner_train,train,01,01/00211,01/00212,01/00213,01/00214,sad,neutral
sample00051,inner_train,train,01,01/00216,01/00217,01/00218,01/00219,angry,sad
sample00052,inner_train,train,01,01/00217,01/00218,01/00219,01/00220,sad,angry
sample00053,inner_train,train,01,01/00218,01/00219,01/00220,01/00221,angry,sad
sample00054,inner_train,train,01,01/00219,01/00220,01/00221,01/00222,sad,angry
sample00055,inner_train,train,01,01/00220,01/00221,01/00222,01/00223,angry,sad
sample00056,inner_train,train,01,01/00222,01/00223,01/00224,01/00225,angry,surprise
sample00057,inner_train,train,01,01/00225,01/00226,01/00227,01/00228,angry,sad
sample00058,inner_train,train,01,01/00226,01/00227,01/00228,01/00229,sad,surprise
sample00059,inner_train,train,01,01/00233,01/00234,01/00235,01/00236,angry,angry
sample00060,inner_train,train,01,01/00236,01/00237,01/00238,01/00239,angry,angry
sample00061,inner_train,train,01,01/00255,01/00256,01/00257,01/00258,disgust,neutral
sample00062,inner_train,train,01,01/00268,01/00269,01/00270,01/00271,neutral,angry
sample00063,inner_train,train,01,01/00271,01/00272,01/00273,01/00274,angry,neutral
sample00064,inner_train,train,01,01/00272,01/00273,01/00274,01/00275,neutral,angry
sample00065,inner_train,train,01,01/00279,01/00280,01/00281,01/00282,neutral,neutral
sample00066,inner_train,train,01,01/00362,01/00363,01/00364,01/00365,neutral,neutral
sample00067,inner_train,train,01,01/00373,01/00374,01/00375,01/00376,happy,surprise
sample00068,inner_train,train,01,01/00379,01/00380,01/00381,01/00382,neutral,surprise
sample00069,inner_train,train,01,01/00381,01/00382,01/00383,01/00384,neutral,surprise
sample00070,inner_train,train,01,01/00384,01/00385,01/00386,01/00387,neutral,surprise
sample00071,inner_train,train,01,01/00385,01/00386,01/00387,01/00388,surprise,neutral
sample00072,inner_train,train,01,01/00386,01/00387,01/00388,01/00389,neutral,neutral
sample00073,inner_train,train,01,01/00391,01/00392,01/00393,01/00394,neutral,neutral
sample00074,inner_train,train,01,01/00392,01/00393,01/00394,01/00395,neutral,neutral
sample00075,inner_train,train,01,01/00407,01/00408,01/00409,01/00410,neutral,neutral
sample00076,inner_train,train,01,01/00408,01/00409,01/00410,01/00411,neutral,neutral
sample00077,inner_train,train,01,01/00409,01/00410,01/00411,01/00412,neutral,neutral
sample00078,inner_train,train,01,01/00410,01/00411,01/00412,01/00413,neutral,neutral
sample00079,inner_train,train,01,01/00411,01/00412,01/00413,01/00414,neutral,neutral
sample00080,inner_train,train,01,01/00415,01/00416,01/00417,01/00418,neutral,surprise
sample00081,inner_train,train,01,01/00416,01/00417,01/00418,01/00419,surprise,neutral
sample00082,inner_train,train,01,01/00420,01/00421,01/00422,01/00423,neutral,surprise
sample00083,inner_train,train,01,01/00421,01/00422,01/00423,01/00424,surprise,neutral
sample00084,inner_train,train,01,01/00423,01/00424,01/00425,01/00426,sad,neutral
sample00085,inner_train,train,01,01/00424,01/00425,01/00426,01/00427,neutral,sad
sample00086,inner_train,train,01,01/00430,01/00431,01/00432,01/00433,neutral,surprise
sample00087,inner_train,train,01,01/00434,01/00435,01/00436,01/00437,neutral,sad
sample00088,inner_train,train,01,01/00444,01/00445,01/00446,01/00447,surprise,neutral
sample00089,inner_train,train,01,01/00447,01/00448,01/00449,01/00450,fear,neutral
sample00090,inner_train,train,01,01/00448,01/00449,01/00450,01/00451,neutral,neutral
sample00091,inner_train,train,01,01/00449,01/00450,01/00451,01/00452,neutral,neutral
sample00092,inner_train,train,01,01/00452,01/00453,01/00454,01/00455,neutral,neutral
sample00093,inner_train,train,01,01/00454,01/00455,01/00456,01/00457,neutral,disgust
sample00094,inner_train,train,01,01/00457,01/00458,01/00459,01/00460,neutral,neutral
sample00095,inner_train,train,01,01/00458,01/00459,01/00460,01/00461,neutral,surprise
sample00096,inner_train,train,01,01/00459,01/00460,01/00461,01/00462,surprise,neutral
sample00097,inner_train,train,01,01/00460,01/00461,01/00462,01/00463,neutral,happy
sample00098,inner_train,train,01,01/00463,01/00464,01/00465,01/00466,neutral,neutral
sample00099,inner_train,train,01,01/00464,01/00465,01/00466,01/00467,neutral,neutral
sample00100,inner_train,train,01,01/00465,01/00466,01/00467,01/00468,neutral,happy
sample00101,inner_train,train,01,01/00466,01/00467,01/00468,01/00469,happy,neutral
sample00102,inner_train,train,01,01/00470,01/00471,01/00472,01/00473,neutral,sad
sample00103,inner_train,train,01,01/00471,01/00472,01/00473,01/00474,sad,neutral
sample00104,inner_train,train,01,01/00475,01/00476,01/00477,01/00478,neutral,neutral
sample00105,inner_train,train,01,01/00476,01/00477,01/00478,01/00479,neutral,neutral
sample00106,inner_train,train,01,01/00477,01/00478,01/00479,01/00480,neutral,neutral
sample00107,inner_train,train,01,01/00478,01/00479,01/00480,01/00481,neutral,neutral
sample00108,inner_train,train,01,01/00480,01/00481,01/00482,01/00483,neutral,neutral
sample00109,inner_train,train,01,01/00481,01/00482,01/00483,01/00484,neutral,neutral
sample00110,inner_train,train,01,01/00485,01/00486,01/00487,01/00488,disgust,neutral
sample00111,inner_train,train,01,01/00488,01/00489,01/00490,01/00491,neutral,neutral
sample00112,inner_train,train,01,01/00489,01/00490,01/00491,01/00492,neutral,neutral
sample00113,inner_train,train,01,01/00490,01/00491,01/00492,01/00493,neutral,neutral
sample00114,inner_train,train,01,01/00491,01/00492,01/00493,01/00494,neutral,neutral
sample00115,inner_train,train,01,01/00492,01/00493,01/00494,01/00495,neutral,neutral
sample00116,inner_train,train,01,01/00497,01/00498,01/00499,01/00500,surprise,neutral
sample00117,inner_train,train,01,01/00498,01/00499,01/00500,01/00501,neutral,neutral
sample00118,inner_train,train,01,01/00499,01/00500,01/00501,01/00502,neutral,neutral
sample00119,inner_train,train,01,01/00503,01/00504,01/00505,01/00506,sad,neutral
sample00120,inner_train,train,01,01/00522,01/00523,01/00524,01/00525,neutral,disgust
sample00121,inner_train,train,01,01/00527,01/00528,01/00529,01/00530,neutral,neutral
sample00122,inner_train,train,01,01/00528,01/00529,01/00530,01/00531,neutral,angry
sample00123,inner_train,train,01,01/00535,01/00536,01/00537,01/00538,surprise,neutral
sample00124,inner_train,train,01,01/00537,01/00538,01/00539,01/00540,disgust,neutral
sample00125,inner_train,train,01,01/00553,01/00554,01/00555,01/00556,neutral,neutral
sample00126,inner_train,train,01,01/00554,01/00555,01/00556,01/00557,neutral,neutral
sample00127,inner_train,train,01,01/00555,01/00556,01/00557,01/00558,neutral,happy
sample00128,inner_train,train,01,01/00556,01/00557,01/00558,01/00559,happy,neutral
sample00129,inner_train,train,01,01/00564,01/00565,01/00566,01/00567,angry,neutral
sample00130,inner_train,train,01,01/00566,01/00567,01/00568,01/00569,neutral,angry
sample00131,inner_train,train,01,01/00567,01/00568,01/00569,01/00570,angry,neutral
sample00132,inner_train,train,01,01/00571,01/00572,01/00573,01/00574,neutral,angry
sample00133,inner_train,train,01,01/00584,01/00585,01/00586,01/00587,neutral,neutral
sample00134,inner_train,train,01,01/00585,01/00586,01/00587,01/00588,neutral,neutral
sample00135,inner_train,train,01,01/00586,01/00587,01/00588,01/00589,neutral,neutral
sample00136,inner_train,train,01,01/00590,01/00591,01/00592,01/00593,neutral,surprise
sample00137,inner_train,train,01,01/00591,01/00592,01/00593,01/00594,surprise,neutral
sample00138,inner_train,train,01,01/00595,01/00596,01/00597,01/00598,neutral,neutral
sample00139,inner_train,train,01,01/00596,01/00597,01/00598,01/00599,neutral,neutral
sample00140,inner_train,train,01,01/00630,01/00631,01/00632,01/00633,neutral,surprise
sample00141,inner_train,train,01,01/00631,01/00632,01/00633,01/00634,surprise,neutral
sample00142,inner_train,train,01,01/00643,01/00644,01/00645,01/00646,neutral,neutral
sample00143,inner_train,train,01,01/00644,01/00645,01/00646,01/00647,neutral,neutral
sample00144,inner_train,train,01,01/00647,01/00648,01/00649,01/00650,happy,neutral
sample00145,inner_train,train,01,01/00648,01/00649,01/00650,01/00651,neutral,happy
sample00146,inner_train,train,01,01/00651,01/00652,01/00653,01/00654,neutral,neutral
sample00147,inner_train,train,01,01/00653,01/00654,01/00655,01/00656,happy,neutral
sample00148,inner_train,train,01,01/00656,01/00657,01/00658,01/00659,neutral,neutral
sample00149,inner_train,train,01,01/00657,01/00658,01/00659,01/00660,neutral,neutral
sample00150,inner_train,train,01,01/00658,01/00659,01/00660,01/00661,neutral,neutral
sample00151,inner_train,train,01,01/00659,01/00660,01/00661,01/00662,neutral,neutral
sample00152,inner_train,train,01,01/00660,01/00661,01/00662,01/00663,neutral,neutral
sample00153,inner_train,train,01,01/00661,01/00662,01/00663,01/00664,neutral,neutral
sample00154,inner_train,train,01,01/00662,01/00663,01/00664,01/00665,neutral,neutral
sample00155,inner_train,train,01,01/00663,01/00664,01/00665,01/00666,neutral,neutral
sample00156,inner_train,train,01,01/00683,01/00684,01/00685,01/00686,neutral,surprise
sample00157,inner_train,train,01,01/00689,01/00690,01/00691,01/00692,surprise,surprise
sample00158,inner_train,train,01,01/00735,01/00736,01/00737,01/00738,angry,happy
sample00159,inner_train,train,01,01/00739,01/00740,01/00741,01/00742,happy,happy
sample00160,inner_train,train,01,01/00743,01/00744,01/00745,01/00746,happy,happy
sample00161,inner_train,train,01,01/00744,01/00745,01/00746,01/00747,happy,neutral
sample00320,inner_train,train,04,04/00001,04/00002,04/00003,04/00004,disgust,neutral
sample00321,inner_train,train,04,04/00005,04/00006,04/00007,04/00008,surprise,neutral
sample00322,inner_train,train,04,04/00006,04/00007,04/00008,04/00009,neutral,surprise
sample00323,inner_train,train,04,04/00010,04/00011,04/00012,04/00013,fear,neutral
sample00324,inner_train,train,04,04/00011,04/00012,04/00013,04/00014,neutral,disgust
sample00325,inner_train,train,04,04/00020,04/00021,04/00022,04/00023,neutral,neutral
sample00326,inner_train,train,04,04/00026,04/00027,04/00028,04/00029,neutral,neutral
sample00327,inner_train,train,04,04/00029,04/00030,04/00031,04/00032,neutral,neutral
sample00328,inner_train,train,04,04/00032,04/00033,04/00034,04/00035,neutral,disgust
sample00329,inner_train,train,04,04/00033,04/00034,04/00035,04/00036,disgust,neutral
sample00330,inner_train,train,04,04/00060,04/00061,04/00062,04/00063,neutral,disgust
sample00331,inner_train,train,04,04/00061,04/00062,04/00063,04/00064,disgust,neutral
sample00332,inner_train,train,04,04/00062,04/00063,04/00064,04/00065,neutral,disgust
sample00333,inner_train,train,04,04/00075,04/00076,04/00077,04/00078,sad,neutral
sample00334,inner_train,train,04,04/00088,04/00089,04/00090,04/00091,neutral,surprise
sample00335,inner_train,train,04,04/00089,04/00090,04/00091,04/00092,surprise,neutral
sample00336,inner_train,train,04,04/00091,04/00092,04/00093,04/00094,happy,neutral
sample00337,inner_train,train,04,04/00111,04/00112,04/00113,04/00114,neutral,neutral
sample00338,inner_train,train,04,04/00112,04/00113,04/00114,04/00115,neutral,happy
sample00339,inner_train,train,04,04/00113,04/00114,04/00115,04/00116,happy,neutral
sample00340,inner_train,train,04,04/00117,04/00118,04/00119,04/00120,neutral,happy
sample00341,inner_train,train,04,04/00123,04/00124,04/00125,04/00126,neutral,neutral
sample00342,inner_train,train,04,04/00128,04/00129,04/00130,04/00131,neutral,neutral
sample00343,inner_train,train,04,04/00129,04/00130,04/00131,04/00132,neutral,neutral
sample00344,inner_train,train,04,04/00130,04/00131,04/00132,04/00133,neutral,neutral
sample00345,inner_train,train,04,04/00154,04/00155,04/00156,04/00157,neutral,neutral
sample00346,inner_train,train,04,04/00156,04/00157,04/00158,04/00159,neutral,neutral
sample00347,inner_train,train,04,04/00159,04/00160,04/00161,04/00162,neutral,neutral
sample00348,inner_train,train,04,04/00167,04/00168,04/00169,04/00170,neutral,sad
sample00349,inner_train,train,04,04/00169,04/00170,04/00171,04/00172,disgust,neutral
sample00350,inner_train,train,04,04/00174,04/00175,04/00176,04/00177,neutral,surprise
sample00351,inner_train,train,04,04/00175,04/00176,04/00177,04/00178,surprise,neutral
sample00352,inner_train,train,04,04/00176,04/00177,04/00178,04/00179,neutral,surprise
sample00353,inner_train,train,04,04/00177,04/00178,04/00179,04/00180,surprise,neutral
sample00354,inner_train,train,04,04/00178,04/00179,04/00180,04/00181,neutral,neutral
sample00355,inner_train,train,04,04/00179,04/00180,04/00181,04/00182,neutral,neutral
sample00356,inner_train,train,04,04/00180,04/00181,04/00182,04/00183,neutral,neutral
sample00357,inner_train,train,04,04/00181,04/00182,04/00183,04/00184,neutral,surprise
sample00358,inner_train,train,04,04/00182,04/00183,04/00184,04/00185,surprise,neutral
sample00359,inner_train,train,04,04/00185,04/00186,04/00187,04/00188,surprise,surprise
sample00360,inner_train,train,04,04/00186,04/00187,04/00188,04/00189,surprise,neutral
sample00361,inner_train,train,04,04/00187,04/00188,04/00189,04/00190,neutral,neutral
sample00362,inner_train,train,04,04/00205,04/00206,04/00207,04/00208,neutral,neutral
sample00363,inner_train,train,04,04/00211,04/00212,04/00213,04/00214,disgust,neutral
sample00364,inner_train,train,04,04/00212,04/00213,04/00214,04/00215,neutral,neutral
sample00365,inner_train,train,04,04/00218,04/00219,04/00220,04/00221,surprise,neutral
sample00366,inner_train,train,04,04/00219,04/00220,04/00221,04/00222,neutral,surprise
sample00367,inner_train,train,04,04/00222,04/00223,04/00224,04/00225,disgust,neutral
sample00368,inner_train,train,04,04/00223,04/00224,04/00225,04/00226,neutral,surprise
sample00369,inner_train,train,04,04/00224,04/00225,04/00226,04/00227,surprise,neutral
sample00370,inner_train,train,04,04/00226,04/00227,04/00228,04/00229,neutral,neutral
sample00371,inner_train,train,04,04/00234,04/00235,04/00236,04/00237,disgust,neutral
sample00372,inner_train,train,04,04/00239,04/00240,04/00241,04/00242,neutral,surprise
sample00373,inner_train,train,04,04/00240,04/00241,04/00242,04/00243,surprise,neutral
sample00374,inner_train,train,04,04/00262,04/00263,04/00264,04/00265,neutral,neutral
sample00375,inner_train,train,04,04/00263,04/00264,04/00265,04/00266,neutral,neutral
sample00376,inner_train,train,04,04/00264,04/00265,04/00266,04/00267,neutral,neutral
sample00377,inner_train,train,04,04/00284,04/00285,04/00286,04/00287,surprise,neutral
sample00378,inner_train,train,04,04/00298,04/00299,04/00300,04/00301,surprise,disgust
sample00379,inner_train,train,04,04/00299,04/00300,04/00301,04/00302,disgust,disgust
sample00380,inner_train,train,04,04/00300,04/00301,04/00302,04/00303,disgust,neutral
sample00381,inner_train,train,04,04/00301,04/00302,04/00303,04/00304,neutral,neutral
sample00382,inner_train,train,04,04/00302,04/00303,04/00304,04/00305,neutral,neutral
sample00383,inner_train,train,04,04/00332,04/00333,04/00334,04/00335,neutral,neutral
sample00384,inner_train,train,04,04/00333,04/00334,04/00335,04/00336,neutral,neutral
sample00385,inner_train,train,04,04/00334,04/00335,04/00336,04/00337,neutral,neutral
sample00386,inner_train,train,04,04/00339,04/00340,04/00341,04/00342,neutral,neutral
sample00387,inner_train,train,04,04/00352,04/00353,04/00354,04/00355,neutral,surprise
sample00388,inner_train,train,04,04/00359,04/00360,04/00361,04/00362,neutral,neutral
sample00389,inner_train,train,04,04/00363,04/00364,04/00365,04/00366,neutral,neutral
sample00390,inner_train,train,04,04/00381,04/00382,04/00383,04/00384,neutral,neutral
sample00391,inner_train,train,04,04/00382,04/00383,04/00384,04/00385,neutral,happy
sample00392,inner_train,train,04,04/00383,04/00384,04/00385,04/00386,happy,neutral
sample00393,inner_train,train,04,04/00384,04/00385,04/00386,04/00387,neutral,neutral
sample00394,inner_train,train,04,04/00387,04/00388,04/00389,04/00390,neutral,neutral
sample00395,inner_train,train,04,04/00389,04/00390,04/00391,04/00392,neutral,neutral
sample00396,inner_train,train,04,04/00390,04/00391,04/00392,04/00393,neutral,neutral
sample00397,inner_train,train,04,04/00394,04/00395,04/00396,04/00397,happy,happy
sample00398,inner_train,train,04,04/00411,04/00412,04/00413,04/00414,happy,happy
sample00399,inner_train,train,04,04/00412,04/00413,04/00414,04/00415,happy,happy
sample00400,inner_train,train,04,04/00430,04/00431,04/00432,04/00433,neutral,neutral
sample00401,inner_train,train,04,04/00435,04/00436,04/00437,04/00438,surprise,neutral
sample00402,inner_train,train,04,04/00486,04/00487,04/00488,04/00489,angry,neutral
sample00403,inner_train,train,04,04/00487,04/00488,04/00489,04/00490,neutral,angry
sample00404,inner_train,train,04,04/00489,04/00490,04/00491,04/00492,angry,neutral
sample00405,inner_train,train,04,04/00490,04/00491,04/00492,04/00493,neutral,angry
sample00406,inner_train,train,04,04/00495,04/00496,04/00497,04/00498,neutral,surprise
sample00407,inner_train,train,04,04/00496,04/00497,04/00498,04/00499,surprise,neutral
sample00408,inner_train,train,04,04/00497,04/00498,04/00499,04/00500,neutral,angry
sample00409,inner_train,train,04,04/00498,04/00499,04/00500,04/00501,angry,neutral
sample00410,inner_train,train,04,04/00533,04/00534,04/00535,04/00536,neutral,surprise
sample00411,inner_train,train,04,04/00534,04/00535,04/00536,04/00537,surprise,surprise
sample00412,inner_train,train,04,04/00535,04/00536,04/00537,04/00538,surprise,neutral
sample00413,inner_train,train,04,04/00536,04/00537,04/00538,04/00539,neutral,neutral
sample00414,inner_train,train,04,04/00537,04/00538,04/00539,04/00540,neutral,neutral
sample00415,inner_train,train,04,04/00542,04/00543,04/00544,04/00545,neutral,neutral
sample00416,inner_train,train,04,04/00543,04/00544,04/00545,04/00546,neutral,neutral
sample00417,inner_train,train,04,04/00544,04/00545,04/00546,04/00547,neutral,sad
sample00418,inner_train,train,04,04/00545,04/00546,04/00547,04/00548,sad,surprise
sample00419,inner_train,train,04,04/00546,04/00547,04/00548,04/00549,surprise,neutral
sample00420,inner_train,train,04,04/00547,04/00548,04/00549,04/00550,neutral,neutral
sample00421,inner_train,train,04,04/00566,04/00567,04/00568,04/00569,neutral,disgust
sample00422,inner_train,train,04,04/00611,04/00612,04/00613,04/00614,happy,happy
sample00423,inner_train,train,04,04/00612,04/00613,04/00614,04/00615,happy,happy
sample00424,inner_train,train,04,04/00613,04/00614,04/00615,04/00616,happy,happy
sample00425,inner_train,train,04,04/00614,04/00615,04/00616,04/00617,happy,happy
sample00426,inner_train,train,04,04/00627,04/00628,04/00629,04/00630,surprise,sad
sample00427,inner_train,train,04,04/00633,04/00634,04/00635,04/00636,sad,sad
sample00428,inner_train,train,04,04/00634,04/00635,04/00636,04/00637,sad,surprise
sample00429,inner_train,train,04,04/00635,04/00636,04/00637,04/00638,surprise,sad
sample00430,inner_train,train,04,04/00649,04/00650,04/00651,04/00652,neutral,neutral
sample00431,inner_train,train,04,04/00651,04/00652,04/00653,04/00654,neutral,surprise
sample00432,inner_train,train,04,04/00652,04/00653,04/00654,04/00655,surprise,neutral
sample00433,inner_train,train,04,04/00656,04/00657,04/00658,04/00659,neutral,surprise
sample00434,inner_train,train,04,04/00665,04/00666,04/00667,04/00668,sad,neutral
sample00435,inner_train,train,04,04/00676,04/00677,04/00678,04/00679,angry,surprise
sample00436,inner_train,train,04,04/00683,04/00684,04/00685,04/00686,neutral,angry
sample00437,inner_train,train,04,04/00710,04/00711,04/00712,04/00713,sad,neutral
sample00438,inner_train,train,04,04/00715,04/00716,04/00717,04/00718,happy,neutral
sample00439,inner_train,train,04,04/00721,04/00722,04/00723,04/00724,surprise,neutral
sample00440,inner_train,train,04,04/00722,04/00723,04/00724,04/00725,neutral,neutral
sample00441,inner_train,train,04,04/00723,04/00724,04/00725,04/00726,neutral,neutral
sample00442,inner_train,train,04,04/00724,04/00725,04/00726,04/00727,neutral,surprise
sample00443,inner_train,train,04,04/00726,04/00727,04/00728,04/00729,surprise,neutral
sample00444,inner_train,train,04,04/00728,04/00729,04/00730,04/00731,surprise,surprise
sample00445,inner_train,train,04,04/00732,04/00733,04/00734,04/00735,surprise,neutral
sample00446,inner_train,train,04,04/00733,04/00734,04/00735,04/00736,neutral,neutral
sample00447,inner_train,train,04,04/00736,04/00737,04/00738,04/00739,neutral,neutral
sample00448,inner_train,train,04,04/00737,04/00738,04/00739,04/00740,neutral,neutral
sample00449,inner_train,train,05,05/00006,05/00007,05/00008,05/00009,happy,neutral
sample00450,inner_train,train,05,05/00030,05/00031,05/00032,05/00033,neutral,neutral
sample00451,inner_train,train,05,05/00032,05/00033,05/00034,05/00035,surprise,neutral
sample00452,inner_train,train,05,05/00033,05/00034,05/00035,05/00036,neutral,neutral
sample00453,inner_train,train,05,05/00034,05/00035,05/00036,05/00037,neutral,neutral
sample00454,inner_train,train,05,05/00037,05/00038,05/00039,05/00040,neutral,neutral
sample00455,inner_train,train,05,05/00038,05/00039,05/00040,05/00041,neutral,neutral
sample00456,inner_train,train,05,05/00039,05/00040,05/00041,05/00042,neutral,neutral
sample00457,inner_train,train,05,05/00048,05/00049,05/00050,05/00051,neutral,neutral
sample00458,inner_train,train,05,05/00049,05/00050,05/00051,05/00052,neutral,surprise
sample00459,inner_train,train,05,05/00050,05/00051,05/00052,05/00053,surprise,neutral
sample00460,inner_train,train,05,05/00052,05/00053,05/00054,05/00055,neutral,neutral
sample00461,inner_train,train,05,05/00054,05/00055,05/00056,05/00057,neutral,disgust
sample00462,inner_train,train,05,05/00071,05/00072,05/00073,05/00074,angry,neutral
sample00463,inner_train,train,05,05/00077,05/00078,05/00079,05/00080,neutral,surprise
sample00464,inner_train,train,05,05/00085,05/00086,05/00087,05/00088,surprise,neutral
sample00465,inner_train,train,05,05/00086,05/00087,05/00088,05/00089,neutral,angry
sample00466,inner_train,train,05,05/00089,05/00090,05/00091,05/00092,surprise,angry
sample00467,inner_train,train,05,05/00090,05/00091,05/00092,05/00093,angry,neutral
sample00468,inner_train,train,05,05/00097,05/00098,05/00099,05/00100,neutral,neutral
sample00469,inner_train,train,05,05/00165,05/00166,05/00167,05/00168,surprise,sad
sample00470,inner_train,train,05,05/00170,05/00171,05/00172,05/00173,sad,angry
sample00471,inner_train,train,05,05/00173,05/00174,05/00175,05/00176,surprise,sad
sample00472,inner_train,train,05,05/00181,05/00182,05/00183,05/00184,sad,surprise
sample00473,inner_train,train,05,05/00194,05/00195,05/00196,05/00197,neutral,surprise
sample00474,inner_train,train,05,05/00195,05/00196,05/00197,05/00198,surprise,neutral
sample00475,inner_train,train,05,05/00196,05/00197,05/00198,05/00199,neutral,surprise
sample00476,inner_train,train,05,05/00216,05/00217,05/00218,05/00219,neutral,neutral
sample00477,inner_train,train,05,05/00217,05/00218,05/00219,05/00220,neutral,neutral
sample00478,inner_train,train,05,05/00218,05/00219,05/00220,05/00221,neutral,neutral
sample00479,inner_train,train,05,05/00248,05/00249,05/00250,05/00251,neutral,neutral
sample00480,inner_train,train,05,05/00271,05/00272,05/00273,05/00274,neutral,neutral
sample00481,inner_train,train,05,05/00318,05/00319,05/00320,05/00321,neutral,neutral
sample00482,inner_train,train,05,05/00319,05/00320,05/00321,05/00322,neutral,neutral
sample00483,inner_train,train,05,05/00320,05/00321,05/00322,05/00323,neutral,disgust
sample00484,inner_train,train,05,05/00321,05/00322,05/00323,05/00324,disgust,neutral
sample00485,inner_train,train,05,05/00322,05/00323,05/00324,05/00325,neutral,neutral
sample00486,inner_train,train,05,05/00374,05/00375,05/00376,05/00377,neutral,neutral
sample00487,inner_train,train,05,05/00401,05/00402,05/00403,05/00404,neutral,surprise
sample00488,inner_train,train,05,05/00405,05/00406,05/00407,05/00408,sad,neutral
sample00489,inner_train,train,05,05/00410,05/00411,05/00412,05/00413,neutral,happy
sample00490,inner_train,train,05,05/00416,05/00417,05/00418,05/00419,neutral,neutral
sample00491,inner_train,train,05,05/00427,05/00428,05/00429,05/00430,surprise,neutral
sample00492,inner_train,train,05,05/00431,05/00432,05/00433,05/00434,angry,neutral
sample00493,inner_train,train,05,05/00487,05/00488,05/00489,05/00490,angry,neutral
sample00494,inner_train,train,05,05/00491,05/00492,05/00493,05/00494,neutral,angry
sample00495,inner_train,train,05,05/00492,05/00493,05/00494,05/00495,angry,neutral
sample00496,inner_train,train,05,05/00553,05/00554,05/00555,05/00556,happy,happy
sample00497,inner_train,train,05,05/00636,05/00637,05/00638,05/00639,happy,happy
sample00498,inner_train,train,05,05/00637,05/00638,05/00639,05/00640,happy,happy
sample00499,inner_train,train,05,05/00638,05/00639,05/00640,05/00641,happy,happy
sample00500,inner_train,train,05,05/00639,05/00640,05/00641,05/00642,happy,happy
sample00501,inner_train,train,05,05/00708,05/00709,05/00710,05/00711,sad,surprise
sample00502,inner_train,train,05,05/00709,05/00710,05/00711,05/00712,surprise,sad
sample00503,inner_train,train,05,05/00710,05/00711,05/00712,05/00713,sad,surprise
sample00504,inner_train,train,05,05/00714,05/00715,05/00716,05/00717,sad,neutral
sample00505,inner_train,train,05,05/00722,05/00723,05/00724,05/00725,neutral,surprise
sample00506,inner_train,train,05,05/00724,05/00725,05/00726,05/00727,neutral,surprise
sample00507,inner_train,train,05,05/00725,05/00726,05/00727,05/00728,surprise,surprise
sample00508,inner_train,train,05,05/00726,05/00727,05/00728,05/00729,surprise,disgust
sample00509,inner_train,train,05,05/00780,05/00781,05/00782,05/00783,neutral,neutral
sample00510,inner_train,train,06,06/00060,06/00061,06/00062,06/00063,neutral,neutral
sample00511,inner_train,train,06,06/00066,06/00067,06/00068,06/00069,surprise,neutral
sample00512,inner_train,train,06,06/00134,06/00135,06/00136,06/00137,surprise,disgust
sample00513,inner_train,train,06,06/00161,06/00162,06/00163,06/00164,disgust,neutral
sample00514,inner_train,train,06,06/00162,06/00163,06/00164,06/00165,neutral,neutral
sample00515,inner_train,train,06,06/00196,06/00197,06/00198,06/00199,sad,surprise
sample00516,inner_train,train,06,06/00204,06/00205,06/00206,06/00207,sad,neutral
sample00517,inner_train,train,06,06/00206,06/00207,06/00208,06/00209,neutral,neutral
sample00518,inner_train,train,06,06/00209,06/00210,06/00211,06/00212,sad,neutral
sample00519,inner_train,train,06,06/00215,06/00216,06/00217,06/00218,neutral,surprise
sample00520,inner_train,train,06,06/00216,06/00217,06/00218,06/00219,surprise,neutral
sample00521,inner_train,train,06,06/00241,06/00242,06/00243,06/00244,sad,sad
sample00522,inner_train,train,06,06/00255,06/00256,06/00257,06/00258,neutral,happy
sample00523,inner_train,train,06,06/00295,06/00296,06/00297,06/00298,neutral,neutral
sample00524,inner_train,train,06,06/00298,06/00299,06/00300,06/00301,neutral,neutral
sample00525,inner_train,train,06,06/00309,06/00310,06/00311,06/00312,neutral,neutral
sample00526,inner_train,train,06,06/00310,06/00311,06/00312,06/00313,neutral,happy
sample00527,inner_train,train,06,06/00326,06/00327,06/00328,06/00329,angry,surprise
sample00528,inner_train,train,06,06/00334,06/00335,06/00336,06/00337,neutral,happy
sample00529,inner_train,train,06,06/00444,06/00445,06/00446,06/00447,neutral,neutral
sample00530,inner_train,train,06,06/00445,06/00446,06/00447,06/00448,neutral,neutral
sample00531,inner_train,train,06,06/00456,06/00457,06/00458,06/00459,neutral,angry
sample00532,inner_train,train,06,06/00457,06/00458,06/00459,06/00460,angry,neutral
sample00533,inner_train,train,06,06/00505,06/00506,06/00507,06/00508,happy,happy
sample00534,inner_train,train,06,06/00509,06/00510,06/00511,06/00512,happy,neutral
sample00535,inner_train,train,06,06/00511,06/00512,06/00513,06/00514,neutral,neutral
sample00536,inner_train,train,06,06/00527,06/00528,06/00529,06/00530,surprise,neutral
sample00537,inner_train,train,06,06/00535,06/00536,06/00537,06/00538,neutral,neutral
sample00538,inner_train,train,06,06/00570,06/00571,06/00572,06/00573,surprise,neutral
sample00539,inner_train,train,06,06/00572,06/00573,06/00574,06/00575,neutral,neutral
sample00540,inner_train,train,06,06/00576,06/00577,06/00578,06/00579,neutral,surprise
sample00541,inner_train,train,06,06/00577,06/00578,06/00579,06/00580,surprise,neutral
sample00542,inner_train,train,06,06/00594,06/00595,06/00596,06/00597,surprise,disgust
sample00543,inner_train,train,06,06/00597,06/00598,06/00599,06/00600,sad,neutral
sample00544,inner_train,train,06,06/00609,06/00610,06/00611,06/00612,neutral,neutral
sample00545,inner_train,train,06,06/00614,06/00615,06/00616,06/00617,surprise,neutral
sample00546,inner_train,train,06,06/00615,06/00616,06/00617,06/00618,neutral,neutral
sample00547,inner_train,train,06,06/00620,06/00621,06/00622,06/00623,neutral,surprise
sample00548,inner_train,train,06,06/00680,06/00681,06/00682,06/00683,neutral,surprise
sample00549,inner_train,train,06,06/00719,06/00720,06/00721,06/00722,surprise,neutral
sample00550,inner_train,train,06,06/00723,06/00724,06/00725,06/00726,neutral,neutral
sample00551,inner_train,train,06,06/00758,06/00759,06/00760,06/00761,surprise,neutral
sample00552,inner_train,train,06,06/00761,06/00762,06/00763,06/00764,surprise,neutral
sample00553,inner_train,train,06,06/00764,06/00765,06/00766,06/00767,surprise,surprise
sample00554,inner_train,train,06,06/00765,06/00766,06/00767,06/00768,surprise,disgust
sample00555,inner_train,train,06,06/00766,06/00767,06/00768,06/00769,disgust,neutral
sample00556,inner_train,train,06,06/00786,06/00787,06/00788,06/00789,disgust,disgust
sample00557,inner_train,train,06,06/00787,06/00788,06/00789,06/00790,disgust,neutral
sample00558,inner_train,train,06,06/00804,06/00805,06/00806,06/00807,disgust,surprise
sample00559,inner_train,train,06,06/00815,06/00816,06/00817,06/00818,angry,surprise
sample00560,inner_development,train,07,07/00064,07/00065,07/00066,07/00067,angry,disgust
sample00561,inner_development,train,07,07/00084,07/00085,07/00086,07/00087,disgust,disgust
sample00562,inner_development,train,07,07/00085,07/00086,07/00087,07/00088,disgust,neutral
sample00563,inner_development,train,07,07/00086,07/00087,07/00088,07/00089,neutral,surprise
sample00564,inner_development,train,07,07/00087,07/00088,07/00089,07/00090,surprise,neutral
sample00565,inner_development,train,07,07/00088,07/00089,07/00090,07/00091,neutral,neutral
sample00566,inner_development,train,07,07/00098,07/00099,07/00100,07/00101,neutral,disgust
sample00567,inner_development,train,07,07/00134,07/00135,07/00136,07/00137,neutral,surprise
sample00568,inner_development,train,07,07/00135,07/00136,07/00137,07/00138,surprise,sad
sample00569,inner_development,train,07,07/00162,07/00163,07/00164,07/00165,sad,sad
sample00570,inner_development,train,07,07/00170,07/00171,07/00172,07/00173,neutral,surprise
sample00571,inner_development,train,07,07/00171,07/00172,07/00173,07/00174,surprise,neutral
sample00572,inner_development,train,07,07/00175,07/00176,07/00177,07/00178,neutral,neutral
sample00573,inner_development,train,07,07/00208,07/00209,07/00210,07/00211,neutral,neutral
sample00574,inner_development,train,07,07/00216,07/00217,07/00218,07/00219,neutral,sad
sample00575,inner_development,train,07,07/00226,07/00227,07/00228,07/00229,neutral,surprise
sample00576,inner_development,train,07,07/00227,07/00228,07/00229,07/00230,surprise,neutral
sample00577,inner_development,train,07,07/00237,07/00238,07/00239,07/00240,disgust,surprise
sample00578,inner_development,train,07,07/00243,07/00244,07/00245,07/00246,disgust,neutral
sample00579,inner_development,train,07,07/00251,07/00252,07/00253,07/00254,surprise,neutral
sample00580,inner_development,train,07,07/00254,07/00255,07/00256,07/00257,surprise,neutral
sample00581,inner_development,train,07,07/00273,07/00274,07/00275,07/00276,neutral,neutral
sample00582,inner_development,train,07,07/00282,07/00283,07/00284,07/00285,angry,angry
sample00583,inner_development,train,07,07/00335,07/00336,07/00337,07/00338,surprise,surprise
sample00584,inner_development,train,07,07/00336,07/00337,07/00338,07/00339,surprise,neutral
sample00585,inner_development,train,07,07/00337,07/00338,07/00339,07/00340,neutral,surprise
sample00586,inner_development,train,07,07/00344,07/00345,07/00346,07/00347,neutral,surprise
sample00587,inner_development,train,07,07/00345,07/00346,07/00347,07/00348,surprise,neutral
sample00588,inner_development,train,07,07/00346,07/00347,07/00348,07/00349,neutral,happy
sample00589,inner_development,train,07,07/00384,07/00385,07/00386,07/00387,surprise,sad
sample00590,inner_development,train,07,07/00388,07/00389,07/00390,07/00391,neutral,surprise
sample00591,inner_development,train,07,07/00413,07/00414,07/00415,07/00416,neutral,neutral
sample00592,inner_development,train,07,07/00414,07/00415,07/00416,07/00417,neutral,neutral
sample00593,inner_development,train,07,07/00490,07/00491,07/00492,07/00493,neutral,neutral
sample00594,inner_development,train,07,07/00529,07/00530,07/00531,07/00532,neutral,surprise
sample00595,inner_development,train,07,07/00530,07/00531,07/00532,07/00533,surprise,neutral
sample00596,inner_development,train,07,07/00536,07/00537,07/00538,07/00539,surprise,neutral
sample00597,inner_development,train,07,07/00539,07/00540,07/00541,07/00542,surprise,neutral
sample00598,inner_development,train,07,07/00585,07/00586,07/00587,07/00588,neutral,surprise
sample00599,inner_development,train,07,07/00597,07/00598,07/00599,07/00600,neutral,neutral
sample00600,inner_development,train,07,07/00600,07/00601,07/00602,07/00603,neutral,neutral
sample00601,inner_development,train,07,07/00606,07/00607,07/00608,07/00609,neutral,neutral
sample00602,inner_development,train,07,07/00629,07/00630,07/00631,07/00632,surprise,neutral
sample00603,inner_development,train,07,07/00630,07/00631,07/00632,07/00633,neutral,surprise
sample00604,inner_development,train,07,07/00631,07/00632,07/00633,07/00634,surprise,neutral
sample00605,inner_development,train,07,07/00634,07/00635,07/00636,07/00637,neutral,surprise
sample00606,inner_development,train,07,07/00635,07/00636,07/00637,07/00638,surprise,neutral
sample00607,inner_development,train,07,07/00691,07/00692,07/00693,07/00694,neutral,neutral
sample00608,inner_development,train,07,07/00692,07/00693,07/00694,07/00695,neutral,surprise
sample00609,inner_development,train,07,07/00694,07/00695,07/00696,07/00697,neutral,neutral
sample00610,inner_development,train,07,07/00695,07/00696,07/00697,07/00698,neutral,neutral
sample00611,inner_train,train,08,08/00037,08/00038,08/00039,08/00040,neutral,surprise
sample00612,inner_train,train,08,08/00094,08/00095,08/00096,08/00097,surprise,neutral
sample00613,inner_train,train,08,08/00127,08/00128,08/00129,08/00130,neutral,neutral
sample00614,inner_train,train,08,08/00128,08/00129,08/00130,08/00131,neutral,happy
sample00615,inner_train,train,08,08/00130,08/00131,08/00132,08/00133,surprise,neutral
sample00616,inner_train,train,08,08/00131,08/00132,08/00133,08/00134,neutral,happy
sample00617,inner_train,train,08,08/00150,08/00151,08/00152,08/00153,surprise,neutral
sample00618,inner_train,train,08,08/00186,08/00187,08/00188,08/00189,neutral,surprise
sample00619,inner_train,train,08,08/00187,08/00188,08/00189,08/00190,surprise,neutral
sample00620,inner_train,train,08,08/00204,08/00205,08/00206,08/00207,happy,neutral
sample00621,inner_train,train,08,08/00208,08/00209,08/00210,08/00211,surprise,neutral
sample00622,inner_train,train,08,08/00210,08/00211,08/00212,08/00213,surprise,happy
sample00623,inner_train,train,08,08/00211,08/00212,08/00213,08/00214,happy,happy
sample00624,inner_train,train,08,08/00212,08/00213,08/00214,08/00215,happy,happy
sample00625,inner_train,train,08,08/00213,08/00214,08/00215,08/00216,happy,happy
sample00626,inner_train,train,08,08/00214,08/00215,08/00216,08/00217,happy,happy
sample00627,inner_train,train,08,08/00215,08/00216,08/00217,08/00218,happy,happy
sample00628,inner_train,train,08,08/00216,08/00217,08/00218,08/00219,happy,happy
sample00629,inner_train,train,08,08/00217,08/00218,08/00219,08/00220,happy,neutral
sample00630,inner_train,train,08,08/00218,08/00219,08/00220,08/00221,neutral,happy
sample00631,inner_train,train,08,08/00219,08/00220,08/00221,08/00222,happy,happy
sample00632,inner_train,train,08,08/00220,08/00221,08/00222,08/00223,happy,happy
sample00633,inner_train,train,08,08/00240,08/00241,08/00242,08/00243,happy,happy
sample00634,inner_train,train,08,08/00241,08/00242,08/00243,08/00244,happy,happy
sample00635,inner_train,train,08,08/00242,08/00243,08/00244,08/00245,happy,neutral
sample00636,inner_train,train,08,08/00282,08/00283,08/00284,08/00285,happy,happy
sample00637,inner_train,train,08,08/00287,08/00288,08/00289,08/00290,neutral,neutral
sample00638,inner_train,train,08,08/00436,08/00437,08/00438,08/00439,neutral,neutral
sample00639,inner_train,train,08,08/00453,08/00454,08/00455,08/00456,neutral,neutral
sample00640,inner_train,train,08,08/00461,08/00462,08/00463,08/00464,neutral,neutral
sample00641,inner_train,train,08,08/00467,08/00468,08/00469,08/00470,neutral,neutral
sample00642,inner_train,train,08,08/00550,08/00551,08/00552,08/00553,neutral,happy
sample00643,inner_train,train,08,08/00577,08/00578,08/00579,08/00580,neutral,neutral
sample00644,inner_train,train,08,08/00585,08/00586,08/00587,08/00588,neutral,neutral
sample00645,inner_train,train,08,08/00586,08/00587,08/00588,08/00589,neutral,neutral
sample00646,inner_development,train,09,09/00133,09/00134,09/00135,09/00136,fear,surprise
sample00647,inner_development,train,09,09/00138,09/00139,09/00140,09/00141,sad,neutral
sample00648,inner_development,train,09,09/00153,09/00154,09/00155,09/00156,neutral,neutral
sample00649,inner_development,train,09,09/00162,09/00163,09/00164,09/00165,neutral,neutral
sample00650,inner_development,train,09,09/00163,09/00164,09/00165,09/00166,neutral,neutral
sample00651,inner_development,train,09,09/00164,09/00165,09/00166,09/00167,neutral,neutral
sample00652,inner_development,train,09,09/00165,09/00166,09/00167,09/00168,neutral,neutral
sample00653,inner_development,train,09,09/00183,09/00184,09/00185,09/00186,neutral,neutral
sample00654,inner_development,train,09,09/00185,09/00186,09/00187,09/00188,neutral,neutral
sample00655,inner_development,train,09,09/00197,09/00198,09/00199,09/00200,neutral,neutral
sample00656,inner_development,train,09,09/00199,09/00200,09/00201,09/00202,neutral,neutral
sample00657,inner_development,train,09,09/00204,09/00205,09/00206,09/00207,neutral,neutral
sample00658,inner_development,train,09,09/00207,09/00208,09/00209,09/00210,happy,happy
sample00659,inner_development,train,09,09/00209,09/00210,09/00211,09/00212,neutral,neutral
sample00660,inner_development,train,09,09/00210,09/00211,09/00212,09/00213,neutral,neutral
sample00661,inner_development,train,09,09/00217,09/00218,09/00219,09/00220,happy,angry
sample00662,inner_development,train,09,09/00218,09/00219,09/00220,09/00221,angry,neutral
sample00663,inner_development,train,09,09/00251,09/00252,09/00253,09/00254,neutral,surprise
sample00664,inner_development,train,09,09/00252,09/00253,09/00254,09/00255,surprise,neutral
sample00665,inner_development,train,09,09/00253,09/00254,09/00255,09/00256,neutral,neutral
sample00666,inner_development,train,09,09/00254,09/00255,09/00256,09/00257,neutral,neutral
sample00667,inner_development,train,09,09/00323,09/00324,09/00325,09/00326,neutral,neutral
sample00668,inner_development,train,09,09/00325,09/00326,09/00327,09/00328,neutral,neutral
sample00669,inner_development,train,09,09/00334,09/00335,09/00336,09/00337,neutral,neutral
sample00670,inner_development,train,09,09/00335,09/00336,09/00337,09/00338,neutral,neutral
sample00671,inner_development,train,09,09/00336,09/00337,09/00338,09/00339,neutral,neutral
sample00672,inner_development,train,09,09/00337,09/00338,09/00339,09/00340,neutral,sad
sample00673,inner_development,train,09,09/00338,09/00339,09/00340,09/00341,sad,disgust
sample00674,inner_development,train,09,09/00339,09/00340,09/00341,09/00342,disgust,neutral
sample00675,inner_development,train,09,09/00353,09/00354,09/00355,09/00356,surprise,neutral
sample00676,inner_development,train,09,09/00374,09/00375,09/00376,09/00377,neutral,happy
sample00677,inner_development,train,09,09/00378,09/00379,09/00380,09/00381,disgust,neutral
sample00678,inner_development,train,09,09/00383,09/00384,09/00385,09/00386,disgust,neutral
sample00679,inner_development,train,09,09/00392,09/00393,09/00394,09/00395,neutral,neutral
sample00680,inner_development,train,09,09/00394,09/00395,09/00396,09/00397,angry,angry
sample00681,inner_development,train,09,09/00395,09/00396,09/00397,09/00398,angry,neutral
sample00682,inner_development,train,09,09/00398,09/00399,09/00400,09/00401,sad,happy
sample00683,inner_development,train,09,09/00441,09/00442,09/00443,09/00444,surprise,disgust
sample00684,inner_development,train,09,09/00454,09/00455,09/00456,09/00457,angry,angry
sample00685,inner_development,train,09,09/00468,09/00469,09/00470,09/00471,neutral,angry
sample00686,inner_development,train,09,09/00469,09/00470,09/00471,09/00472,angry,disgust
sample00687,inner_development,train,09,09/00470,09/00471,09/00472,09/00473,disgust,angry
sample00688,inner_development,train,09,09/00471,09/00472,09/00473,09/00474,angry,angry
sample00689,inner_development,train,09,09/00475,09/00476,09/00477,09/00478,angry,disgust
sample00690,inner_development,train,09,09/00476,09/00477,09/00478,09/00479,disgust,sad
sample00691,inner_development,train,09,09/00479,09/00480,09/00481,09/00482,angry,angry
sample00692,inner_development,train,09,09/00480,09/00481,09/00482,09/00483,angry,angry
sample00693,inner_development,train,09,09/00481,09/00482,09/00483,09/00484,angry,surprise
sample00694,inner_development,train,09,09/00491,09/00492,09/00493,09/00494,sad,neutral
sample00695,inner_development,train,09,09/00492,09/00493,09/00494,09/00495,neutral,neutral
sample00696,inner_development,train,09,09/00497,09/00498,09/00499,09/00500,neutral,neutral
sample00697,inner_development,train,09,09/00498,09/00499,09/00500,09/00501,neutral,angry
sample00698,inner_development,train,09,09/00499,09/00500,09/00501,09/00502,angry,disgust
sample00699,inner_development,train,09,09/00512,09/00513,09/00514,09/00515,neutral,happy
sample00700,inner_development,train,09,09/00513,09/00514,09/00515,09/00516,happy,happy
sample00701,inner_development,train,09,09/00515,09/00516,09/00517,09/00518,surprise,happy
sample00702,inner_development,train,09,09/00518,09/00519,09/00520,09/00521,happy,happy
sample00703,inner_development,train,09,09/00520,09/00521,09/00522,09/00523,happy,sad
sample00704,inner_development,train,09,09/00522,09/00523,09/00524,09/00525,sad,happy
sample00705,inner_development,train,09,09/00524,09/00525,09/00526,09/00527,happy,angry
sample00706,inner_development,train,09,09/00525,09/00526,09/00527,09/00528,angry,neutral
sample00707,inner_development,train,09,09/00526,09/00527,09/00528,09/00529,neutral,disgust
sample00708,inner_development,train,09,09/00569,09/00570,09/00571,09/00572,angry,neutral
sample00709,inner_development,train,09,09/00573,09/00574,09/00575,09/00576,angry,neutral
sample00710,inner_development,train,09,09/00574,09/00575,09/00576,09/00577,neutral,neutral
sample00711,inner_development,train,09,09/00575,09/00576,09/00577,09/00578,neutral,happy
sample00712,inner_development,train,09,09/00578,09/00579,09/00580,09/00581,happy,surprise
sample00713,inner_development,train,09,09/00581,09/00582,09/00583,09/00584,neutral,happy
sample00714,inner_development,train,09,09/00585,09/00586,09/00587,09/00588,neutral,happy
sample00715,inner_development,train,09,09/00586,09/00587,09/00588,09/00589,happy,neutral
sample00716,inner_development,train,09,09/00592,09/00593,09/00594,09/00595,happy,happy
sample00717,inner_development,train,09,09/00595,09/00596,09/00597,09/00598,angry,disgust
sample00718,inner_development,train,09,09/00621,09/00622,09/00623,09/00624,neutral,sad
sample00719,inner_development,train,09,09/00622,09/00623,09/00624,09/00625,sad,neutral
sample00720,inner_development,train,09,09/00636,09/00637,09/00638,09/00639,happy,neutral
sample00721,inner_development,train,09,09/00637,09/00638,09/00639,09/00640,neutral,surprise
sample00722,inner_development,train,09,09/00650,09/00651,09/00652,09/00653,happy,happy
sample00723,inner_development,train,09,09/00662,09/00663,09/00664,09/00665,neutral,happy
sample00724,inner_development,train,09,09/00663,09/00664,09/00665,09/00666,happy,surprise
sample00725,inner_development,train,09,09/00666,09/00667,09/00668,09/00669,happy,surprise
sample00726,inner_development,train,09,09/00712,09/00713,09/00714,09/00715,neutral,disgust
sample00727,inner_development,train,09,09/00772,09/00773,09/00774,09/00775,neutral,neutral
sample00728,inner_development,train,09,09/00773,09/00774,09/00775,09/00776,neutral,happy
sample00729,inner_development,train,09,09/00774,09/00775,09/00776,09/00777,happy,neutral
sample00730,inner_development,train,09,09/00775,09/00776,09/00777,09/00778,neutral,disgust
sample00731,inner_development,train,09,09/00822,09/00823,09/00824,09/00825,happy,happy
sample00732,inner_development,train,09,09/00823,09/00824,09/00825,09/00826,happy,surprise
sample00733,inner_development,train,09,09/00837,09/00838,09/00839,09/00840,happy,disgust
sample00734,inner_development,train,09,09/00838,09/00839,09/00840,09/00841,disgust,happy
sample00735,inner_development,train,09,09/00851,09/00852,09/00853,09/00854,happy,neutral
sample00736,inner_development,train,09,09/00852,09/00853,09/00854,09/00855,neutral,happy
sample00737,inner_development,train,09,09/00861,09/00862,09/00863,09/00864,neutral,angry
sample00738,inner_development,train,09,09/00862,09/00863,09/00864,09/00865,angry,angry
sample00739,inner_development,train,09,09/00870,09/00871,09/00872,09/00873,angry,angry
sample00740,inner_development,train,09,09/00871,09/00872,09/00873,09/00874,angry,angry
sample00741,inner_development,train,09,09/00873,09/00874,09/00875,09/00876,angry,angry
sample00742,inner_development,train,09,09/00879,09/00880,09/00881,09/00882,neutral,neutral
sample00743,inner_development,train,09,09/00880,09/00881,09/00882,09/00883,neutral,happy
sample00744,inner_development,train,09,09/00885,09/00886,09/00887,09/00888,neutral,neutral
sample00745,inner_development,train,09,09/00891,09/00892,09/00893,09/00894,angry,neutral
sample00746,inner_train,train,10,10/00042,10/00043,10/00044,10/00045,disgust,happy
sample00747,inner_train,train,10,10/00045,10/00046,10/00047,10/00048,happy,angry
sample00748,inner_train,train,10,10/00049,10/00050,10/00051,10/00052,happy,angry
sample00749,inner_train,train,10,10/00056,10/00057,10/00058,10/00059,disgust,angry
sample00750,inner_train,train,10,10/00057,10/00058,10/00059,10/00060,angry,disgust
sample00751,inner_train,train,10,10/00090,10/00091,10/00092,10/00093,neutral,disgust
sample00752,inner_train,train,10,10/00103,10/00104,10/00105,10/00106,angry,angry
sample00753,inner_train,train,10,10/00114,10/00115,10/00116,10/00117,angry,neutral
sample00754,inner_train,train,10,10/00129,10/00130,10/00131,10/00132,angry,angry
sample00755,inner_train,train,10,10/00161,10/00162,10/00163,10/00164,neutral,neutral
sample00756,inner_train,train,10,10/00182,10/00183,10/00184,10/00185,neutral,neutral
sample00757,inner_train,train,10,10/00188,10/00189,10/00190,10/00191,neutral,angry
sample00758,inner_train,train,10,10/00247,10/00248,10/00249,10/00250,neutral,happy
sample00759,inner_train,train,10,10/00261,10/00262,10/00263,10/00264,angry,angry
sample00760,inner_train,train,10,10/00262,10/00263,10/00264,10/00265,angry,surprise
sample00761,inner_train,train,10,10/00263,10/00264,10/00265,10/00266,surprise,angry
sample00762,inner_train,train,10,10/00264,10/00265,10/00266,10/00267,angry,happy
sample00763,inner_train,train,10,10/00277,10/00278,10/00279,10/00280,happy,neutral
sample00764,inner_train,train,10,10/00286,10/00287,10/00288,10/00289,happy,happy
sample00765,inner_train,train,10,10/00287,10/00288,10/00289,10/00290,happy,happy
sample00766,inner_train,train,10,10/00288,10/00289,10/00290,10/00291,happy,neutral
sample00767,inner_train,train,10,10/00289,10/00290,10/00291,10/00292,neutral,neutral
sample00768,inner_train,train,10,10/00292,10/00293,10/00294,10/00295,happy,neutral
sample00769,inner_train,train,10,10/00295,10/00296,10/00297,10/00298,happy,sad
sample00770,inner_train,train,10,10/00300,10/00301,10/00302,10/00303,happy,happy
sample00771,inner_train,train,10,10/00301,10/00302,10/00303,10/00304,happy,happy
sample00772,inner_train,train,10,10/00309,10/00310,10/00311,10/00312,happy,happy
sample00773,inner_train,train,10,10/00374,10/00375,10/00376,10/00377,happy,happy
sample00774,inner_train,train,10,10/00384,10/00385,10/00386,10/00387,happy,neutral
sample00775,inner_train,train,10,10/00388,10/00389,10/00390,10/00391,happy,neutral
sample00776,inner_train,train,10,10/00391,10/00392,10/00393,10/00394,neutral,surprise
sample00777,inner_train,train,10,10/00392,10/00393,10/00394,10/00395,surprise,neutral
sample00778,inner_train,train,10,10/00394,10/00395,10/00396,10/00397,happy,happy
sample00779,inner_train,train,10,10/00403,10/00404,10/00405,10/00406,happy,happy
sample00780,inner_train,train,10,10/00451,10/00452,10/00453,10/00454,disgust,neutral
sample00781,inner_train,train,10,10/00521,10/00522,10/00523,10/00524,angry,angry
sample00782,inner_train,train,10,10/00525,10/00526,10/00527,10/00528,angry,angry
sample00783,inner_train,train,10,10/00527,10/00528,10/00529,10/00530,surprise,disgust
sample00784,inner_train,train,10,10/00528,10/00529,10/00530,10/00531,disgust,angry
sample00785,inner_train,train,10,10/00529,10/00530,10/00531,10/00532,angry,neutral
sample00786,inner_train,train,10,10/00530,10/00531,10/00532,10/00533,neutral,neutral
sample00787,inner_train,train,10,10/00551,10/00552,10/00553,10/00554,surprise,happy
sample00788,inner_train,train,10,10/00558,10/00559,10/00560,10/00561,happy,surprise
sample00789,inner_train,train,10,10/00559,10/00560,10/00561,10/00562,surprise,neutral
sample00790,inner_train,train,10,10/00609,10/00610,10/00611,10/00612,surprise,disgust
sample00791,inner_train,train,10,10/00623,10/00624,10/00625,10/00626,angry,angry
sample00819,inner_train,train,12,12/00013,12/00014,12/00015,12/00016,sad,surprise
sample00820,inner_train,train,12,12/00015,12/00016,12/00017,12/00018,surprise,happy
sample00821,inner_train,train,12,12/00018,12/00019,12/00020,12/00021,happy,angry
sample00822,inner_train,train,12,12/00033,12/00034,12/00035,12/00036,happy,happy
sample00823,inner_train,train,12,12/00034,12/00035,12/00036,12/00037,happy,disgust
sample00824,inner_train,train,12,12/00038,12/00039,12/00040,12/00041,happy,happy
sample00825,inner_train,train,12,12/00039,12/00040,12/00041,12/00042,happy,happy
sample00826,inner_train,train,12,12/00043,12/00044,12/00045,12/00046,angry,disgust
sample00827,inner_train,train,12,12/00115,12/00116,12/00117,12/00118,sad,angry
sample00828,inner_train,train,12,12/00119,12/00120,12/00121,12/00122,angry,angry
sample00829,inner_train,train,12,12/00130,12/00131,12/00132,12/00133,happy,angry
sample00830,inner_train,train,12,12/00131,12/00132,12/00133,12/00134,angry,neutral
sample00831,inner_train,train,12,12/00134,12/00135,12/00136,12/00137,neutral,neutral
sample00832,inner_train,train,12,12/00169,12/00170,12/00171,12/00172,disgust,disgust
sample00833,inner_train,train,12,12/00170,12/00171,12/00172,12/00173,disgust,disgust
sample00834,inner_train,train,12,12/00180,12/00181,12/00182,12/00183,happy,happy
sample00835,inner_train,train,12,12/00182,12/00183,12/00184,12/00185,happy,sad
sample00836,inner_train,train,12,12/00223,12/00224,12/00225,12/00226,angry,angry
sample00837,inner_train,train,12,12/00231,12/00232,12/00233,12/00234,neutral,angry
sample00838,inner_train,train,12,12/00234,12/00235,12/00236,12/00237,neutral,angry
sample00839,inner_train,train,12,12/00279,12/00280,12/00281,12/00282,happy,happy
sample00840,inner_train,train,12,12/00280,12/00281,12/00282,12/00283,happy,happy
sample00841,inner_train,train,12,12/00289,12/00290,12/00291,12/00292,happy,happy
sample00842,inner_train,train,12,12/00300,12/00301,12/00302,12/00303,happy,happy
sample00843,inner_train,train,12,12/00301,12/00302,12/00303,12/00304,happy,happy
sample00844,inner_train,train,12,12/00328,12/00329,12/00330,12/00331,happy,happy
sample00845,inner_train,train,12,12/00330,12/00331,12/00332,12/00333,happy,surprise
sample00846,inner_train,train,12,12/00333,12/00334,12/00335,12/00336,happy,happy
sample00847,inner_train,train,12,12/00346,12/00347,12/00348,12/00349,happy,happy
sample00848,inner_train,train,12,12/00347,12/00348,12/00349,12/00350,happy,happy
sample00849,inner_train,train,12,12/00351,12/00352,12/00353,12/00354,happy,happy
sample00850,inner_train,train,12,12/00352,12/00353,12/00354,12/00355,happy,happy
sample00851,inner_train,train,12,12/00357,12/00358,12/00359,12/00360,angry,happy
sample00852,inner_train,train,12,12/00399,12/00400,12/00401,12/00402,angry,happy
sample00853,inner_train,train,12,12/00405,12/00406,12/00407,12/00408,happy,neutral
sample00854,inner_train,train,12,12/00406,12/00407,12/00408,12/00409,neutral,fear
sample00855,inner_train,train,12,12/00414,12/00415,12/00416,12/00417,happy,surprise
sample00856,inner_train,train,12,12/00428,12/00429,12/00430,12/00431,fear,happy
sample00857,inner_train,train,12,12/00468,12/00469,12/00470,12/00471,disgust,neutral
sample00858,inner_train,train,12,12/00474,12/00475,12/00476,12/00477,surprise,angry
sample00859,inner_train,train,12,12/00475,12/00476,12/00477,12/00478,angry,angry
sample00860,inner_train,train,12,12/00476,12/00477,12/00478,12/00479,angry,surprise
sample00861,inner_train,train,12,12/00482,12/00483,12/00484,12/00485,neutral,surprise
sample00862,inner_train,train,12,12/00483,12/00484,12/00485,12/00486,surprise,happy
sample00863,inner_train,train,12,12/00494,12/00495,12/00496,12/00497,disgust,happy
sample00864,inner_train,train,12,12/00498,12/00499,12/00500,12/00501,happy,disgust
sample00865,inner_train,train,12,12/00499,12/00500,12/00501,12/00502,disgust,angry
sample00866,inner_train,train,12,12/00500,12/00501,12/00502,12/00503,angry,neutral
sample00867,inner_train,train,12,12/00503,12/00504,12/00505,12/00506,happy,happy
sample00868,inner_train,train,12,12/00504,12/00505,12/00506,12/00507,happy,happy
sample00869,inner_train,train,12,12/00506,12/00507,12/00508,12/00509,happy,happy
sample00870,inner_train,train,12,12/00512,12/00513,12/00514,12/00515,sad,happy
sample00871,inner_train,train,12,12/00515,12/00516,12/00517,12/00518,sad,happy
sample00872,inner_train,train,12,12/00517,12/00518,12/00519,12/00520,angry,surprise
sample00873,inner_train,train,12,12/00518,12/00519,12/00520,12/00521,surprise,happy
sample00874,inner_train,train,12,12/00519,12/00520,12/00521,12/00522,happy,happy
sample00875,inner_train,train,12,12/00560,12/00561,12/00562,12/00563,fear,surprise
sample00876,inner_train,train,12,12/00577,12/00578,12/00579,12/00580,angry,angry
sample00877,inner_train,train,12,12/00585,12/00586,12/00587,12/00588,happy,angry
sample00878,inner_train,train,12,12/00600,12/00601,12/00602,12/00603,happy,happy
sample00879,inner_train,train,12,12/00601,12/00602,12/00603,12/00604,happy,happy
sample00880,inner_train,train,12,12/00603,12/00604,12/00605,12/00606,happy,happy
sample00881,inner_train,train,12,12/00604,12/00605,12/00606,12/00607,happy,happy
sample00882,inner_train,train,12,12/00615,12/00616,12/00617,12/00618,neutral,happy
sample00883,inner_train,train,12,12/00621,12/00622,12/00623,12/00624,angry,neutral
sample00884,inner_train,train,12,12/00623,12/00624,12/00625,12/00626,happy,happy
sample00885,inner_train,train,12,12/00626,12/00627,12/00628,12/00629,happy,happy
sample00886,inner_train,train,12,12/00628,12/00629,12/00630,12/00631,happy,angry
sample00887,inner_train,train,12,12/00629,12/00630,12/00631,12/00632,angry,happy
sample00888,inner_train,train,12,12/00630,12/00631,12/00632,12/00633,happy,angry
sample00889,inner_train,train,12,12/00653,12/00654,12/00655,12/00656,neutral,surprise
sample00890,inner_train,train,12,12/00654,12/00655,12/00656,12/00657,surprise,happy
sample00891,inner_train,train,12,12/00667,12/00668,12/00669,12/00670,disgust,angry
sample00892,inner_train,train,12,12/00668,12/00669,12/00670,12/00671,angry,disgust
sample00893,inner_train,train,12,12/00669,12/00670,12/00671,12/00672,disgust,surprise
sample00894,inner_train,train,12,12/00670,12/00671,12/00672,12/00673,surprise,surprise
sample00895,inner_train,train,12,12/00671,12/00672,12/00673,12/00674,surprise,surprise
sample00896,inner_train,train,12,12/00672,12/00673,12/00674,12/00675,surprise,disgust
sample00897,inner_train,train,12,12/00673,12/00674,12/00675,12/00676,disgust,angry
sample00898,inner_train,train,12,12/00674,12/00675,12/00676,12/00677,angry,angry
sample00899,inner_train,train,12,12/00676,12/00677,12/00678,12/00679,angry,surprise
sample00900,inner_train,train,12,12/00677,12/00678,12/00679,12/00680,surprise,angry
sample00901,inner_train,train,12,12/00712,12/00713,12/00714,12/00715,happy,angry
sample00902,inner_train,train,12,12/00744,12/00745,12/00746,12/00747,sad,disgust
sample00903,inner_train,train,13,13/00001,13/00002,13/00003,13/00004,angry,neutral
sample00904,inner_train,train,13,13/00020,13/00021,13/00022,13/00023,sad,angry
sample00905,inner_train,train,13,13/00023,13/00024,13/00025,13/00026,angry,angry
sample00906,inner_train,train,13,13/00024,13/00025,13/00026,13/00027,angry,angry
sample00907,inner_train,train,13,13/00036,13/00037,13/00038,13/00039,angry,surprise
sample00908,inner_train,train,13,13/00076,13/00077,13/00078,13/00079,surprise,fear
sample00909,inner_train,train,13,13/00086,13/00087,13/00088,13/00089,sad,angry
sample00910,inner_train,train,13,13/00182,13/00183,13/00184,13/00185,disgust,surprise
sample00911,inner_train,train,13,13/00193,13/00194,13/00195,13/00196,angry,disgust
sample00912,inner_train,train,13,13/00238,13/00239,13/00240,13/00241,sad,angry
sample00913,inner_train,train,13,13/00239,13/00240,13/00241,13/00242,angry,sad
sample00914,inner_train,train,13,13/00246,13/00247,13/00248,13/00249,angry,sad
sample00915,inner_train,train,13,13/00247,13/00248,13/00249,13/00250,sad,angry
sample00916,inner_train,train,13,13/00248,13/00249,13/00250,13/00251,angry,sad
sample00917,inner_train,train,13,13/00262,13/00263,13/00264,13/00265,angry,angry
sample00918,inner_train,train,13,13/00266,13/00267,13/00268,13/00269,happy,neutral
sample00919,inner_train,train,13,13/00294,13/00295,13/00296,13/00297,disgust,surprise
sample00920,inner_train,train,13,13/00318,13/00319,13/00320,13/00321,disgust,happy
sample00921,inner_train,train,13,13/00321,13/00322,13/00323,13/00324,disgust,angry
sample00922,inner_train,train,13,13/00322,13/00323,13/00324,13/00325,angry,happy
sample00923,inner_train,train,13,13/00323,13/00324,13/00325,13/00326,happy,happy
sample00924,inner_train,train,13,13/00343,13/00344,13/00345,13/00346,angry,disgust
sample00925,inner_train,train,13,13/00365,13/00366,13/00367,13/00368,surprise,angry
sample00926,inner_train,train,13,13/00368,13/00369,13/00370,13/00371,angry,angry
sample00927,inner_train,train,13,13/00376,13/00377,13/00378,13/00379,angry,angry
sample00928,inner_train,train,13,13/00402,13/00403,13/00404,13/00405,sad,happy
sample00929,inner_train,train,13,13/00403,13/00404,13/00405,13/00406,happy,sad
sample00930,inner_train,train,13,13/00405,13/00406,13/00407,13/00408,sad,surprise
sample00931,inner_train,train,13,13/00407,13/00408,13/00409,13/00410,sad,neutral
sample00932,inner_train,train,13,13/00408,13/00409,13/00410,13/00411,neutral,happy
sample00933,inner_train,train,13,13/00443,13/00444,13/00445,13/00446,disgust,sad
sample00934,inner_train,train,13,13/00446,13/00447,13/00448,13/00449,sad,disgust
sample00935,inner_train,train,13,13/00447,13/00448,13/00449,13/00450,disgust,happy
sample00936,inner_train,train,13,13/00448,13/00449,13/00450,13/00451,happy,surprise
sample00937,inner_train,train,13,13/00454,13/00455,13/00456,13/00457,happy,happy
sample00938,inner_train,train,13,13/00482,13/00483,13/00484,13/00485,happy,surprise
sample00939,inner_train,train,13,13/00499,13/00500,13/00501,13/00502,angry,angry
sample00940,inner_train,train,13,13/00500,13/00501,13/00502,13/00503,angry,angry
sample00941,inner_train,train,13,13/00501,13/00502,13/00503,13/00504,angry,sad
sample00942,inner_train,train,13,13/00506,13/00507,13/00508,13/00509,sad,surprise
sample00943,inner_train,train,13,13/00512,13/00513,13/00514,13/00515,surprise,surprise
sample00944,inner_train,train,13,13/00515,13/00516,13/00517,13/00518,happy,sad
sample00945,inner_train,train,13,13/00518,13/00519,13/00520,13/00521,disgust,neutral
sample00946,inner_train,train,13,13/00549,13/00550,13/00551,13/00552,surprise,angry
sample00947,inner_train,train,13,13/00550,13/00551,13/00552,13/00553,angry,angry
sample00948,inner_train,train,13,13/00582,13/00583,13/00584,13/00585,sad,angry
sample00949,inner_train,train,13,13/00589,13/00590,13/00591,13/00592,happy,sad
sample00950,inner_train,train,13,13/00590,13/00591,13/00592,13/00593,sad,happy
sample00951,inner_train,train,13,13/00592,13/00593,13/00594,13/00595,happy,sad
sample00952,inner_train,train,13,13/00593,13/00594,13/00595,13/00596,sad,happy
sample00953,inner_train,train,13,13/00595,13/00596,13/00597,13/00598,angry,disgust
sample00954,inner_train,train,13,13/00596,13/00597,13/00598,13/00599,disgust,angry
sample00955,inner_train,train,13,13/00598,13/00599,13/00600,13/00601,angry,angry
sample00956,inner_train,train,13,13/00618,13/00619,13/00620,13/00621,angry,disgust
sample00957,inner_train,train,13,13/00625,13/00626,13/00627,13/00628,angry,angry
sample00958,inner_train,train,13,13/00626,13/00627,13/00628,13/00629,angry,surprise
sample00959,inner_train,train,13,13/00630,13/00631,13/00632,13/00633,surprise,surprise
sample00960,inner_train,train,13,13/00635,13/00636,13/00637,13/00638,surprise,angry
sample00961,inner_train,train,13,13/00654,13/00655,13/00656,13/00657,happy,happy
sample00962,inner_train,train,13,13/00655,13/00656,13/00657,13/00658,happy,happy
sample00963,inner_train,train,13,13/00656,13/00657,13/00658,13/00659,happy,happy
sample00964,inner_train,train,13,13/00657,13/00658,13/00659,13/00660,happy,happy
sample00965,inner_train,train,13,13/00669,13/00670,13/00671,13/00672,happy,happy
sample00966,inner_train,train,13,13/00670,13/00671,13/00672,13/00673,happy,happy
sample00967,inner_train,train,13,13/00683,13/00684,13/00685,13/00686,surprise,neutral
sample00968,inner_train,train,13,13/00696,13/00697,13/00698,13/00699,angry,surprise
sample00969,inner_train,train,13,13/00699,13/00700,13/00701,13/00702,surprise,disgust
sample00970,inner_development,train,14,14/00073,14/00074,14/00075,14/00076,surprise,neutral
sample00971,inner_development,train,14,14/00077,14/00078,14/00079,14/00080,angry,angry
sample00972,inner_development,train,14,14/00108,14/00109,14/00110,14/00111,happy,happy
sample00973,inner_development,train,14,14/00110,14/00111,14/00112,14/00113,happy,happy
sample00974,inner_development,train,14,14/00112,14/00113,14/00114,14/00115,happy,happy
sample00975,inner_development,train,14,14/00114,14/00115,14/00116,14/00117,happy,happy
sample00976,inner_development,train,14,14/00115,14/00116,14/00117,14/00118,happy,neutral
sample00977,inner_development,train,14,14/00118,14/00119,14/00120,14/00121,happy,neutral
sample00978,inner_development,train,14,14/00119,14/00120,14/00121,14/00122,neutral,happy
sample00979,inner_development,train,14,14/00120,14/00121,14/00122,14/00123,happy,neutral
sample00980,inner_development,train,14,14/00121,14/00122,14/00123,14/00124,neutral,surprise
sample00981,inner_development,train,14,14/00277,14/00278,14/00279,14/00280,sad,disgust
sample00982,inner_development,train,14,14/00315,14/00316,14/00317,14/00318,sad,happy
sample00983,inner_development,train,14,14/00316,14/00317,14/00318,14/00319,happy,fear
sample00984,inner_development,train,14,14/00319,14/00320,14/00321,14/00322,happy,surprise
sample00985,inner_development,train,14,14/00341,14/00342,14/00343,14/00344,surprise,angry
sample00986,inner_development,train,14,14/00389,14/00390,14/00391,14/00392,neutral,happy
sample00987,inner_development,train,14,14/00398,14/00399,14/00400,14/00401,surprise,happy
sample00988,inner_development,train,14,14/00464,14/00465,14/00466,14/00467,sad,fear
sample00989,inner_development,train,14,14/00468,14/00469,14/00470,14/00471,happy,sad
sample00990,inner_development,train,14,14/00473,14/00474,14/00475,14/00476,angry,surprise
sample00991,inner_development,train,14,14/00474,14/00475,14/00476,14/00477,surprise,angry
sample00992,inner_development,train,14,14/00477,14/00478,14/00479,14/00480,fear,surprise
sample00993,inner_development,train,14,14/00490,14/00491,14/00492,14/00493,happy,disgust
sample00994,inner_development,train,14,14/00499,14/00500,14/00501,14/00502,sad,happy
sample00995,inner_development,train,14,14/00502,14/00503,14/00504,14/00505,happy,neutral
sample00996,inner_development,train,14,14/00542,14/00543,14/00544,14/00545,disgust,angry
sample00997,inner_development,train,14,14/00600,14/00601,14/00602,14/00603,fear,angry
sample00998,inner_development,train,14,14/00686,14/00687,14/00688,14/00689,neutral,fear
sample00999,inner_development,train,14,14/00699,14/00700,14/00701,14/00702,sad,surprise
sample01000,inner_development,train,14,14/00713,14/00714,14/00715,14/00716,disgust,disgust
sample01001,inner_development,train,14,14/00736,14/00737,14/00738,14/00739,angry,angry
sample01002,inner_development,train,14,14/00743,14/00744,14/00745,14/00746,sad,sad
sample01003,inner_development,train,14,14/00744,14/00745,14/00746,14/00747,sad,angry
sample01004,inner_development,train,14,14/00773,14/00774,14/00775,14/00776,happy,happy
sample01005,inner_development,train,14,14/00775,14/00776,14/00777,14/00778,happy,happy
sample01006,inner_development,train,14,14/00777,14/00778,14/00779,14/00780,neutral,sad
sample01007,inner_development,train,14,14/00780,14/00781,14/00782,14/00783,sad,happy
sample01177,inner_train,train,18,18/00076,18/00077,18/00078,18/00079,neutral,neutral
sample01178,inner_train,train,18,18/00142,18/00143,18/00144,18/00145,angry,sad
sample01179,inner_train,train,18,18/00147,18/00148,18/00149,18/00150,disgust,neutral
sample01180,inner_train,train,18,18/00148,18/00149,18/00150,18/00151,neutral,disgust
sample01181,inner_train,train,18,18/00159,18/00160,18/00161,18/00162,happy,happy
sample01182,inner_train,train,18,18/00214,18/00215,18/00216,18/00217,happy,neutral
sample01183,inner_train,train,18,18/00215,18/00216,18/00217,18/00218,neutral,angry
sample01184,inner_train,train,18,18/00218,18/00219,18/00220,18/00221,angry,angry
sample01185,inner_train,train,18,18/00227,18/00228,18/00229,18/00230,sad,sad
sample01186,inner_train,train,18,18/00246,18/00247,18/00248,18/00249,disgust,happy
sample01187,inner_train,train,18,18/00270,18/00271,18/00272,18/00273,surprise,happy
sample01188,inner_train,train,18,18/00280,18/00281,18/00282,18/00283,neutral,happy
sample01189,inner_train,train,18,18/00285,18/00286,18/00287,18/00288,happy,sad
sample01190,inner_train,train,18,18/00300,18/00301,18/00302,18/00303,happy,happy
sample01191,inner_train,train,18,18/00317,18/00318,18/00319,18/00320,disgust,surprise
sample01192,inner_train,train,18,18/00325,18/00326,18/00327,18/00328,sad,disgust
sample01193,inner_train,train,18,18/00326,18/00327,18/00328,18/00329,disgust,angry
sample01194,inner_train,train,18,18/00327,18/00328,18/00329,18/00330,angry,sad
sample01195,inner_train,train,18,18/00352,18/00353,18/00354,18/00355,angry,happy
sample01196,inner_train,train,18,18/00356,18/00357,18/00358,18/00359,sad,surprise
sample01197,inner_train,train,18,18/00448,18/00449,18/00450,18/00451,happy,angry
sample01198,inner_train,train,18,18/00542,18/00543,18/00544,18/00545,neutral,happy
sample01199,inner_train,train,18,18/00571,18/00572,18/00573,18/00574,angry,sad
sample01200,inner_train,train,18,18/00572,18/00573,18/00574,18/00575,sad,neutral
sample01201,inner_train,train,18,18/00633,18/00634,18/00635,18/00636,angry,neutral
sample01202,inner_train,train,18,18/00634,18/00635,18/00636,18/00637,neutral,neutral
sample01203,inner_train,train,18,18/00722,18/00723,18/00724,18/00725,neutral,happy
sample01204,inner_train,train,18,18/00736,18/00737,18/00738,18/00739,happy,happy
sample01265,inner_development,train,20,20/00103,20/00104,20/00105,20/00106,sad,sad
sample01266,inner_development,train,20,20/00105,20/00106,20/00107,20/00108,sad,angry
sample01267,inner_development,train,20,20/00106,20/00107,20/00108,20/00109,angry,angry
sample01268,inner_development,train,20,20/00107,20/00108,20/00109,20/00110,angry,angry
sample01269,inner_development,train,20,20/00109,20/00110,20/00111,20/00112,angry,angry
sample01270,inner_development,train,20,20/00115,20/00116,20/00117,20/00118,angry,disgust
sample01271,inner_development,train,20,20/00116,20/00117,20/00118,20/00119,disgust,angry
sample01272,inner_development,train,20,20/00152,20/00153,20/00154,20/00155,disgust,happy
sample01273,inner_development,train,20,20/00162,20/00163,20/00164,20/00165,happy,neutral
sample01274,inner_development,train,20,20/00178,20/00179,20/00180,20/00181,happy,happy
sample01275,inner_development,train,20,20/00239,20/00240,20/00241,20/00242,happy,happy
sample01276,inner_development,train,20,20/00240,20/00241,20/00242,20/00243,happy,happy
sample01277,inner_development,train,20,20/00249,20/00250,20/00251,20/00252,happy,happy
sample01278,inner_development,train,20,20/00250,20/00251,20/00252,20/00253,happy,happy
sample01279,inner_development,train,20,20/00251,20/00252,20/00253,20/00254,happy,angry
sample01280,inner_development,train,20,20/00337,20/00338,20/00339,20/00340,surprise,happy
sample01281,inner_development,train,20,20/00352,20/00353,20/00354,20/00355,disgust,disgust
sample01282,inner_development,train,20,20/00396,20/00397,20/00398,20/00399,angry,disgust
sample01283,inner_development,train,20,20/00428,20/00429,20/00430,20/00431,disgust,surprise
sample01284,inner_development,train,20,20/00430,20/00431,20/00432,20/00433,disgust,happy
sample01285,inner_development,train,20,20/00483,20/00484,20/00485,20/00486,happy,disgust
sample01286,inner_development,train,20,20/00485,20/00486,20/00487,20/00488,angry,angry
sample01287,inner_development,train,20,20/00489,20/00490,20/00491,20/00492,angry,happy
sample01288,inner_development,train,20,20/00498,20/00499,20/00500,20/00501,angry,angry
sample01289,inner_development,train,20,20/00503,20/00504,20/00505,20/00506,angry,angry
sample01290,inner_development,train,20,20/00584,20/00585,20/00586,20/00587,happy,angry
sample01291,inner_development,train,20,20/00596,20/00597,20/00598,20/00599,angry,angry
sample01292,inner_development,train,20,20/00651,20/00652,20/00653,20/00654,surprise,angry
sample01293,inner_development,train,20,20/00667,20/00668,20/00669,20/00670,angry,happy
sample01294,inner_development,train,20,20/00675,20/00676,20/00677,20/00678,happy,happy
sample01295,inner_development,train,20,20/00715,20/00716,20/00717,20/00718,sad,angry
sample01296,inner_development,train,20,20/00731,20/00732,20/00733,20/00734,happy,happy
sample01297,inner_development,train,20,20/00784,20/00785,20/00786,20/00787,happy,sad
sample01298,inner_development,train,20,20/00790,20/00791,20/00792,20/00793,sad,disgust
sample01299,inner_development,train,20,20/00810,20/00811,20/00812,20/00813,surprise,angry
sample01300,inner_development,train,20,20/00819,20/00820,20/00821,20/00822,angry,disgust
sample01301,inner_development,train,20,20/00821,20/00822,20/00823,20/00824,disgust,sad
sample01302,inner_development,train,20,20/00826,20/00827,20/00828,20/00829,disgust,angry
sample01303,inner_development,train,20,20/00828,20/00829,20/00830,20/00831,disgust,angry
sample01304,inner_development,train,20,20/00829,20/00830,20/00831,20/00832,angry,disgust
sample01375,inner_train,train,23,23/00043,23/00044,23/00045,23/00046,angry,angry
sample01376,inner_train,train,23,23/00046,23/00047,23/00048,23/00049,angry,neutral
sample01377,inner_train,train,23,23/00053,23/00054,23/00055,23/00056,surprise,neutral
sample01378,inner_train,train,23,23/00096,23/00097,23/00098,23/00099,neutral,neutral
sample01379,inner_train,train,23,23/00177,23/00178,23/00179,23/00180,neutral,sad
sample01380,inner_train,train,23,23/00247,23/00248,23/00249,23/00250,happy,happy
sample01381,inner_train,train,23,23/00253,23/00254,23/00255,23/00256,sad,happy
sample01382,inner_train,train,23,23/00266,23/00267,23/00268,23/00269,happy,sad
sample01383,inner_train,train,23,23/00281,23/00282,23/00283,23/00284,sad,angry
sample01384,inner_train,train,23,23/00313,23/00314,23/00315,23/00316,disgust,disgust
sample01385,inner_train,train,23,23/00369,23/00370,23/00371,23/00372,fear,happy
sample01386,inner_train,train,23,23/00487,23/00488,23/00489,23/00490,disgust,fear
sample01387,inner_train,train,23,23/00491,23/00492,23/00493,23/00494,happy,sad
sample01388,inner_train,train,23,23/00494,23/00495,23/00496,23/00497,neutral,neutral
sample01389,inner_train,train,23,23/00560,23/00561,23/00562,23/00563,angry,angry
sample01390,inner_train,train,23,23/00561,23/00562,23/00563,23/00564,angry,angry
sample01391,inner_train,train,23,23/00563,23/00564,23/00565,23/00566,angry,neutral
sample01392,inner_train,train,23,23/00566,23/00567,23/00568,23/00569,happy,angry
sample01393,inner_train,train,23,23/00567,23/00568,23/00569,23/00570,angry,happy
sample01394,inner_train,train,23,23/00568,23/00569,23/00570,23/00571,happy,angry
sample01395,inner_train,train,23,23/00579,23/00580,23/00581,23/00582,angry,sad
sample01396,inner_train,train,23,23/00580,23/00581,23/00582,23/00583,sad,angry
sample01397,inner_train,train,23,23/00641,23/00642,23/00643,23/00644,angry,happy
sample01398,inner_train,train,23,23/00646,23/00647,23/00648,23/00649,happy,angry
sample01399,inner_train,train,23,23/00664,23/00665,23/00666,23/00667,disgust,angry
sample01400,inner_train,train,23,23/00666,23/00667,23/00668,23/00669,angry,surprise
sample01401,inner_train,train,23,23/00670,23/00671,23/00672,23/00673,angry,disgust
sample01402,inner_train,train,23,23/00676,23/00677,23/00678,23/00679,angry,happy
sample01403,inner_train,train,23,23/00677,23/00678,23/00679,23/00680,happy,disgust
sample01404,inner_train,train,23,23/00679,23/00680,23/00681,23/00682,disgust,angry
sample01405,inner_train,train,23,23/00681,23/00682,23/00683,23/00684,angry,disgust
sample01406,inner_train,train,23,23/00694,23/00695,23/00696,23/00697,angry,disgust
sample01407,inner_train,train,23,23/00698,23/00699,23/00700,23/00701,disgust,disgust
sample01408,inner_train,train,23,23/00715,23/00716,23/00717,23/00718,angry,angry
sample01409,inner_train,train,23,23/00734,23/00735,23/00736,23/00737,happy,happy
sample01410,inner_train,train,23,23/00739,23/00740,23/00741,23/00742,happy,happy
sample01411,inner_train,train,23,23/00753,23/00754,23/00755,23/00756,angry,angry
sample01412,inner_train,train,23,23/00757,23/00758,23/00759,23/00760,angry,angry
sample01413,inner_train,train,23,23/00760,23/00761,23/00762,23/00763,sad,angry
sample01414,inner_train,train,23,23/00761,23/00762,23/00763,23/00764,angry,sad
sample01415,inner_train,train,23,23/00790,23/00791,23/00792,23/00793,angry,neutral
sample01416,inner_train,train,23,23/00791,23/00792,23/00793,23/00794,neutral,angry
sample01417,inner_train,train,23,23/00795,23/00796,23/00797,23/00798,angry,happy
sample01418,inner_train,train,23,23/00796,23/00797,23/00798,23/00799,happy,angry
sample01419,inner_train,train,23,23/00807,23/00808,23/00809,23/00810,happy,disgust
sample01420,inner_train,train,23,23/00808,23/00809,23/00810,23/00811,disgust,happy
sample01421,inner_train,train,23,23/00811,23/00812,23/00813,23/00814,happy,sad
sample01422,inner_train,train,23,23/00818,23/00819,23/00820,23/00821,happy,happy
sample01423,inner_train,train,23,23/00819,23/00820,23/00821,23/00822,happy,neutral
sample01424,inner_train,train,23,23/00875,23/00876,23/00877,23/00878,neutral,angry
sample01425,inner_train,train,23,23/00876,23/00877,23/00878,23/00879,angry,disgust
sample01426,inner_train,train,23,23/00945,23/00946,23/00947,23/00948,surprise,sad
sample01427,inner_train,train,23,23/00948,23/00949,23/00950,23/00951,sad,sad
sample01428,inner_train,train,23,23/00952,23/00953,23/00954,23/00955,sad,sad
sample01429,inner_train,train,23,23/00953,23/00954,23/00955,23/00956,sad,sad
sample01430,inner_train,train,24,24/00057,24/00058,24/00059,24/00060,happy,happy
sample01431,inner_train,train,24,24/00215,24/00216,24/00217,24/00218,neutral,neutral
sample01432,inner_train,train,24,24/00288,24/00289,24/00290,24/00291,neutral,happy
sample01433,inner_train,train,24,24/00291,24/00292,24/00293,24/00294,happy,surprise
sample01434,inner_train,train,24,24/00292,24/00293,24/00294,24/00295,surprise,happy
sample01435,inner_train,train,24,24/00295,24/00296,24/00297,24/00298,happy,surprise
sample01436,inner_train,train,24,24/00381,24/00382,24/00383,24/00384,sad,sad
sample01437,inner_train,train,24,24/00401,24/00402,24/00403,24/00404,neutral,fear
sample01438,inner_train,train,24,24/00406,24/00407,24/00408,24/00409,disgust,angry
sample01439,inner_train,train,24,24/00407,24/00408,24/00409,24/00410,angry,disgust
sample01440,inner_train,train,24,24/00420,24/00421,24/00422,24/00423,happy,sad
sample01441,inner_train,train,24,24/00422,24/00423,24/00424,24/00425,sad,sad
sample01442,inner_train,train,24,24/00423,24/00424,24/00425,24/00426,sad,angry
sample01443,inner_train,train,24,24/00427,24/00428,24/00429,24/00430,angry,sad
sample01444,inner_train,train,24,24/00520,24/00521,24/00522,24/00523,neutral,angry
sample01445,inner_train,train,24,24/00537,24/00538,24/00539,24/00540,angry,fear
sample01446,inner_train,train,24,24/00545,24/00546,24/00547,24/00548,angry,sad
sample01447,inner_train,train,24,24/00551,24/00552,24/00553,24/00554,neutral,disgust
sample01448,inner_train,train,24,24/00568,24/00569,24/00570,24/00571,happy,sad
sample01449,inner_train,train,24,24/00587,24/00588,24/00589,24/00590,angry,happy
sample01450,inner_train,train,24,24/00591,24/00592,24/00593,24/00594,angry,angry
sample01451,inner_train,train,24,24/00592,24/00593,24/00594,24/00595,angry,happy
sample01452,inner_train,train,24,24/00622,24/00623,24/00624,24/00625,angry,sad
sample01453,inner_train,train,24,24/00694,24/00695,24/00696,24/00697,sad,neutral
sample01454,inner_train,train,24,24/00697,24/00698,24/00699,24/00700,neutral,sad
sample01455,inner_train,train,24,24/00699,24/00700,24/00701,24/00702,neutral,sad
sample01456,inner_train,train,24,24/00810,24/00811,24/00812,24/00813,happy,happy
sample01457,inner_train,train,24,24/00877,24/00878,24/00879,24/00880,happy,happy
sample01458,inner_train,train,24,24/00914,24/00915,24/00916,24/00917,neutral,sad
sample01459,inner_train,train,24,24/00918,24/00919,24/00920,24/00921,angry,sad
sample01460,inner_train,train,25,25/00034,25/00035,25/00036,25/00037,disgust,angry
sample01461,inner_train,train,25,25/00039,25/00040,25/00041,25/00042,happy,disgust
sample01462,inner_train,train,25,25/00040,25/00041,25/00042,25/00043,disgust,happy
sample01463,inner_train,train,25,25/00069,25/00070,25/00071,25/00072,sad,angry
sample01464,inner_train,train,25,25/00076,25/00077,25/00078,25/00079,angry,angry
sample01465,inner_train,train,25,25/00077,25/00078,25/00079,25/00080,angry,angry
sample01466,inner_train,train,25,25/00079,25/00080,25/00081,25/00082,angry,angry
sample01467,inner_train,train,25,25/00082,25/00083,25/00084,25/00085,angry,angry
sample01468,inner_train,train,25,25/00138,25/00139,25/00140,25/00141,angry,angry
sample01469,inner_train,train,25,25/00172,25/00173,25/00174,25/00175,happy,neutral
sample01470,inner_train,train,25,25/00173,25/00174,25/00175,25/00176,neutral,disgust
sample01471,inner_train,train,25,25/00180,25/00181,25/00182,25/00183,angry,happy
sample01472,inner_train,train,25,25/00181,25/00182,25/00183,25/00184,happy,surprise
sample01473,inner_train,train,25,25/00187,25/00188,25/00189,25/00190,neutral,happy
sample01474,inner_train,train,25,25/00193,25/00194,25/00195,25/00196,neutral,disgust
sample01475,inner_train,train,25,25/00194,25/00195,25/00196,25/00197,disgust,disgust
sample01476,inner_train,train,25,25/00265,25/00266,25/00267,25/00268,happy,fear
sample01477,inner_train,train,25,25/00271,25/00272,25/00273,25/00274,sad,angry
sample01478,inner_train,train,25,25/00275,25/00276,25/00277,25/00278,sad,angry
sample01479,inner_train,train,25,25/00346,25/00347,25/00348,25/00349,angry,angry
sample01480,inner_train,train,25,25/00347,25/00348,25/00349,25/00350,angry,disgust
sample01481,inner_train,train,25,25/00348,25/00349,25/00350,25/00351,disgust,sad
sample01482,inner_train,train,25,25/00351,25/00352,25/00353,25/00354,sad,disgust
sample01483,inner_train,train,25,25/00365,25/00366,25/00367,25/00368,surprise,disgust
sample01484,inner_train,train,25,25/00366,25/00367,25/00368,25/00369,disgust,sad
sample01485,inner_train,train,25,25/00368,25/00369,25/00370,25/00371,sad,disgust
sample01486,inner_train,train,25,25/00369,25/00370,25/00371,25/00372,disgust,sad
sample01487,inner_train,train,25,25/00378,25/00379,25/00380,25/00381,sad,sad
sample01488,inner_train,train,25,25/00379,25/00380,25/00381,25/00382,sad,angry
sample01489,inner_train,train,25,25/00389,25/00390,25/00391,25/00392,happy,sad
sample01490,inner_train,train,25,25/00390,25/00391,25/00392,25/00393,sad,happy
sample01491,inner_train,train,25,25/00394,25/00395,25/00396,25/00397,sad,sad
sample01492,inner_train,train,25,25/00414,25/00415,25/00416,25/00417,angry,surprise
sample01493,inner_train,train,25,25/00419,25/00420,25/00421,25/00422,angry,fear
sample01494,inner_train,train,25,25/00453,25/00454,25/00455,25/00456,disgust,angry
sample01495,inner_train,train,25,25/00464,25/00465,25/00466,25/00467,angry,angry
sample01496,inner_train,train,25,25/00470,25/00471,25/00472,25/00473,neutral,surprise
sample01497,inner_train,train,25,25/00473,25/00474,25/00475,25/00476,angry,neutral
sample01498,inner_train,train,25,25/00535,25/00536,25/00537,25/00538,angry,happy
sample01499,inner_train,train,25,25/00536,25/00537,25/00538,25/00539,happy,angry
sample01500,inner_train,train,25,25/00540,25/00541,25/00542,25/00543,angry,disgust
sample01501,inner_train,train,25,25/00559,25/00560,25/00561,25/00562,happy,happy
sample01502,inner_train,train,25,25/00573,25/00574,25/00575,25/00576,happy,neutral
sample01503,inner_train,train,25,25/00575,25/00576,25/00577,25/00578,happy,neutral
sample01504,inner_train,train,25,25/00585,25/00586,25/00587,25/00588,neutral,angry
sample01505,inner_train,train,25,25/00587,25/00588,25/00589,25/00590,happy,disgust
sample01506,inner_train,train,25,25/00593,25/00594,25/00595,25/00596,angry,surprise
sample01507,inner_train,train,25,25/00610,25/00611,25/00612,25/00613,angry,neutral
sample01508,inner_train,train,25,25/00612,25/00613,25/00614,25/00615,happy,surprise
sample01509,inner_train,train,25,25/00617,25/00618,25/00619,25/00620,neutral,angry
sample01510,inner_train,train,25,25/00622,25/00623,25/00624,25/00625,angry,happy
sample01511,inner_train,train,25,25/00719,25/00720,25/00721,25/00722,sad,sad
sample01512,inner_train,train,25,25/00726,25/00727,25/00728,25/00729,sad,sad
sample01513,inner_train,train,25,25/00730,25/00731,25/00732,25/00733,angry,sad
sample01514,inner_train,train,25,25/00731,25/00732,25/00733,25/00734,sad,angry
sample01515,inner_train,train,25,25/00734,25/00735,25/00736,25/00737,sad,sad
sample01516,inner_train,train,25,25/00736,25/00737,25/00738,25/00739,sad,sad
sample01517,inner_train,train,25,25/00770,25/00771,25/00772,25/00773,neutral,neutral
sample01518,inner_train,train,25,25/00772,25/00773,25/00774,25/00775,neutral,neutral
sample01519,inner_train,train,25,25/00775,25/00776,25/00777,25/00778,neutral,happy
sample01520,inner_train,train,25,25/00777,25/00778,25/00779,25/00780,happy,happy
sample01521,inner_train,train,25,25/00784,25/00785,25/00786,25/00787,surprise,happy
sample01522,inner_train,train,25,25/00789,25/00790,25/00791,25/00792,neutral,angry
sample01523,inner_train,train,25,25/00843,25/00844,25/00845,25/00846,happy,happy
sample01524,inner_train,train,25,25/00854,25/00855,25/00856,25/00857,surprise,neutral
sample01525,inner_train,train,25,25/00867,25/00868,25/00869,25/00870,happy,happy
sample01526,inner_train,train,25,25/00868,25/00869,25/00870,25/00871,happy,happy
sample01527,inner_train,train,25,25/00869,25/00870,25/00871,25/00872,happy,happy
sample01528,inner_train,train,25,25/00889,25/00890,25/00891,25/00892,angry,neutral
sample01529,inner_train,train,26,26/00010,26/00011,26/00012,26/00013,sad,neutral
sample01530,inner_train,train,26,26/00051,26/00052,26/00053,26/00054,neutral,surprise
sample01531,inner_train,train,26,26/00066,26/00067,26/00068,26/00069,sad,neutral
sample01532,inner_train,train,26,26/00084,26/00085,26/00086,26/00087,happy,neutral
sample01533,inner_train,train,26,26/00086,26/00087,26/00088,26/00089,sad,neutral
sample01534,inner_train,train,26,26/00087,26/00088,26/00089,26/00090,neutral,happy
sample01535,inner_train,train,26,26/00095,26/00096,26/00097,26/00098,disgust,happy
sample01536,inner_train,train,26,26/00106,26/00107,26/00108,26/00109,neutral,happy
sample01537,inner_train,train,26,26/00112,26/00113,26/00114,26/00115,angry,disgust
sample01538,inner_train,train,26,26/00114,26/00115,26/00116,26/00117,angry,neutral
sample01539,inner_train,train,26,26/00119,26/00120,26/00121,26/00122,neutral,neutral
sample01540,inner_train,train,26,26/00120,26/00121,26/00122,26/00123,neutral,surprise
sample01541,inner_train,train,26,26/00136,26/00137,26/00138,26/00139,sad,surprise
sample01542,inner_train,train,26,26/00138,26/00139,26/00140,26/00141,happy,neutral
sample01543,inner_train,train,26,26/00143,26/00144,26/00145,26/00146,angry,neutral
sample01544,inner_train,train,26,26/00147,26/00148,26/00149,26/00150,disgust,neutral
sample01545,inner_train,train,26,26/00185,26/00186,26/00187,26/00188,disgust,happy
sample01546,inner_train,train,26,26/00186,26/00187,26/00188,26/00189,happy,disgust
sample01547,inner_train,train,26,26/00208,26/00209,26/00210,26/00211,happy,happy
sample01548,inner_train,train,26,26/00210,26/00211,26/00212,26/00213,happy,happy
sample01549,inner_train,train,26,26/00212,26/00213,26/00214,26/00215,neutral,happy
sample01550,inner_train,train,26,26/00225,26/00226,26/00227,26/00228,surprise,sad
sample01551,inner_train,train,26,26/00228,26/00229,26/00230,26/00231,sad,sad
sample01552,inner_train,train,26,26/00229,26/00230,26/00231,26/00232,sad,sad
sample01553,inner_train,train,26,26/00246,26/00247,26/00248,26/00249,sad,sad
sample01554,inner_train,train,26,26/00340,26/00341,26/00342,26/00343,disgust,disgust
sample01555,inner_train,train,26,26/00344,26/00345,26/00346,26/00347,disgust,disgust
sample01556,inner_train,train,26,26/00346,26/00347,26/00348,26/00349,angry,sad
sample01557,inner_train,train,26,26/00347,26/00348,26/00349,26/00350,sad,angry
sample01558,inner_train,train,26,26/00348,26/00349,26/00350,26/00351,angry,angry
sample01559,inner_train,train,26,26/00369,26/00370,26/00371,26/00372,angry,angry
sample01560,inner_train,train,26,26/00495,26/00496,26/00497,26/00498,angry,surprise
sample01561,inner_train,train,26,26/00500,26/00501,26/00502,26/00503,angry,angry
sample01562,inner_train,train,26,26/00502,26/00503,26/00504,26/00505,disgust,surprise
sample01563,inner_train,train,26,26/00503,26/00504,26/00505,26/00506,surprise,happy
sample01564,inner_train,train,26,26/00511,26/00512,26/00513,26/00514,sad,disgust
sample01565,inner_train,train,26,26/00518,26/00519,26/00520,26/00521,sad,happy
sample01566,inner_train,train,26,26/00519,26/00520,26/00521,26/00522,happy,sad
sample01567,inner_train,train,26,26/00520,26/00521,26/00522,26/00523,sad,sad
sample01568,inner_train,train,26,26/00523,26/00524,26/00525,26/00526,sad,sad
sample01569,inner_train,train,26,26/00524,26/00525,26/00526,26/00527,sad,sad
sample01570,inner_train,train,26,26/00542,26/00543,26/00544,26/00545,angry,angry
sample01571,inner_train,train,26,26/00549,26/00550,26/00551,26/00552,happy,disgust
sample01572,inner_train,train,26,26/00561,26/00562,26/00563,26/00564,neutral,sad
sample01573,inner_train,train,26,26/00637,26/00638,26/00639,26/00640,sad,disgust
sample01574,inner_train,train,26,26/00725,26/00726,26/00727,26/00728,sad,sad
sample01575,inner_train,train,26,26/00741,26/00742,26/00743,26/00744,sad,sad
sample01576,inner_train,train,26,26/00744,26/00745,26/00746,26/00747,neutral,sad
sample01577,inner_train,train,26,26/00745,26/00746,26/00747,26/00748,sad,neutral
sample01578,inner_train,train,26,26/00746,26/00747,26/00748,26/00749,neutral,sad
sample01579,inner_train,train,26,26/00816,26/00817,26/00818,26/00819,angry,happy
sample01580,inner_train,train,26,26/00888,26/00889,26/00890,26/00891,disgust,angry
sample01581,inner_train,train,26,26/00890,26/00891,26/00892,26/00893,angry,angry
sample01582,inner_development,train,27,27/00192,27/00193,27/00194,27/00195,happy,happy
sample01583,inner_development,train,27,27/00193,27/00194,27/00195,27/00196,happy,happy
sample01584,inner_development,train,27,27/00194,27/00195,27/00196,27/00197,happy,happy
sample01585,inner_development,train,27,27/00205,27/00206,27/00207,27/00208,sad,neutral
sample01586,inner_development,train,27,27/00209,27/00210,27/00211,27/00212,sad,sad
sample01587,inner_development,train,27,27/00211,27/00212,27/00213,27/00214,sad,sad
sample01588,inner_development,train,27,27/00212,27/00213,27/00214,27/00215,sad,neutral
sample01589,inner_development,train,27,27/00214,27/00215,27/00216,27/00217,neutral,sad
sample01590,inner_development,train,27,27/00220,27/00221,27/00222,27/00223,neutral,sad
sample01591,inner_development,train,27,27/00224,27/00225,27/00226,27/00227,neutral,angry
sample01592,inner_development,train,27,27/00298,27/00299,27/00300,27/00301,happy,happy
sample01593,inner_development,train,27,27/00302,27/00303,27/00304,27/00305,happy,happy
sample01594,inner_development,train,27,27/00315,27/00316,27/00317,27/00318,angry,happy
sample01595,inner_development,train,27,27/00318,27/00319,27/00320,27/00321,happy,neutral
sample01596,inner_development,train,27,27/00347,27/00348,27/00349,27/00350,sad,happy
sample01597,inner_development,train,27,27/00534,27/00535,27/00536,27/00537,angry,sad
sample01598,inner_development,train,27,27/00570,27/00571,27/00572,27/00573,angry,disgust
sample01599,inner_development,train,27,27/00675,27/00676,27/00677,27/00678,disgust,happy
sample01600,inner_development,train,27,27/00683,27/00684,27/00685,27/00686,neutral,angry
sample01601,inner_development,train,27,27/00699,27/00700,27/00701,27/00702,disgust,happy
sample01602,inner_development,train,27,27/00714,27/00715,27/00716,27/00717,happy,neutral
sample01603,inner_development,train,27,27/00724,27/00725,27/00726,27/00727,neutral,sad
sample01604,inner_development,train,27,27/00725,27/00726,27/00727,27/00728,sad,neutral
sample01605,inner_development,train,27,27/00728,27/00729,27/00730,27/00731,angry,sad
sample01606,inner_development,train,27,27/00730,27/00731,27/00732,27/00733,sad,neutral
sample01607,inner_development,train,27,27/00736,27/00737,27/00738,27/00739,happy,happy
sample01640,inner_development,train,29,29/00124,29/00125,29/00126,29/00127,happy,neutral
sample01641,inner_development,train,29,29/00198,29/00199,29/00200,29/00201,happy,angry
sample01642,inner_development,train,29,29/00240,29/00241,29/00242,29/00243,happy,happy
sample01643,inner_development,train,29,29/00241,29/00242,29/00243,29/00244,happy,happy
sample01644,inner_development,train,29,29/00257,29/00258,29/00259,29/00260,disgust,neutral
sample01645,inner_development,train,29,29/00428,29/00429,29/00430,29/00431,angry,angry
sample01646,inner_development,train,29,29/00448,29/00449,29/00450,29/00451,happy,angry
sample01647,inner_development,train,29,29/00462,29/00463,29/00464,29/00465,sad,neutral
sample01648,inner_development,train,29,29/00465,29/00466,29/00467,29/00468,sad,neutral
sample01649,inner_development,train,29,29/00466,29/00467,29/00468,29/00469,neutral,sad
sample01650,inner_development,train,29,29/00467,29/00468,29/00469,29/00470,sad,sad
sample01651,inner_development,train,29,29/00528,29/00529,29/00530,29/00531,neutral,happy
sample01652,inner_development,train,29,29/00611,29/00612,29/00613,29/00614,sad,angry
sample01653,inner_development,train,29,29/00613,29/00614,29/00615,29/00616,angry,angry
sample01654,inner_development,train,29,29/00614,29/00615,29/00616,29/00617,angry,disgust
sample01655,inner_development,train,29,29/00615,29/00616,29/00617,29/00618,disgust,surprise
sample01656,inner_development,train,29,29/00624,29/00625,29/00626,29/00627,angry,angry
sample01719,inner_train,train,31,31/00030,31/00031,31/00032,31/00033,surprise,angry
sample01720,inner_train,train,31,31/00031,31/00032,31/00033,31/00034,angry,surprise
sample01721,inner_train,train,31,31/00032,31/00033,31/00034,31/00035,surprise,neutral
sample01722,inner_train,train,31,31/00037,31/00038,31/00039,31/00040,surprise,angry
sample01723,inner_train,train,31,31/00038,31/00039,31/00040,31/00041,angry,surprise
sample01724,inner_train,train,31,31/00040,31/00041,31/00042,31/00043,angry,angry
sample01725,inner_train,train,31,31/00041,31/00042,31/00043,31/00044,angry,fear
sample01726,inner_train,train,31,31/00050,31/00051,31/00052,31/00053,angry,neutral
sample01727,inner_train,train,31,31/00051,31/00052,31/00053,31/00054,neutral,angry
sample01728,inner_train,train,31,31/00057,31/00058,31/00059,31/00060,angry,surprise
sample01729,inner_train,train,31,31/00059,31/00060,31/00061,31/00062,surprise,sad
sample01730,inner_train,train,31,31/00070,31/00071,31/00072,31/00073,angry,neutral
sample01731,inner_train,train,31,31/00102,31/00103,31/00104,31/00105,surprise,happy
sample01732,inner_train,train,31,31/00103,31/00104,31/00105,31/00106,happy,happy
sample01733,inner_train,train,31,31/00114,31/00115,31/00116,31/00117,neutral,sad
sample01734,inner_train,train,31,31/00117,31/00118,31/00119,31/00120,angry,neutral
sample01735,inner_train,train,31,31/00119,31/00120,31/00121,31/00122,neutral,happy
sample01736,inner_train,train,31,31/00121,31/00122,31/00123,31/00124,neutral,neutral
sample01737,inner_train,train,31,31/00124,31/00125,31/00126,31/00127,neutral,angry
sample01738,inner_train,train,31,31/00126,31/00127,31/00128,31/00129,surprise,neutral
sample01739,inner_train,train,31,31/00226,31/00227,31/00228,31/00229,angry,neutral
sample01740,inner_train,train,31,31/00256,31/00257,31/00258,31/00259,happy,fear
sample01741,inner_train,train,31,31/00259,31/00260,31/00261,31/00262,neutral,surprise
sample01742,inner_train,train,31,31/00278,31/00279,31/00280,31/00281,angry,disgust
sample01743,inner_train,train,31,31/00425,31/00426,31/00427,31/00428,sad,sad
sample01744,inner_train,train,31,31/00426,31/00427,31/00428,31/00429,sad,surprise
sample01745,inner_train,train,31,31/00428,31/00429,31/00430,31/00431,surprise,sad
sample01746,inner_train,train,31,31/00430,31/00431,31/00432,31/00433,angry,disgust
sample01747,inner_train,train,31,31/00588,31/00589,31/00590,31/00591,happy,sad
sample01748,inner_train,train,31,31/00610,31/00611,31/00612,31/00613,happy,happy
sample01749,inner_train,train,31,31/00621,31/00622,31/00623,31/00624,neutral,happy
sample01750,inner_train,train,31,31/00624,31/00625,31/00626,31/00627,happy,surprise
sample01751,inner_train,train,31,31/00636,31/00637,31/00638,31/00639,angry,disgust
sample01752,inner_train,train,32,32/00073,32/00074,32/00075,32/00076,fear,angry
sample01753,inner_train,train,32,32/00100,32/00101,32/00102,32/00103,neutral,happy
sample01754,inner_train,train,32,32/00104,32/00105,32/00106,32/00107,fear,angry
sample01755,inner_train,train,32,32/00146,32/00147,32/00148,32/00149,neutral,happy
sample01756,inner_train,train,32,32/00158,32/00159,32/00160,32/00161,happy,neutral
sample01757,inner_train,train,32,32/00287,32/00288,32/00289,32/00290,angry,happy
sample01758,inner_train,train,32,32/00288,32/00289,32/00290,32/00291,happy,neutral
sample01759,inner_train,train,32,32/00289,32/00290,32/00291,32/00292,neutral,surprise
sample01760,inner_train,train,32,32/00295,32/00296,32/00297,32/00298,angry,sad
sample01761,inner_train,train,32,32/00296,32/00297,32/00298,32/00299,sad,happy
sample01762,inner_train,train,32,32/00299,32/00300,32/00301,32/00302,angry,neutral
sample01763,inner_train,train,32,32/00301,32/00302,32/00303,32/00304,surprise,happy
sample01764,inner_train,train,32,32/00318,32/00319,32/00320,32/00321,happy,happy
sample01765,inner_train,train,32,32/00319,32/00320,32/00321,32/00322,happy,surprise
sample01766,inner_train,train,32,32/00334,32/00335,32/00336,32/00337,happy,happy
sample01767,inner_train,train,32,32/00348,32/00349,32/00350,32/00351,happy,happy
sample01768,inner_train,train,32,32/00351,32/00352,32/00353,32/00354,happy,disgust
sample01769,inner_train,train,32,32/00395,32/00396,32/00397,32/00398,disgust,angry
sample01770,inner_train,train,32,32/00398,32/00399,32/00400,32/00401,angry,happy
sample01771,inner_train,train,32,32/00405,32/00406,32/00407,32/00408,disgust,angry
sample01772,inner_train,train,32,32/00408,32/00409,32/00410,32/00411,angry,disgust
sample01773,inner_train,train,32,32/00418,32/00419,32/00420,32/00421,disgust,angry
sample01774,inner_train,train,32,32/00419,32/00420,32/00421,32/00422,angry,disgust
sample01775,inner_train,train,32,32/00420,32/00421,32/00422,32/00423,disgust,angry
sample01776,inner_train,train,32,32/00427,32/00428,32/00429,32/00430,surprise,angry
sample01777,inner_train,train,32,32/00428,32/00429,32/00430,32/00431,angry,neutral
sample01778,inner_train,train,32,32/00438,32/00439,32/00440,32/00441,angry,disgust
sample01779,inner_train,train,32,32/00439,32/00440,32/00441,32/00442,disgust,angry
sample01780,inner_train,train,32,32/00443,32/00444,32/00445,32/00446,happy,fear
sample01781,inner_train,train,32,32/00450,32/00451,32/00452,32/00453,happy,angry
sample01782,inner_train,train,32,32/00520,32/00521,32/00522,32/00523,happy,disgust
sample01783,inner_train,train,32,32/00523,32/00524,32/00525,32/00526,happy,happy
sample01784,inner_train,train,32,32/00525,32/00526,32/00527,32/00528,neutral,angry
sample01785,inner_train,train,32,32/00526,32/00527,32/00528,32/00529,angry,happy
sample01786,inner_train,train,32,32/00527,32/00528,32/00529,32/00530,happy,neutral
sample01787,inner_train,train,32,32/00546,32/00547,32/00548,32/00549,happy,angry
sample01788,inner_train,train,32,32/00582,32/00583,32/00584,32/00585,neutral,neutral
sample01789,inner_train,train,32,32/00632,32/00633,32/00634,32/00635,neutral,angry
sample01790,inner_train,train,32,32/00633,32/00634,32/00635,32/00636,angry,sad
sample01791,inner_train,train,32,32/00634,32/00635,32/00636,32/00637,sad,disgust
sample01792,inner_train,train,32,32/00635,32/00636,32/00637,32/00638,disgust,neutral
sample01793,inner_train,train,32,32/00647,32/00648,32/00649,32/00650,angry,angry
sample01794,inner_train,train,32,32/00689,32/00690,32/00691,32/00692,happy,happy
sample01795,inner_train,train,32,32/00703,32/00704,32/00705,32/00706,happy,happy
sample01796,inner_train,train,33,33/00057,33/00058,33/00059,33/00060,angry,sad
sample01797,inner_train,train,33,33/00059,33/00060,33/00061,33/00062,angry,angry
sample01798,inner_train,train,33,33/00060,33/00061,33/00062,33/00063,angry,sad
sample01799,inner_train,train,33,33/00065,33/00066,33/00067,33/00068,sad,sad
sample01800,inner_train,train,33,33/00067,33/00068,33/00069,33/00070,angry,angry
sample01801,inner_train,train,33,33/00092,33/00093,33/00094,33/00095,disgust,disgust
sample01802,inner_train,train,33,33/00095,33/00096,33/00097,33/00098,disgust,angry
sample01803,inner_train,train,33,33/00102,33/00103,33/00104,33/00105,happy,surprise
sample01804,inner_train,train,33,33/00103,33/00104,33/00105,33/00106,surprise,sad
sample01805,inner_train,train,33,33/00185,33/00186,33/00187,33/00188,surprise,sad
sample01806,inner_train,train,33,33/00196,33/00197,33/00198,33/00199,sad,sad
sample01807,inner_train,train,33,33/00197,33/00198,33/00199,33/00200,sad,sad
sample01808,inner_train,train,33,33/00199,33/00200,33/00201,33/00202,sad,sad
sample01809,inner_train,train,33,33/00206,33/00207,33/00208,33/00209,sad,sad
sample01810,inner_train,train,33,33/00207,33/00208,33/00209,33/00210,sad,neutral
sample01811,inner_train,train,33,33/00211,33/00212,33/00213,33/00214,sad,angry
sample01812,inner_train,train,33,33/00212,33/00213,33/00214,33/00215,angry,happy
sample01813,inner_train,train,33,33/00221,33/00222,33/00223,33/00224,sad,sad
sample01814,inner_train,train,33,33/00238,33/00239,33/00240,33/00241,happy,happy
sample01815,inner_train,train,33,33/00241,33/00242,33/00243,33/00244,happy,angry
sample01816,inner_train,train,33,33/00242,33/00243,33/00244,33/00245,angry,angry
sample01817,inner_train,train,33,33/00244,33/00245,33/00246,33/00247,angry,disgust
sample01818,inner_train,train,33,33/00245,33/00246,33/00247,33/00248,disgust,angry
sample01819,inner_train,train,33,33/00246,33/00247,33/00248,33/00249,angry,sad
sample01820,inner_train,train,33,33/00256,33/00257,33/00258,33/00259,neutral,happy
sample01821,inner_train,train,33,33/00420,33/00421,33/00422,33/00423,sad,sad
sample01822,inner_train,train,33,33/00440,33/00441,33/00442,33/00443,surprise,happy
sample01823,inner_train,train,33,33/00441,33/00442,33/00443,33/00444,happy,happy
sample01824,inner_train,train,33,33/00448,33/00449,33/00450,33/00451,happy,happy
sample01825,inner_train,train,33,33/00449,33/00450,33/00451,33/00452,happy,happy
sample01826,inner_train,train,33,33/00452,33/00453,33/00454,33/00455,happy,happy
sample01827,inner_train,train,33,33/00454,33/00455,33/00456,33/00457,happy,happy
sample01828,inner_train,train,33,33/00456,33/00457,33/00458,33/00459,happy,neutral
sample01829,inner_train,train,33,33/00457,33/00458,33/00459,33/00460,neutral,surprise
sample01830,inner_train,train,33,33/00463,33/00464,33/00465,33/00466,happy,happy
sample01831,inner_train,train,33,33/00464,33/00465,33/00466,33/00467,happy,neutral
sample01832,inner_train,train,33,33/00466,33/00467,33/00468,33/00469,angry,neutral
sample01833,inner_train,train,33,33/00467,33/00468,33/00469,33/00470,neutral,surprise
sample01834,inner_train,train,33,33/00468,33/00469,33/00470,33/00471,surprise,happy
sample01835,inner_train,train,33,33/00469,33/00470,33/00471,33/00472,happy,surprise
sample01836,inner_train,train,33,33/00479,33/00480,33/00481,33/00482,sad,happy
sample01837,inner_train,train,33,33/00485,33/00486,33/00487,33/00488,neutral,disgust
sample01838,inner_train,train,33,33/00486,33/00487,33/00488,33/00489,disgust,neutral
sample01839,inner_train,train,33,33/00487,33/00488,33/00489,33/00490,neutral,angry
sample01840,inner_train,train,33,33/00488,33/00489,33/00490,33/00491,angry,happy
sample01841,inner_train,train,33,33/00491,33/00492,33/00493,33/00494,angry,angry
sample01842,inner_train,train,33,33/00503,33/00504,33/00505,33/00506,disgust,angry
sample01843,inner_train,train,33,33/00505,33/00506,33/00507,33/00508,angry,neutral
sample01844,inner_train,train,33,33/00508,33/00509,33/00510,33/00511,angry,disgust
sample01845,inner_train,train,33,33/00516,33/00517,33/00518,33/00519,angry,happy
sample01846,inner_train,train,33,33/00558,33/00559,33/00560,33/00561,sad,neutral
sample01847,inner_train,train,33,33/00560,33/00561,33/00562,33/00563,neutral,sad
sample01848,inner_train,train,33,33/00561,33/00562,33/00563,33/00564,sad,happy
sample01849,inner_train,train,33,33/00562,33/00563,33/00564,33/00565,happy,neutral
sample01850,inner_train,train,33,33/00585,33/00586,33/00587,33/00588,sad,sad
sample01851,inner_train,train,33,33/00596,33/00597,33/00598,33/00599,happy,happy
sample01852,inner_train,train,33,33/00598,33/00599,33/00600,33/00601,sad,sad
sample01853,inner_train,train,33,33/00601,33/00602,33/00603,33/00604,sad,sad
sample01854,inner_train,train,33,33/00607,33/00608,33/00609,33/00610,sad,sad
sample01855,inner_train,train,33,33/00608,33/00609,33/00610,33/00611,sad,sad
sample01856,inner_train,train,33,33/00610,33/00611,33/00612,33/00613,sad,happy
sample01857,inner_train,train,34,34/00047,34/00048,34/00049,34/00050,disgust,neutral
sample01858,inner_train,train,34,34/00104,34/00105,34/00106,34/00107,neutral,sad
sample01859,inner_train,train,34,34/00119,34/00120,34/00121,34/00122,sad,angry
sample01860,inner_train,train,34,34/00137,34/00138,34/00139,34/00140,angry,disgust
sample01861,inner_train,train,34,34/00143,34/00144,34/00145,34/00146,angry,sad
sample01862,inner_train,train,34,34/00218,34/00219,34/00220,34/00221,disgust,happy
sample01863,inner_train,train,34,34/00222,34/00223,34/00224,34/00225,angry,angry
sample01864,inner_train,train,34,34/00347,34/00348,34/00349,34/00350,neutral,neutral
sample01865,inner_train,train,34,34/00351,34/00352,34/00353,34/00354,happy,angry
sample01866,inner_train,train,34,34/00356,34/00357,34/00358,34/00359,disgust,neutral
sample01867,inner_train,train,34,34/00357,34/00358,34/00359,34/00360,neutral,disgust
sample01868,inner_train,train,34,34/00417,34/00418,34/00419,34/00420,happy,happy
sample01869,inner_train,train,34,34/00428,34/00429,34/00430,34/00431,sad,happy
sample01870,inner_train,train,34,34/00449,34/00450,34/00451,34/00452,happy,happy
sample01871,inner_train,train,34,34/00464,34/00465,34/00466,34/00467,angry,angry
sample01872,inner_train,train,34,34/00475,34/00476,34/00477,34/00478,happy,angry
sample01873,inner_train,train,34,34/00476,34/00477,34/00478,34/00479,angry,happy
sample01874,inner_train,train,34,34/00481,34/00482,34/00483,34/00484,happy,angry
sample01875,inner_train,train,34,34/00517,34/00518,34/00519,34/00520,angry,angry
sample01876,inner_train,train,34,34/00518,34/00519,34/00520,34/00521,angry,angry
sample01877,inner_train,train,34,34/00524,34/00525,34/00526,34/00527,angry,fear
sample01878,inner_train,train,34,34/00529,34/00530,34/00531,34/00532,neutral,angry
sample01879,inner_train,train,34,34/00541,34/00542,34/00543,34/00544,happy,sad
sample01880,inner_train,train,34,34/00542,34/00543,34/00544,34/00545,sad,disgust
sample01881,inner_train,train,34,34/00560,34/00561,34/00562,34/00563,happy,disgust
sample01882,inner_train,train,34,34/00863,34/00864,34/00865,34/00866,angry,happy
sample01883,inner_train,train,35,35/00045,35/00046,35/00047,35/00048,happy,happy
sample01884,inner_train,train,35,35/00047,35/00048,35/00049,35/00050,happy,disgust
sample01885,inner_train,train,35,35/00049,35/00050,35/00051,35/00052,happy,angry
sample01886,inner_train,train,35,35/00055,35/00056,35/00057,35/00058,surprise,happy
sample01887,inner_train,train,35,35/00056,35/00057,35/00058,35/00059,happy,happy
sample01888,inner_train,train,35,35/00057,35/00058,35/00059,35/00060,happy,neutral
sample01889,inner_train,train,35,35/00084,35/00085,35/00086,35/00087,disgust,neutral
sample01890,inner_train,train,35,35/00086,35/00087,35/00088,35/00089,neutral,angry
sample01891,inner_train,train,35,35/00092,35/00093,35/00094,35/00095,surprise,angry
sample01892,inner_train,train,35,35/00095,35/00096,35/00097,35/00098,angry,happy
sample01893,inner_train,train,35,35/00111,35/00112,35/00113,35/00114,happy,happy
sample01894,inner_train,train,35,35/00127,35/00128,35/00129,35/00130,disgust,disgust
sample01895,inner_train,train,35,35/00166,35/00167,35/00168,35/00169,neutral,neutral
sample01896,inner_train,train,35,35/00177,35/00178,35/00179,35/00180,happy,happy
sample01897,inner_train,train,35,35/00180,35/00181,35/00182,35/00183,happy,sad
sample01898,inner_train,train,35,35/00181,35/00182,35/00183,35/00184,sad,happy
sample01899,inner_train,train,35,35/00183,35/00184,35/00185,35/00186,happy,sad
sample01900,inner_train,train,35,35/00184,35/00185,35/00186,35/00187,sad,happy
sample01901,inner_train,train,35,35/00185,35/00186,35/00187,35/00188,happy,sad
sample01902,inner_train,train,35,35/00209,35/00210,35/00211,35/00212,neutral,surprise
sample01903,inner_train,train,35,35/00210,35/00211,35/00212,35/00213,surprise,neutral
sample01904,inner_train,train,35,35/00308,35/00309,35/00310,35/00311,sad,disgust
sample01905,inner_train,train,35,35/00312,35/00313,35/00314,35/00315,happy,happy
sample01906,inner_train,train,35,35/00319,35/00320,35/00321,35/00322,happy,disgust
sample01907,inner_train,train,35,35/00324,35/00325,35/00326,35/00327,happy,angry
sample01908,inner_train,train,35,35/00325,35/00326,35/00327,35/00328,angry,happy
sample01909,inner_train,train,35,35/00329,35/00330,35/00331,35/00332,angry,angry
sample01910,inner_train,train,35,35/00331,35/00332,35/00333,35/00334,angry,surprise
sample01911,inner_train,train,35,35/00333,35/00334,35/00335,35/00336,surprise,sad
sample01912,inner_train,train,35,35/00339,35/00340,35/00341,35/00342,disgust,happy
sample01913,inner_train,train,35,35/00340,35/00341,35/00342,35/00343,happy,disgust
sample01914,inner_train,train,35,35/00341,35/00342,35/00343,35/00344,disgust,happy
sample01915,inner_train,train,35,35/00346,35/00347,35/00348,35/00349,angry,disgust
sample01916,inner_train,train,35,35/00353,35/00354,35/00355,35/00356,happy,angry
sample01917,inner_train,train,35,35/00354,35/00355,35/00356,35/00357,angry,happy
sample01918,inner_train,train,35,35/00358,35/00359,35/00360,35/00361,happy,happy
sample01919,inner_train,train,35,35/00361,35/00362,35/00363,35/00364,happy,angry
sample01920,inner_train,train,35,35/00364,35/00365,35/00366,35/00367,disgust,happy
sample01921,inner_train,train,35,35/00373,35/00374,35/00375,35/00376,happy,neutral
sample01922,inner_train,train,35,35/00425,35/00426,35/00427,35/00428,neutral,surprise
sample01923,inner_train,train,35,35/00426,35/00427,35/00428,35/00429,surprise,angry
sample01924,inner_train,train,35,35/00431,35/00432,35/00433,35/00434,sad,happy
sample01925,inner_train,train,35,35/00437,35/00438,35/00439,35/00440,happy,happy
sample01926,inner_train,train,35,35/00438,35/00439,35/00440,35/00441,happy,happy
sample01927,inner_train,train,35,35/00439,35/00440,35/00441,35/00442,happy,happy
sample01928,inner_train,train,35,35/00447,35/00448,35/00449,35/00450,happy,happy
sample01929,inner_train,train,35,35/00448,35/00449,35/00450,35/00451,happy,happy
sample01930,inner_train,train,35,35/00452,35/00453,35/00454,35/00455,happy,happy
sample01931,inner_train,train,35,35/00464,35/00465,35/00466,35/00467,neutral,happy
sample01932,inner_train,train,35,35/00468,35/00469,35/00470,35/00471,happy,fear
sample01933,inner_train,train,35,35/00471,35/00472,35/00473,35/00474,neutral,happy
sample01934,inner_train,train,35,35/00493,35/00494,35/00495,35/00496,happy,happy
sample01935,inner_train,train,35,35/00494,35/00495,35/00496,35/00497,happy,happy
sample01936,inner_train,train,35,35/00567,35/00568,35/00569,35/00570,angry,angry
sample01937,inner_train,train,35,35/00569,35/00570,35/00571,35/00572,angry,angry
sample01938,inner_train,train,35,35/00571,35/00572,35/00573,35/00574,surprise,angry
sample01939,inner_train,train,35,35/00573,35/00574,35/00575,35/00576,neutral,happy
sample01940,inner_train,train,35,35/00620,35/00621,35/00622,35/00623,neutral,happy
sample01941,inner_train,train,35,35/00634,35/00635,35/00636,35/00637,happy,surprise
sample01942,inner_train,train,35,35/00635,35/00636,35/00637,35/00638,surprise,angry
sample01943,inner_train,train,35,35/00649,35/00650,35/00651,35/00652,angry,angry
sample01944,inner_train,train,35,35/00688,35/00689,35/00690,35/00691,neutral,sad
sample01945,inner_train,train,35,35/00714,35/00715,35/00716,35/00717,angry,disgust
sample01946,inner_train,train,35,35/00716,35/00717,35/00718,35/00719,neutral,sad
sample01947,inner_train,train,35,35/00718,35/00719,35/00720,35/00721,sad,neutral
sample01948,inner_development,train,36,36/00269,36/00270,36/00271,36/00272,happy,happy
sample01949,inner_development,train,36,36/00270,36/00271,36/00272,36/00273,happy,surprise
sample01950,inner_development,train,36,36/00272,36/00273,36/00274,36/00275,neutral,happy
sample01951,inner_development,train,36,36/00338,36/00339,36/00340,36/00341,happy,happy
sample01952,inner_development,train,36,36/00344,36/00345,36/00346,36/00347,angry,disgust
sample01953,inner_development,train,36,36/00376,36/00377,36/00378,36/00379,surprise,sad
sample01954,inner_development,train,36,36/00411,36/00412,36/00413,36/00414,angry,disgust
sample01955,inner_development,train,36,36/00419,36/00420,36/00421,36/00422,angry,angry
sample01956,inner_development,train,36,36/00420,36/00421,36/00422,36/00423,angry,angry
sample01957,inner_development,train,36,36/00421,36/00422,36/00423,36/00424,angry,fear
sample01958,inner_development,train,36,36/00423,36/00424,36/00425,36/00426,fear,angry
sample01959,inner_development,train,36,36/00424,36/00425,36/00426,36/00427,angry,sad
sample01960,inner_development,train,36,36/00440,36/00441,36/00442,36/00443,happy,angry
sample01961,inner_development,train,36,36/00454,36/00455,36/00456,36/00457,angry,happy
sample01962,inner_development,train,36,36/00458,36/00459,36/00460,36/00461,angry,surprise
sample01963,inner_development,train,36,36/00459,36/00460,36/00461,36/00462,surprise,sad
sample01964,inner_development,train,36,36/00460,36/00461,36/00462,36/00463,sad,neutral
sample01965,inner_development,train,36,36/00462,36/00463,36/00464,36/00465,sad,sad
sample01966,inner_development,train,36,36/00471,36/00472,36/00473,36/00474,sad,angry
sample01967,inner_development,train,36,36/00473,36/00474,36/00475,36/00476,disgust,angry
sample01968,inner_development,train,36,36/00474,36/00475,36/00476,36/00477,angry,happy
sample01969,inner_development,train,36,36/00476,36/00477,36/00478,36/00479,disgust,angry
sample01970,inner_development,train,36,36/00477,36/00478,36/00479,36/00480,angry,angry
sample01971,inner_development,train,36,36/00480,36/00481,36/00482,36/00483,disgust,disgust
sample01972,inner_development,train,36,36/00481,36/00482,36/00483,36/00484,disgust,surprise
sample01973,inner_development,train,36,36/00482,36/00483,36/00484,36/00485,surprise,angry
sample01974,inner_development,train,36,36/00484,36/00485,36/00486,36/00487,angry,surprise
sample01975,inner_development,train,36,36/00485,36/00486,36/00487,36/00488,surprise,disgust
sample01976,inner_development,train,36,36/00487,36/00488,36/00489,36/00490,surprise,happy
sample01977,inner_development,train,36,36/00489,36/00490,36/00491,36/00492,happy,happy
sample01978,inner_development,train,36,36/00495,36/00496,36/00497,36/00498,happy,happy
sample01979,inner_development,train,36,36/00500,36/00501,36/00502,36/00503,neutral,sad
sample01980,inner_development,train,36,36/00501,36/00502,36/00503,36/00504,sad,sad
sample01981,inner_development,train,36,36/00503,36/00504,36/00505,36/00506,sad,happy
sample01982,inner_development,train,36,36/00504,36/00505,36/00506,36/00507,happy,sad
sample01983,inner_development,train,36,36/00506,36/00507,36/00508,36/00509,sad,angry
sample01984,inner_development,train,36,36/00507,36/00508,36/00509,36/00510,angry,angry
sample01985,inner_development,train,36,36/00514,36/00515,36/00516,36/00517,neutral,surprise
sample01986,inner_development,train,36,36/00519,36/00520,36/00521,36/00522,happy,happy
sample01987,inner_development,train,36,36/00607,36/00608,36/00609,36/00610,neutral,disgust
sample01988,inner_development,train,36,36/00620,36/00621,36/00622,36/00623,disgust,sad
sample01989,inner_development,train,36,36/00623,36/00624,36/00625,36/00626,angry,disgust
sample01990,inner_development,train,36,36/00624,36/00625,36/00626,36/00627,disgust,disgust
sample01991,inner_development,train,36,36/00625,36/00626,36/00627,36/00628,disgust,disgust
sample01992,inner_development,train,36,36/00626,36/00627,36/00628,36/00629,disgust,disgust
sample01993,inner_development,train,36,36/00632,36/00633,36/00634,36/00635,disgust,happy
sample01994,inner_development,train,36,36/00636,36/00637,36/00638,36/00639,sad,disgust
sample01995,inner_development,train,36,36/00639,36/00640,36/00641,36/00642,angry,disgust
sample01996,inner_development,train,36,36/00641,36/00642,36/00643,36/00644,sad,neutral
sample01997,inner_development,train,36,36/00644,36/00645,36/00646,36/00647,angry,surprise
sample01998,inner_development,train,36,36/00645,36/00646,36/00647,36/00648,surprise,surprise
sample01999,inner_development,train,36,36/00646,36/00647,36/00648,36/00649,surprise,surprise
sample02000,inner_development,train,36,36/00647,36/00648,36/00649,36/00650,surprise,sad
sample02001,inner_development,train,36,36/00667,36/00668,36/00669,36/00670,neutral,surprise
sample02002,inner_development,train,36,36/00668,36/00669,36/00670,36/00671,surprise,neutral
sample02003,inner_development,train,36,36/00669,36/00670,36/00671,36/00672,neutral,happy
sample02004,inner_development,train,36,36/00677,36/00678,36/00679,36/00680,neutral,sad
sample02005,inner_development,train,36,36/00680,36/00681,36/00682,36/00683,neutral,neutral
sample02006,inner_development,train,36,36/00681,36/00682,36/00683,36/00684,neutral,happy
sample02007,inner_development,train,36,36/00684,36/00685,36/00686,36/00687,surprise,neutral
sample02008,inner_development,train,36,36/00689,36/00690,36/00691,36/00692,neutral,happy
sample02009,inner_development,train,36,36/00691,36/00692,36/00693,36/00694,angry,neutral
sample02010,inner_development,train,36,36/00694,36/00695,36/00696,36/00697,happy,neutral
sample02011,inner_development,train,36,36/00775,36/00776,36/00777,36/00778,neutral,neutral
sample02012,inner_development,train,36,36/00778,36/00779,36/00780,36/00781,neutral,neutral
sample02013,inner_development,train,36,36/00779,36/00780,36/00781,36/00782,neutral,neutral
sample02014,inner_development,train,36,36/00780,36/00781,36/00782,36/00783,neutral,neutral
sample02015,inner_development,train,36,36/00868,36/00869,36/00870,36/00871,neutral,neutral
sample02016,inner_development,train,36,36/00907,36/00908,36/00909,36/00910,neutral,neutral
sample02017,inner_development,train,36,36/00908,36/00909,36/00910,36/00911,neutral,neutral
sample02018,inner_development,train,36,36/00918,36/00919,36/00920,36/00921,surprise,neutral
sample02019,inner_development,train,36,36/00920,36/00921,36/00922,36/00923,neutral,neutral
sample02020,inner_development,train,36,36/00923,36/00924,36/00925,36/00926,neutral,neutral
sample02021,inner_development,train,36,36/00930,36/00931,36/00932,36/00933,neutral,neutral
sample02022,inner_development,train,36,36/00931,36/00932,36/00933,36/00934,neutral,happy
sample02023,inner_train,train,37,37/00060,37/00061,37/00062,37/00063,neutral,happy
sample02024,inner_train,train,37,37/00077,37/00078,37/00079,37/00080,neutral,sad
sample02025,inner_train,train,37,37/00101,37/00102,37/00103,37/00104,neutral,surprise
sample02026,inner_train,train,37,37/00105,37/00106,37/00107,37/00108,surprise,surprise
sample02027,inner_train,train,37,37/00106,37/00107,37/00108,37/00109,surprise,angry
sample02028,inner_train,train,37,37/00107,37/00108,37/00109,37/00110,angry,neutral
sample02029,inner_train,train,37,37/00111,37/00112,37/00113,37/00114,happy,neutral
sample02030,inner_train,train,37,37/00112,37/00113,37/00114,37/00115,neutral,happy
sample02031,inner_train,train,37,37/00118,37/00119,37/00120,37/00121,sad,happy
sample02032,inner_train,train,37,37/00119,37/00120,37/00121,37/00122,happy,happy
sample02033,inner_train,train,37,37/00130,37/00131,37/00132,37/00133,neutral,neutral
sample02034,inner_train,train,37,37/00131,37/00132,37/00133,37/00134,neutral,happy
sample02035,inner_train,train,37,37/00135,37/00136,37/00137,37/00138,disgust,angry
sample02036,inner_train,train,37,37/00222,37/00223,37/00224,37/00225,sad,happy
sample02037,inner_train,train,37,37/00223,37/00224,37/00225,37/00226,happy,sad
sample02038,inner_train,train,37,37/00249,37/00250,37/00251,37/00252,neutral,angry
sample02039,inner_train,train,37,37/00252,37/00253,37/00254,37/00255,angry,happy
sample02040,inner_train,train,37,37/00254,37/00255,37/00256,37/00257,disgust,angry
sample02041,inner_train,train,37,37/00260,37/00261,37/00262,37/00263,angry,neutral
sample02042,inner_train,train,37,37/00261,37/00262,37/00263,37/00264,neutral,angry
sample02043,inner_train,train,37,37/00293,37/00294,37/00295,37/00296,angry,surprise
sample02044,inner_train,train,37,37/00313,37/00314,37/00315,37/00316,angry,neutral
sample02045,inner_train,train,37,37/00346,37/00347,37/00348,37/00349,happy,angry
sample02046,inner_train,train,37,37/00365,37/00366,37/00367,37/00368,angry,sad
sample02047,inner_train,train,37,37/00366,37/00367,37/00368,37/00369,sad,sad
sample02048,inner_train,train,37,37/00367,37/00368,37/00369,37/00370,sad,angry
sample02049,inner_train,train,37,37/00411,37/00412,37/00413,37/00414,sad,neutral
sample02050,inner_train,train,37,37/00414,37/00415,37/00416,37/00417,sad,sad
sample02051,inner_train,train,37,37/00415,37/00416,37/00417,37/00418,sad,neutral
sample02052,inner_train,train,37,37/00416,37/00417,37/00418,37/00419,neutral,happy
sample02053,inner_train,train,37,37/00418,37/00419,37/00420,37/00421,happy,happy
sample02054,inner_train,train,37,37/00464,37/00465,37/00466,37/00467,neutral,surprise
sample02055,inner_train,train,37,37/00465,37/00466,37/00467,37/00468,surprise,angry
sample02056,inner_train,train,37,37/00482,37/00483,37/00484,37/00485,angry,angry
sample02057,inner_train,train,37,37/00483,37/00484,37/00485,37/00486,angry,neutral
sample02058,inner_train,train,37,37/00487,37/00488,37/00489,37/00490,sad,sad
sample02059,inner_train,train,37,37/00492,37/00493,37/00494,37/00495,happy,happy
sample02060,inner_train,train,37,37/00500,37/00501,37/00502,37/00503,sad,surprise
sample02061,inner_train,train,37,37/00501,37/00502,37/00503,37/00504,surprise,sad
sample02062,inner_train,train,37,37/00503,37/00504,37/00505,37/00506,happy,sad
sample02063,inner_train,train,37,37/00507,37/00508,37/00509,37/00510,sad,sad
sample02064,inner_train,train,37,37/00516,37/00517,37/00518,37/00519,sad,sad
sample02065,inner_train,train,37,37/00533,37/00534,37/00535,37/00536,sad,neutral
sample02066,inner_train,train,37,37/00537,37/00538,37/00539,37/00540,sad,sad
sample02067,inner_train,train,37,37/00538,37/00539,37/00540,37/00541,sad,angry
sample02068,inner_train,train,37,37/00540,37/00541,37/00542,37/00543,angry,angry
sample02069,inner_train,train,37,37/00541,37/00542,37/00543,37/00544,angry,sad
sample02070,inner_train,train,37,37/00579,37/00580,37/00581,37/00582,angry,disgust
sample02071,inner_train,train,37,37/00581,37/00582,37/00583,37/00584,angry,angry
sample02072,inner_train,train,37,37/00584,37/00585,37/00586,37/00587,happy,disgust
sample02073,inner_train,train,37,37/00586,37/00587,37/00588,37/00589,neutral,disgust
sample02074,inner_train,train,37,37/00596,37/00597,37/00598,37/00599,angry,angry
sample02075,inner_train,train,37,37/00628,37/00629,37/00630,37/00631,angry,sad
sample02076,inner_train,train,37,37/00629,37/00630,37/00631,37/00632,sad,happy
sample02077,inner_train,train,38,38/00072,38/00073,38/00074,38/00075,angry,sad
sample02078,inner_train,train,38,38/00074,38/00075,38/00076,38/00077,sad,angry
sample02079,inner_train,train,38,38/00108,38/00109,38/00110,38/00111,sad,disgust
sample02080,inner_train,train,38,38/00170,38/00171,38/00172,38/00173,neutral,happy
sample02081,inner_train,train,38,38/00203,38/00204,38/00205,38/00206,neutral,surprise
sample02082,inner_train,train,38,38/00219,38/00220,38/00221,38/00222,surprise,sad
sample02083,inner_train,train,38,38/00220,38/00221,38/00222,38/00223,sad,sad
sample02084,inner_train,train,38,38/00224,38/00225,38/00226,38/00227,angry,sad
sample02085,inner_train,train,38,38/00247,38/00248,38/00249,38/00250,angry,angry
sample02086,inner_train,train,38,38/00250,38/00251,38/00252,38/00253,angry,angry
sample02087,inner_train,train,38,38/00288,38/00289,38/00290,38/00291,sad,neutral
sample02088,inner_train,train,38,38/00428,38/00429,38/00430,38/00431,angry,neutral
sample02089,inner_train,train,38,38/00514,38/00515,38/00516,38/00517,disgust,disgust
sample02090,inner_train,train,38,38/00532,38/00533,38/00534,38/00535,sad,happy
sample02091,inner_train,train,38,38/00536,38/00537,38/00538,38/00539,happy,happy
sample02092,inner_train,train,38,38/00539,38/00540,38/00541,38/00542,happy,sad
sample02093,inner_train,train,38,38/00540,38/00541,38/00542,38/00543,sad,neutral
sample02094,inner_train,train,38,38/00549,38/00550,38/00551,38/00552,neutral,sad
sample02095,inner_train,train,38,38/00557,38/00558,38/00559,38/00560,neutral,fear
sample02096,inner_train,train,38,38/00558,38/00559,38/00560,38/00561,fear,happy
sample02097,inner_train,train,38,38/00615,38/00616,38/00617,38/00618,surprise,happy
sample02098,inner_train,train,38,38/00616,38/00617,38/00618,38/00619,happy,happy
sample02099,inner_train,train,38,38/00655,38/00656,38/00657,38/00658,happy,angry
sample02100,inner_train,train,38,38/00701,38/00702,38/00703,38/00704,happy,happy
sample02101,inner_train,train,38,38/00702,38/00703,38/00704,38/00705,happy,sad
sample02102,inner_train,train,39,39/00052,39/00053,39/00054,39/00055,angry,happy
sample02103,inner_train,train,39,39/00085,39/00086,39/00087,39/00088,neutral,neutral
sample02104,inner_train,train,39,39/00086,39/00087,39/00088,39/00089,neutral,surprise
sample02105,inner_train,train,39,39/00096,39/00097,39/00098,39/00099,angry,angry
sample02106,inner_train,train,39,39/00132,39/00133,39/00134,39/00135,disgust,happy
sample02107,inner_train,train,39,39/00137,39/00138,39/00139,39/00140,happy,disgust
sample02108,inner_train,train,39,39/00140,39/00141,39/00142,39/00143,surprise,disgust
sample02109,inner_train,train,39,39/00211,39/00212,39/00213,39/00214,angry,angry
sample02110,inner_train,train,39,39/00216,39/00217,39/00218,39/00219,surprise,angry
sample02111,inner_train,train,39,39/00218,39/00219,39/00220,39/00221,angry,angry
sample02112,inner_train,train,39,39/00219,39/00220,39/00221,39/00222,angry,angry
sample02113,inner_train,train,39,39/00220,39/00221,39/00222,39/00223,angry,disgust
sample02114,inner_train,train,39,39/00224,39/00225,39/00226,39/00227,angry,disgust
sample02115,inner_train,train,39,39/00302,39/00303,39/00304,39/00305,angry,angry
sample02116,inner_train,train,39,39/00345,39/00346,39/00347,39/00348,happy,angry
sample02117,inner_train,train,39,39/00405,39/00406,39/00407,39/00408,sad,angry
sample02118,inner_train,train,39,39/00411,39/00412,39/00413,39/00414,disgust,angry
sample02119,inner_train,train,39,39/00415,39/00416,39/00417,39/00418,neutral,disgust
sample02120,inner_train,train,39,39/00416,39/00417,39/00418,39/00419,disgust,angry
sample02121,inner_train,train,39,39/00418,39/00419,39/00420,39/00421,angry,disgust
sample02122,inner_train,train,39,39/00423,39/00424,39/00425,39/00426,disgust,angry
sample02123,inner_train,train,39,39/00515,39/00516,39/00517,39/00518,happy,sad
sample02124,inner_train,train,39,39/00517,39/00518,39/00519,39/00520,sad,happy
sample02125,inner_train,train,39,39/00558,39/00559,39/00560,39/00561,happy,happy
sample02126,inner_train,train,39,39/00559,39/00560,39/00561,39/00562,happy,happy
sample02127,inner_train,train,39,39/00564,39/00565,39/00566,39/00567,happy,surprise
sample02128,inner_train,train,39,39/00576,39/00577,39/00578,39/00579,happy,neutral
sample02129,inner_train,train,39,39/00584,39/00585,39/00586,39/00587,happy,happy
sample02130,inner_train,train,39,39/00585,39/00586,39/00587,39/00588,happy,happy
sample02131,inner_train,train,39,39/00587,39/00588,39/00589,39/00590,surprise,happy
sample02132,inner_train,train,39,39/00706,39/00707,39/00708,39/00709,angry,sad
sample02133,inner_train,train,39,39/00744,39/00745,39/00746,39/00747,happy,happy
sample02134,inner_train,train,39,39/00746,39/00747,39/00748,39/00749,happy,happy
sample02135,inner_train,train,39,39/00747,39/00748,39/00749,39/00750,happy,happy
sample02136,inner_train,train,39,39/00748,39/00749,39/00750,39/00751,happy,happy
sample02137,inner_train,train,39,39/00750,39/00751,39/00752,39/00753,neutral,happy
sample02138,inner_train,train,39,39/00756,39/00757,39/00758,39/00759,happy,happy
sample02139,inner_train,train,39,39/00787,39/00788,39/00789,39/00790,happy,disgust
sample02140,inner_train,train,39,39/00788,39/00789,39/00790,39/00791,disgust,disgust
sample02141,inner_train,train,39,39/00826,39/00827,39/00828,39/00829,happy,happy
sample02142,inner_train,train,39,39/00840,39/00841,39/00842,39/00843,sad,sad
sample02143,inner_train,train,39,39/00841,39/00842,39/00843,39/00844,sad,sad
sample02144,inner_train,train,39,39/00845,39/00846,39/00847,39/00848,happy,sad
sample02145,inner_train,train,39,39/00846,39/00847,39/00848,39/00849,sad,sad
sample02146,inner_train,train,39,39/00863,39/00864,39/00865,39/00866,happy,happy
sample02147,inner_train,train,39,39/00865,39/00866,39/00867,39/00868,happy,happy
sample02148,inner_train,train,39,39/00866,39/00867,39/00868,39/00869,happy,happy
sample02149,inner_train,train,39,39/00874,39/00875,39/00876,39/00877,disgust,happy
sample02150,inner_train,train,40,40/00036,40/00037,40/00038,40/00039,angry,angry
sample02151,inner_train,train,40,40/00087,40/00088,40/00089,40/00090,happy,happy
sample02152,inner_train,train,40,40/00089,40/00090,40/00091,40/00092,happy,angry
sample02153,inner_train,train,40,40/00092,40/00093,40/00094,40/00095,surprise,disgust
sample02154,inner_train,train,40,40/00093,40/00094,40/00095,40/00096,disgust,happy
sample02155,inner_train,train,40,40/00097,40/00098,40/00099,40/00100,sad,happy
sample02156,inner_train,train,40,40/00104,40/00105,40/00106,40/00107,disgust,angry
sample02157,inner_train,train,40,40/00110,40/00111,40/00112,40/00113,disgust,happy
sample02158,inner_train,train,40,40/00231,40/00232,40/00233,40/00234,happy,angry
sample02159,inner_train,train,40,40/00239,40/00240,40/00241,40/00242,angry,sad
sample02160,inner_train,train,40,40/00244,40/00245,40/00246,40/00247,happy,sad
sample02161,inner_train,train,40,40/00246,40/00247,40/00248,40/00249,disgust,happy
sample02162,inner_train,train,40,40/00288,40/00289,40/00290,40/00291,happy,sad
sample02163,inner_train,train,40,40/00292,40/00293,40/00294,40/00295,happy,sad
sample02164,inner_train,train,40,40/00302,40/00303,40/00304,40/00305,angry,disgust
sample02165,inner_train,train,40,40/00303,40/00304,40/00305,40/00306,disgust,happy
sample02166,inner_train,train,40,40/00327,40/00328,40/00329,40/00330,angry,surprise
sample02167,inner_train,train,40,40/00330,40/00331,40/00332,40/00333,happy,happy
sample02168,inner_train,train,40,40/00333,40/00334,40/00335,40/00336,disgust,disgust
sample02169,inner_train,train,40,40/00334,40/00335,40/00336,40/00337,disgust,angry
sample02170,inner_train,train,40,40/00336,40/00337,40/00338,40/00339,angry,angry
sample02171,inner_train,train,40,40/00339,40/00340,40/00341,40/00342,angry,disgust
sample02172,inner_train,train,40,40/00347,40/00348,40/00349,40/00350,surprise,sad
sample02173,inner_train,train,40,40/00365,40/00366,40/00367,40/00368,sad,disgust
sample02174,inner_train,train,40,40/00366,40/00367,40/00368,40/00369,disgust,surprise
sample02175,inner_train,train,40,40/00368,40/00369,40/00370,40/00371,disgust,disgust
sample02176,inner_train,train,40,40/00433,40/00434,40/00435,40/00436,angry,sad
sample02177,inner_train,train,40,40/00434,40/00435,40/00436,40/00437,sad,happy
sample02178,inner_train,train,40,40/00443,40/00444,40/00445,40/00446,happy,angry
sample02179,inner_train,train,40,40/00444,40/00445,40/00446,40/00447,angry,happy
sample02180,inner_train,train,40,40/00476,40/00477,40/00478,40/00479,disgust,happy
sample02181,inner_train,train,40,40/00487,40/00488,40/00489,40/00490,disgust,angry
sample02182,inner_train,train,40,40/00491,40/00492,40/00493,40/00494,disgust,angry
sample02183,inner_train,train,40,40/00492,40/00493,40/00494,40/00495,angry,disgust
sample02184,inner_train,train,40,40/00499,40/00500,40/00501,40/00502,sad,sad
sample02185,inner_train,train,40,40/00510,40/00511,40/00512,40/00513,angry,sad
sample02186,inner_train,train,40,40/00521,40/00522,40/00523,40/00524,angry,angry
sample02187,inner_train,train,40,40/00522,40/00523,40/00524,40/00525,angry,sad
sample02188,inner_train,train,40,40/00525,40/00526,40/00527,40/00528,sad,disgust
sample02189,inner_train,train,40,40/00529,40/00530,40/00531,40/00532,angry,sad
sample02190,inner_train,train,40,40/00534,40/00535,40/00536,40/00537,sad,sad
sample02191,inner_train,train,40,40/00536,40/00537,40/00538,40/00539,disgust,sad
sample02192,inner_train,train,40,40/00537,40/00538,40/00539,40/00540,sad,angry
sample02193,inner_train,train,40,40/00538,40/00539,40/00540,40/00541,angry,sad
sample02194,inner_train,train,40,40/00539,40/00540,40/00541,40/00542,sad,disgust
sample02195,inner_train,train,40,40/00591,40/00592,40/00593,40/00594,angry,angry
sample02196,inner_train,train,40,40/00603,40/00604,40/00605,40/00606,fear,sad
sample02197,inner_train,train,40,40/00607,40/00608,40/00609,40/00610,sad,angry
sample02198,inner_train,train,40,40/00658,40/00659,40/00660,40/00661,angry,sad
sample02199,inner_train,train,40,40/00684,40/00685,40/00686,40/00687,sad,disgust
sample02200,inner_train,train,40,40/00689,40/00690,40/00691,40/00692,sad,disgust
sample02201,inner_train,train,40,40/00690,40/00691,40/00692,40/00693,disgust,angry
sample02202,inner_train,train,40,40/00691,40/00692,40/00693,40/00694,angry,fear
sample02203,inner_train,train,40,40/00692,40/00693,40/00694,40/00695,fear,fear
sample02204,inner_train,train,40,40/00695,40/00696,40/00697,40/00698,angry,disgust
sample02205,inner_train,train,40,40/00696,40/00697,40/00698,40/00699,disgust,angry
sample02206,inner_train,train,40,40/00697,40/00698,40/00699,40/00700,angry,happy
sample02207,inner_train,train,40,40/00698,40/00699,40/00700,40/00701,happy,neutral
sample02208,inner_train,train,40,40/00699,40/00700,40/00701,40/00702,neutral,neutral
sample02209,inner_train,train,40,40/00701,40/00702,40/00703,40/00704,neutral,happy
sample02210,inner_train,train,41,41/00173,41/00174,41/00175,41/00176,happy,angry
sample02211,inner_train,train,41,41/00211,41/00212,41/00213,41/00214,neutral,neutral
sample02212,inner_train,train,41,41/00224,41/00225,41/00226,41/00227,happy,happy
sample02213,inner_train,train,41,41/00245,41/00246,41/00247,41/00248,angry,angry
sample02214,inner_train,train,41,41/00255,41/00256,41/00257,41/00258,angry,angry
sample02215,inner_train,train,41,41/00262,41/00263,41/00264,41/00265,happy,happy
sample02216,inner_train,train,41,41/00265,41/00266,41/00267,41/00268,angry,angry
sample02217,inner_train,train,41,41/00297,41/00298,41/00299,41/00300,disgust,angry
sample02218,inner_train,train,41,41/00380,41/00381,41/00382,41/00383,angry,surprise
sample02219,inner_train,train,41,41/00385,41/00386,41/00387,41/00388,neutral,sad
sample02220,inner_train,train,41,41/00388,41/00389,41/00390,41/00391,happy,sad
sample02221,inner_train,train,41,41/00417,41/00418,41/00419,41/00420,sad,happy
sample02222,inner_train,train,41,41/00418,41/00419,41/00420,41/00421,happy,angry
sample02223,inner_train,train,41,41/00438,41/00439,41/00440,41/00441,neutral,happy
sample02224,inner_train,train,41,41/00439,41/00440,41/00441,41/00442,happy,sad
sample02225,inner_train,train,41,41/00468,41/00469,41/00470,41/00471,happy,sad
sample02226,inner_train,train,41,41/00472,41/00473,41/00474,41/00475,disgust,neutral
sample02227,inner_train,train,41,41/00473,41/00474,41/00475,41/00476,neutral,happy
sample02228,inner_train,train,41,41/00502,41/00503,41/00504,41/00505,fear,disgust
sample02229,inner_train,train,41,41/00517,41/00518,41/00519,41/00520,disgust,sad
sample02230,inner_train,train,41,41/00529,41/00530,41/00531,41/00532,sad,sad
sample02231,inner_train,train,41,41/00530,41/00531,41/00532,41/00533,sad,angry
sample02232,inner_train,train,41,41/00545,41/00546,41/00547,41/00548,sad,sad
sample02233,inner_train,train,41,41/00546,41/00547,41/00548,41/00549,sad,sad
sample02234,inner_train,train,41,41/00552,41/00553,41/00554,41/00555,sad,sad
sample02235,inner_train,train,41,41/00560,41/00561,41/00562,41/00563,sad,sad
sample02236,inner_train,train,41,41/00561,41/00562,41/00563,41/00564,sad,sad
sample02237,inner_train,train,41,41/00624,41/00625,41/00626,41/00627,sad,sad
sample02238,inner_train,train,41,41/00625,41/00626,41/00627,41/00628,sad,sad
sample02239,inner_train,train,41,41/00626,41/00627,41/00628,41/00629,sad,neutral
sample02240,inner_train,train,41,41/00629,41/00630,41/00631,41/00632,disgust,happy
sample02241,inner_train,train,41,41/00739,41/00740,41/00741,41/00742,surprise,disgust
sample02242,inner_train,train,42,42/00243,42/00244,42/00245,42/00246,angry,surprise
sample02243,inner_train,train,42,42/00244,42/00245,42/00246,42/00247,surprise,surprise
sample02244,inner_train,train,42,42/00258,42/00259,42/00260,42/00261,angry,sad
sample02245,inner_train,train,42,42/00262,42/00263,42/00264,42/00265,sad,sad
sample02246,inner_train,train,42,42/00263,42/00264,42/00265,42/00266,sad,happy
sample02247,inner_train,train,42,42/00330,42/00331,42/00332,42/00333,sad,sad
sample02248,inner_train,train,42,42/00331,42/00332,42/00333,42/00334,sad,disgust
sample02249,inner_train,train,42,42/00334,42/00335,42/00336,42/00337,sad,disgust
sample02250,inner_train,train,42,42/00354,42/00355,42/00356,42/00357,angry,angry
sample02251,inner_train,train,42,42/00385,42/00386,42/00387,42/00388,neutral,happy
sample02252,inner_train,train,42,42/00387,42/00388,42/00389,42/00390,happy,disgust
sample02253,inner_train,train,42,42/00389,42/00390,42/00391,42/00392,neutral,sad
sample02254,inner_train,train,42,42/00399,42/00400,42/00401,42/00402,sad,sad
sample02255,inner_train,train,42,42/00438,42/00439,42/00440,42/00441,surprise,angry
sample02256,inner_train,train,42,42/00484,42/00485,42/00486,42/00487,surprise,angry
sample02257,inner_train,train,42,42/00486,42/00487,42/00488,42/00489,angry,surprise
sample02258,inner_train,train,42,42/00487,42/00488,42/00489,42/00490,surprise,happy
sample02259,inner_train,train,42,42/00571,42/00572,42/00573,42/00574,angry,neutral
sample02260,inner_train,train,42,42/00587,42/00588,42/00589,42/00590,angry,sad
sample02261,inner_train,train,42,42/00588,42/00589,42/00590,42/00591,sad,angry
sample02262,inner_train,train,42,42/00608,42/00609,42/00610,42/00611,angry,sad
sample02263,inner_train,train,42,42/00718,42/00719,42/00720,42/00721,disgust,angry
sample02302,inner_train,train,44,44/00155,44/00156,44/00157,44/00158,happy,disgust
sample02303,inner_train,train,44,44/00159,44/00160,44/00161,44/00162,neutral,sad
sample02304,inner_train,train,44,44/00160,44/00161,44/00162,44/00163,sad,neutral
sample02305,inner_train,train,44,44/00163,44/00164,44/00165,44/00166,happy,angry
sample02306,inner_train,train,44,44/00166,44/00167,44/00168,44/00169,angry,fear
sample02307,inner_train,train,44,44/00167,44/00168,44/00169,44/00170,fear,sad
sample02308,inner_train,train,44,44/00170,44/00171,44/00172,44/00173,sad,happy
sample02309,inner_train,train,44,44/00173,44/00174,44/00175,44/00176,happy,happy
sample02310,inner_train,train,44,44/00196,44/00197,44/00198,44/00199,happy,happy
sample02311,inner_train,train,44,44/00197,44/00198,44/00199,44/00200,happy,angry
sample02312,inner_train,train,44,44/00198,44/00199,44/00200,44/00201,angry,happy
sample02313,inner_train,train,44,44/00358,44/00359,44/00360,44/00361,surprise,disgust
sample02314,inner_train,train,44,44/00434,44/00435,44/00436,44/00437,happy,happy
sample02315,inner_train,train,44,44/00435,44/00436,44/00437,44/00438,happy,happy
sample02316,inner_train,train,44,44/00437,44/00438,44/00439,44/00440,happy,happy
sample02317,inner_train,train,44,44/00469,44/00470,44/00471,44/00472,angry,sad
sample02318,inner_train,train,44,44/00486,44/00487,44/00488,44/00489,surprise,angry
sample02319,inner_train,train,44,44/00491,44/00492,44/00493,44/00494,sad,sad
sample02320,inner_train,train,44,44/00599,44/00600,44/00601,44/00602,sad,surprise
sample02321,inner_train,train,44,44/00615,44/00616,44/00617,44/00618,neutral,angry
sample02322,inner_train,train,44,44/00658,44/00659,44/00660,44/00661,disgust,sad
sample02323,inner_train,train,45,45/00087,45/00088,45/00089,45/00090,surprise,angry
sample02324,inner_train,train,45,45/00091,45/00092,45/00093,45/00094,angry,angry
sample02325,inner_train,train,45,45/00132,45/00133,45/00134,45/00135,happy,happy
sample02326,inner_train,train,45,45/00133,45/00134,45/00135,45/00136,happy,happy
sample02327,inner_train,train,45,45/00134,45/00135,45/00136,45/00137,happy,happy
sample02328,inner_train,train,45,45/00148,45/00149,45/00150,45/00151,happy,surprise
sample02329,inner_train,train,45,45/00216,45/00217,45/00218,45/00219,angry,sad
sample02330,inner_train,train,45,45/00243,45/00244,45/00245,45/00246,neutral,disgust
sample02331,inner_train,train,45,45/00275,45/00276,45/00277,45/00278,happy,surprise
sample02332,inner_train,train,45,45/00285,45/00286,45/00287,45/00288,surprise,happy
sample02333,inner_train,train,45,45/00339,45/00340,45/00341,45/00342,sad,disgust
sample02334,inner_train,train,45,45/00347,45/00348,45/00349,45/00350,disgust,angry
sample02335,inner_train,train,45,45/00378,45/00379,45/00380,45/00381,happy,happy
sample02336,inner_train,train,45,45/00379,45/00380,45/00381,45/00382,happy,happy
sample02337,inner_train,train,45,45/00380,45/00381,45/00382,45/00383,happy,happy
sample02338,inner_train,train,45,45/00406,45/00407,45/00408,45/00409,angry,happy
sample02339,inner_train,train,45,45/00407,45/00408,45/00409,45/00410,happy,surprise
sample02340,inner_train,train,45,45/00414,45/00415,45/00416,45/00417,angry,angry
sample02341,inner_train,train,45,45/00419,45/00420,45/00421,45/00422,sad,neutral
sample02342,inner_train,train,45,45/00462,45/00463,45/00464,45/00465,surprise,sad
sample02343,inner_train,train,45,45/00463,45/00464,45/00465,45/00466,sad,sad
sample02344,inner_train,train,45,45/00581,45/00582,45/00583,45/00584,angry,sad
sample02345,inner_train,train,45,45/00616,45/00617,45/00618,45/00619,sad,happy
sample02346,inner_train,train,45,45/00620,45/00621,45/00622,45/00623,surprise,happy
sample02347,inner_train,train,45,45/00621,45/00622,45/00623,45/00624,happy,neutral
sample02348,inner_train,train,45,45/00643,45/00644,45/00645,45/00646,surprise,fear
sample02349,inner_train,train,45,45/00648,45/00649,45/00650,45/00651,sad,angry
sample02350,inner_train,train,45,45/00649,45/00650,45/00651,45/00652,angry,angry
sample02351,inner_train,train,45,45/00703,45/00704,45/00705,45/00706,angry,angry
sample02352,inner_train,train,45,45/00707,45/00708,45/00709,45/00710,surprise,angry
sample02353,inner_train,train,45,45/00708,45/00709,45/00710,45/00711,angry,angry
sample02354,inner_train,train,45,45/00711,45/00712,45/00713,45/00714,angry,sad
sample02355,inner_train,train,45,45/00714,45/00715,45/00716,45/00717,angry,angry
sample02356,inner_train,train,45,45/00734,45/00735,45/00736,45/00737,surprise,sad
sample02357,inner_train,train,45,45/00735,45/00736,45/00737,45/00738,sad,sad
sample02358,inner_train,train,45,45/00769,45/00770,45/00771,45/00772,happy,happy
sample02359,inner_train,train,45,45/00793,45/00794,45/00795,45/00796,surprise,disgust
sample02432,inner_train,train,48,48/00048,48/00049,48/00050,48/00051,happy,sad
sample02433,inner_train,train,48,48/00067,48/00068,48/00069,48/00070,happy,neutral
sample02434,inner_train,train,48,48/00104,48/00105,48/00106,48/00107,happy,angry
sample02435,inner_train,train,48,48/00187,48/00188,48/00189,48/00190,angry,disgust
sample02436,inner_train,train,48,48/00199,48/00200,48/00201,48/00202,disgust,angry
sample02437,inner_train,train,48,48/00213,48/00214,48/00215,48/00216,happy,happy
sample02438,inner_train,train,48,48/00257,48/00258,48/00259,48/00260,neutral,surprise
sample02439,inner_train,train,48,48/00261,48/00262,48/00263,48/00264,surprise,surprise
sample02440,inner_train,train,48,48/00262,48/00263,48/00264,48/00265,surprise,happy
sample02441,inner_train,train,48,48/00263,48/00264,48/00265,48/00266,happy,happy
sample02442,inner_train,train,48,48/00265,48/00266,48/00267,48/00268,happy,happy
sample02443,inner_train,train,48,48/00274,48/00275,48/00276,48/00277,sad,happy
sample02444,inner_train,train,48,48/00283,48/00284,48/00285,48/00286,angry,happy
sample02445,inner_train,train,48,48/00284,48/00285,48/00286,48/00287,happy,surprise
sample02446,inner_train,train,48,48/00285,48/00286,48/00287,48/00288,surprise,happy
sample02447,inner_train,train,48,48/00316,48/00317,48/00318,48/00319,angry,surprise
sample02448,inner_train,train,48,48/00321,48/00322,48/00323,48/00324,angry,happy
sample02449,inner_train,train,48,48/00372,48/00373,48/00374,48/00375,angry,angry
sample02450,inner_train,train,48,48/00373,48/00374,48/00375,48/00376,angry,happy
sample02451,inner_train,train,48,48/00454,48/00455,48/00456,48/00457,neutral,angry
sample02452,inner_train,train,48,48/00504,48/00505,48/00506,48/00507,happy,surprise
sample02453,inner_train,train,48,48/00505,48/00506,48/00507,48/00508,surprise,happy
sample02454,inner_train,train,48,48/00514,48/00515,48/00516,48/00517,happy,happy
sample02455,inner_train,train,48,48/00542,48/00543,48/00544,48/00545,angry,angry
sample02456,inner_train,train,48,48/00561,48/00562,48/00563,48/00564,surprise,happy
sample02457,inner_train,train,48,48/00562,48/00563,48/00564,48/00565,happy,neutral
sample02458,inner_train,train,48,48/00567,48/00568,48/00569,48/00570,sad,happy
sample02459,inner_train,train,48,48/00570,48/00571,48/00572,48/00573,sad,happy
sample02460,inner_train,train,48,48/00593,48/00594,48/00595,48/00596,surprise,happy
sample02461,inner_train,train,48,48/00621,48/00622,48/00623,48/00624,sad,happy
sample02462,inner_train,train,48,48/00681,48/00682,48/00683,48/00684,happy,disgust
sample02463,inner_train,train,49,49/00072,49/00073,49/00074,49/00075,happy,happy
sample02464,inner_train,train,49,49/00079,49/00080,49/00081,49/00082,surprise,happy
sample02465,inner_train,train,49,49/00080,49/00081,49/00082,49/00083,happy,happy
sample02466,inner_train,train,49,49/00081,49/00082,49/00083,49/00084,happy,happy
sample02467,inner_train,train,49,49/00088,49/00089,49/00090,49/00091,sad,sad
sample02468,inner_train,train,49,49/00093,49/00094,49/00095,49/00096,sad,sad
sample02469,inner_train,train,49,49/00095,49/00096,49/00097,49/00098,angry,angry
sample02470,inner_train,train,49,49/00158,49/00159,49/00160,49/00161,surprise,sad
sample02471,inner_train,train,49,49/00159,49/00160,49/00161,49/00162,sad,surprise
sample02472,inner_train,train,49,49/00160,49/00161,49/00162,49/00163,surprise,neutral
sample02473,inner_train,train,49,49/00161,49/00162,49/00163,49/00164,neutral,fear
sample02474,inner_train,train,49,49/00162,49/00163,49/00164,49/00165,fear,sad
sample02475,inner_train,train,49,49/00163,49/00164,49/00165,49/00166,sad,surprise
sample02476,inner_train,train,49,49/00165,49/00166,49/00167,49/00168,surprise,sad
sample02477,inner_train,train,49,49/00168,49/00169,49/00170,49/00171,sad,sad
sample02478,inner_train,train,49,49/00174,49/00175,49/00176,49/00177,surprise,sad
sample02479,inner_train,train,49,49/00184,49/00185,49/00186,49/00187,sad,surprise
sample02480,inner_train,train,49,49/00185,49/00186,49/00187,49/00188,surprise,sad
sample02481,inner_train,train,49,49/00193,49/00194,49/00195,49/00196,sad,surprise
sample02482,inner_train,train,49,49/00194,49/00195,49/00196,49/00197,surprise,sad
sample02483,inner_train,train,49,49/00213,49/00214,49/00215,49/00216,surprise,happy
sample02484,inner_train,train,49,49/00217,49/00218,49/00219,49/00220,happy,happy
sample02485,inner_train,train,49,49/00219,49/00220,49/00221,49/00222,happy,sad
sample02486,inner_train,train,49,49/00226,49/00227,49/00228,49/00229,happy,fear
sample02487,inner_train,train,49,49/00245,49/00246,49/00247,49/00248,neutral,happy
sample02488,inner_train,train,49,49/00251,49/00252,49/00253,49/00254,surprise,happy
sample02489,inner_train,train,49,49/00253,49/00254,49/00255,49/00256,sad,surprise
sample02490,inner_train,train,49,49/00271,49/00272,49/00273,49/00274,happy,angry
sample02491,inner_train,train,49,49/00277,49/00278,49/00279,49/00280,happy,angry
sample02492,inner_train,train,49,49/00280,49/00281,49/00282,49/00283,happy,neutral
sample02493,inner_train,train,49,49/00284,49/00285,49/00286,49/00287,sad,sad
sample02494,inner_train,train,49,49/00287,49/00288,49/00289,49/00290,happy,happy
sample02495,inner_train,train,49,49/00293,49/00294,49/00295,49/00296,angry,happy
sample02496,inner_train,train,49,49/00294,49/00295,49/00296,49/00297,happy,angry
sample02497,inner_train,train,49,49/00299,49/00300,49/00301,49/00302,disgust,angry
sample02498,inner_train,train,49,49/00300,49/00301,49/00302,49/00303,angry,surprise
sample02499,inner_train,train,49,49/00301,49/00302,49/00303,49/00304,surprise,happy
sample02500,inner_train,train,49,49/00315,49/00316,49/00317,49/00318,angry,disgust
sample02501,inner_train,train,49,49/00319,49/00320,49/00321,49/00322,angry,sad
sample02502,inner_train,train,49,49/00320,49/00321,49/00322,49/00323,sad,angry
sample02503,inner_train,train,49,49/00332,49/00333,49/00334,49/00335,happy,happy
sample02504,inner_train,train,49,49/00333,49/00334,49/00335,49/00336,happy,sad
sample02505,inner_train,train,49,49/00334,49/00335,49/00336,49/00337,sad,sad
sample02506,inner_train,train,49,49/00337,49/00338,49/00339,49/00340,happy,angry
sample02507,inner_train,train,49,49/00345,49/00346,49/00347,49/00348,angry,angry
sample02508,inner_train,train,49,49/00349,49/00350,49/00351,49/00352,neutral,surprise
sample02509,inner_train,train,49,49/00350,49/00351,49/00352,49/00353,surprise,angry
sample02510,inner_train,train,49,49/00354,49/00355,49/00356,49/00357,sad,angry
sample02511,inner_train,train,49,49/00366,49/00367,49/00368,49/00369,sad,happy
sample02512,inner_train,train,49,49/00384,49/00385,49/00386,49/00387,disgust,angry
sample02513,inner_train,train,49,49/00389,49/00390,49/00391,49/00392,happy,happy
sample02514,inner_train,train,49,49/00402,49/00403,49/00404,49/00405,neutral,disgust
sample02515,inner_train,train,49,49/00509,49/00510,49/00511,49/00512,happy,surprise
sample02516,inner_train,train,49,49/00510,49/00511,49/00512,49/00513,surprise,sad
sample02517,inner_train,train,49,49/00511,49/00512,49/00513,49/00514,sad,happy
sample02518,inner_train,train,49,49/00514,49/00515,49/00516,49/00517,surprise,sad
sample02519,inner_train,train,49,49/00546,49/00547,49/00548,49/00549,sad,sad
sample02520,inner_train,train,49,49/00548,49/00549,49/00550,49/00551,happy,sad
sample02521,inner_train,train,49,49/00549,49/00550,49/00551,49/00552,sad,sad
sample02522,inner_train,train,49,49/00551,49/00552,49/00553,49/00554,sad,sad
sample02523,inner_train,train,49,49/00568,49/00569,49/00570,49/00571,angry,surprise
sample02524,inner_train,train,49,49/00589,49/00590,49/00591,49/00592,angry,fear
sample02525,inner_train,train,49,49/00604,49/00605,49/00606,49/00607,fear,sad
sample02526,inner_train,train,49,49/00624,49/00625,49/00626,49/00627,fear,disgust
sample02527,inner_train,train,49,49/00699,49/00700,49/00701,49/00702,happy,sad
sample02528,inner_train,train,49,49/00701,49/00702,49/00703,49/00704,happy,happy
sample02529,inner_train,train,49,49/00702,49/00703,49/00704,49/00705,happy,happy
sample02530,inner_train,train,49,49/00703,49/00704,49/00705,49/00706,happy,happy
sample02531,inner_train,train,49,49/00704,49/00705,49/00706,49/00707,happy,happy
sample02532,inner_train,train,49,49/00737,49/00738,49/00739,49/00740,sad,angry
sample02533,inner_train,train,49,49/00738,49/00739,49/00740,49/00741,angry,sad
sample02534,inner_train,train,49,49/00750,49/00751,49/00752,49/00753,angry,neutral
sample02535,inner_train,train,49,49/00754,49/00755,49/00756,49/00757,sad,angry
sample02536,inner_train,train,49,49/00755,49/00756,49/00757,49/00758,angry,sad
sample02537,inner_train,train,49,49/00759,49/00760,49/00761,49/00762,sad,sad
sample02538,inner_train,train,49,49/00760,49/00761,49/00762,49/00763,sad,sad
sample02603,inner_train,train,51,51/00016,51/00017,51/00018,51/00019,happy,disgust
sample02604,inner_train,train,51,51/00018,51/00019,51/00020,51/00021,happy,disgust
sample02605,inner_train,train,51,51/00020,51/00021,51/00022,51/00023,surprise,happy
sample02606,inner_train,train,51,51/00031,51/00032,51/00033,51/00034,disgust,angry
sample02607,inner_train,train,51,51/00032,51/00033,51/00034,51/00035,angry,angry
sample02608,inner_train,train,51,51/00039,51/00040,51/00041,51/00042,surprise,angry
sample02609,inner_train,train,51,51/00064,51/00065,51/00066,51/00067,neutral,angry
sample02610,inner_train,train,51,51/00096,51/00097,51/00098,51/00099,happy,neutral
sample02611,inner_train,train,51,51/00101,51/00102,51/00103,51/00104,sad,happy
sample02612,inner_train,train,51,51/00110,51/00111,51/00112,51/00113,angry,angry
sample02613,inner_train,train,51,51/00119,51/00120,51/00121,51/00122,angry,angry
sample02614,inner_train,train,51,51/00120,51/00121,51/00122,51/00123,angry,angry
sample02615,inner_train,train,51,51/00121,51/00122,51/00123,51/00124,angry,sad
sample02616,inner_train,train,51,51/00144,51/00145,51/00146,51/00147,happy,sad
sample02617,inner_train,train,51,51/00145,51/00146,51/00147,51/00148,sad,sad
sample02618,inner_train,train,51,51/00158,51/00159,51/00160,51/00161,angry,sad
sample02619,inner_train,train,51,51/00159,51/00160,51/00161,51/00162,sad,sad
sample02620,inner_train,train,51,51/00197,51/00198,51/00199,51/00200,surprise,disgust
sample02621,inner_train,train,51,51/00241,51/00242,51/00243,51/00244,angry,sad
sample02622,inner_train,train,51,51/00249,51/00250,51/00251,51/00252,disgust,disgust
sample02623,inner_train,train,51,51/00274,51/00275,51/00276,51/00277,angry,sad
sample02624,inner_train,train,51,51/00368,51/00369,51/00370,51/00371,angry,angry
sample02625,inner_train,train,51,51/00371,51/00372,51/00373,51/00374,angry,angry
sample02626,inner_train,train,51,51/00372,51/00373,51/00374,51/00375,angry,angry
sample02627,inner_train,train,51,51/00373,51/00374,51/00375,51/00376,angry,angry
sample02628,inner_train,train,51,51/00379,51/00380,51/00381,51/00382,angry,surprise
sample02629,inner_train,train,51,51/00380,51/00381,51/00382,51/00383,surprise,sad
sample02630,inner_train,train,51,51/00488,51/00489,51/00490,51/00491,angry,sad
sample02631,inner_train,train,51,51/00523,51/00524,51/00525,51/00526,disgust,angry
sample02632,inner_train,train,51,51/00532,51/00533,51/00534,51/00535,surprise,angry
sample02633,inner_train,train,51,51/00541,51/00542,51/00543,51/00544,angry,surprise
sample02634,inner_train,train,51,51/00542,51/00543,51/00544,51/00545,surprise,surprise
sample02635,inner_train,train,51,51/00550,51/00551,51/00552,51/00553,surprise,neutral
sample02636,inner_train,train,51,51/00551,51/00552,51/00553,51/00554,neutral,disgust
sample02637,inner_train,train,51,51/00552,51/00553,51/00554,51/00555,disgust,disgust
sample02638,inner_train,train,51,51/00553,51/00554,51/00555,51/00556,disgust,disgust
sample02639,inner_train,train,51,51/00554,51/00555,51/00556,51/00557,disgust,happy
sample02640,inner_train,train,51,51/00555,51/00556,51/00557,51/00558,happy,happy
sample02641,inner_train,train,51,51/00576,51/00577,51/00578,51/00579,angry,sad
sample02642,inner_train,train,51,51/00588,51/00589,51/00590,51/00591,sad,disgust
sample02643,inner_train,train,51,51/00602,51/00603,51/00604,51/00605,surprise,angry
sample02644,inner_train,train,51,51/00603,51/00604,51/00605,51/00606,angry,angry
sample02645,inner_train,train,51,51/00618,51/00619,51/00620,51/00621,angry,sad
sample02646,inner_train,train,51,51/00619,51/00620,51/00621,51/00622,sad,happy
sample02647,inner_train,train,51,51/00620,51/00621,51/00622,51/00623,happy,happy
sample02648,inner_train,train,51,51/00622,51/00623,51/00624,51/00625,surprise,sad
sample02649,inner_train,train,51,51/00637,51/00638,51/00639,51/00640,angry,happy
sample02650,inner_train,train,51,51/00642,51/00643,51/00644,51/00645,angry,angry
sample02651,inner_train,train,51,51/00667,51/00668,51/00669,51/00670,angry,angry
sample02652,inner_train,train,51,51/00681,51/00682,51/00683,51/00684,angry,sad
sample02653,inner_train,train,51,51/00692,51/00693,51/00694,51/00695,angry,sad
sample02654,inner_train,train,51,51/00693,51/00694,51/00695,51/00696,sad,angry
sample02655,inner_train,train,51,51/00696,51/00697,51/00698,51/00699,sad,angry
sample02656,inner_train,train,51,51/00697,51/00698,51/00699,51/00700,angry,sad
sample02657,inner_development,train,52,52/00114,52/00115,52/00116,52/00117,surprise,happy
sample02658,inner_development,train,52,52/00124,52/00125,52/00126,52/00127,sad,happy
sample02659,inner_development,train,52,52/00125,52/00126,52/00127,52/00128,happy,happy
sample02660,inner_development,train,52,52/00128,52/00129,52/00130,52/00131,happy,happy
sample02661,inner_development,train,52,52/00129,52/00130,52/00131,52/00132,happy,happy
sample02662,inner_development,train,52,52/00130,52/00131,52/00132,52/00133,happy,happy
sample02663,inner_development,train,52,52/00142,52/00143,52/00144,52/00145,fear,angry
sample02664,inner_development,train,52,52/00143,52/00144,52/00145,52/00146,angry,fear
sample02665,inner_development,train,52,52/00157,52/00158,52/00159,52/00160,neutral,disgust
sample02666,inner_development,train,52,52/00159,52/00160,52/00161,52/00162,angry,sad
sample02667,inner_development,train,52,52/00162,52/00163,52/00164,52/00165,angry,angry
sample02668,inner_development,train,52,52/00163,52/00164,52/00165,52/00166,angry,angry
sample02669,inner_development,train,52,52/00175,52/00176,52/00177,52/00178,neutral,sad
sample02670,inner_development,train,52,52/00176,52/00177,52/00178,52/00179,sad,surprise
sample02671,inner_development,train,52,52/00232,52/00233,52/00234,52/00235,angry,happy
sample02672,inner_development,train,52,52/00235,52/00236,52/00237,52/00238,angry,happy
sample02673,inner_development,train,52,52/00239,52/00240,52/00241,52/00242,happy,happy
sample02674,inner_development,train,52,52/00240,52/00241,52/00242,52/00243,happy,angry
sample02675,inner_development,train,52,52/00241,52/00242,52/00243,52/00244,angry,happy
sample02676,inner_development,train,52,52/00245,52/00246,52/00247,52/00248,angry,angry
sample02677,inner_development,train,52,52/00250,52/00251,52/00252,52/00253,sad,angry
sample02678,inner_development,train,52,52/00251,52/00252,52/00253,52/00254,angry,happy
sample02679,inner_development,train,52,52/00253,52/00254,52/00255,52/00256,neutral,angry
sample02680,inner_development,train,52,52/00254,52/00255,52/00256,52/00257,angry,sad
sample02681,inner_development,train,52,52/00258,52/00259,52/00260,52/00261,angry,sad
sample02682,inner_development,train,52,52/00261,52/00262,52/00263,52/00264,sad,happy
sample02683,inner_development,train,52,52/00262,52/00263,52/00264,52/00265,happy,angry
sample02684,inner_development,train,52,52/00263,52/00264,52/00265,52/00266,angry,sad
sample02685,inner_development,train,52,52/00268,52/00269,52/00270,52/00271,angry,angry
sample02686,inner_development,train,52,52/00284,52/00285,52/00286,52/00287,angry,sad
sample02687,inner_development,train,52,52/00297,52/00298,52/00299,52/00300,angry,angry
sample02688,inner_development,train,52,52/00299,52/00300,52/00301,52/00302,angry,sad
sample02689,inner_development,train,52,52/00301,52/00302,52/00303,52/00304,sad,sad
sample02690,inner_development,train,52,52/00302,52/00303,52/00304,52/00305,sad,sad
sample02691,inner_development,train,52,52/00303,52/00304,52/00305,52/00306,sad,sad
sample02692,inner_development,train,52,52/00343,52/00344,52/00345,52/00346,happy,sad
sample02693,inner_development,train,52,52/00346,52/00347,52/00348,52/00349,happy,happy
sample02694,inner_development,train,52,52/00347,52/00348,52/00349,52/00350,happy,happy
sample02695,inner_development,train,52,52/00349,52/00350,52/00351,52/00352,neutral,happy
sample02696,inner_development,train,52,52/00360,52/00361,52/00362,52/00363,sad,sad
sample02697,inner_development,train,52,52/00361,52/00362,52/00363,52/00364,sad,sad
sample02698,inner_development,train,52,52/00370,52/00371,52/00372,52/00373,sad,sad
sample02699,inner_development,train,52,52/00371,52/00372,52/00373,52/00374,sad,sad
sample02700,inner_development,train,52,52/00372,52/00373,52/00374,52/00375,sad,sad
sample02701,inner_development,train,52,52/00374,52/00375,52/00376,52/00377,angry,sad
sample02702,inner_development,train,52,52/00422,52/00423,52/00424,52/00425,surprise,surprise
sample02703,inner_development,train,52,52/00428,52/00429,52/00430,52/00431,neutral,sad
sample02704,inner_development,train,52,52/00429,52/00430,52/00431,52/00432,sad,angry
sample02705,inner_development,train,52,52/00432,52/00433,52/00434,52/00435,angry,fear
sample02706,inner_development,train,52,52/00433,52/00434,52/00435,52/00436,fear,sad
sample02707,inner_development,train,52,52/00471,52/00472,52/00473,52/00474,happy,sad
sample02708,inner_development,train,52,52/00473,52/00474,52/00475,52/00476,sad,surprise
sample02709,inner_development,train,52,52/00481,52/00482,52/00483,52/00484,sad,surprise
sample02710,inner_development,train,52,52/00482,52/00483,52/00484,52/00485,surprise,sad
sample02711,inner_development,train,52,52/00487,52/00488,52/00489,52/00490,sad,angry
sample02712,inner_development,train,52,52/00488,52/00489,52/00490,52/00491,angry,sad
sample02713,inner_development,train,52,52/00490,52/00491,52/00492,52/00493,sad,surprise
sample02714,inner_development,train,52,52/00492,52/00493,52/00494,52/00495,angry,angry
sample02715,inner_development,train,52,52/00504,52/00505,52/00506,52/00507,sad,happy
sample02716,inner_development,train,52,52/00506,52/00507,52/00508,52/00509,sad,happy
sample02717,inner_development,train,52,52/00507,52/00508,52/00509,52/00510,happy,sad
sample02718,inner_development,train,52,52/00523,52/00524,52/00525,52/00526,neutral,happy
sample02719,inner_development,train,52,52/00524,52/00525,52/00526,52/00527,happy,happy
sample02720,inner_development,train,52,52/00526,52/00527,52/00528,52/00529,disgust,angry
sample02721,inner_development,train,52,52/00527,52/00528,52/00529,52/00530,angry,angry
sample02722,inner_development,train,52,52/00528,52/00529,52/00530,52/00531,angry,neutral
sample02723,inner_development,train,52,52/00542,52/00543,52/00544,52/00545,neutral,happy
sample02724,inner_development,train,52,52/00546,52/00547,52/00548,52/00549,angry,sad
sample02725,inner_development,train,52,52/00549,52/00550,52/00551,52/00552,sad,sad
sample02726,inner_development,train,52,52/00551,52/00552,52/00553,52/00554,sad,sad
sample02727,inner_development,train,52,52/00553,52/00554,52/00555,52/00556,sad,angry
sample02728,inner_development,train,52,52/00555,52/00556,52/00557,52/00558,angry,sad
sample02729,inner_development,train,52,52/00588,52/00589,52/00590,52/00591,disgust,disgust
sample02730,inner_development,train,52,52/00643,52/00644,52/00645,52/00646,fear,angry
sample02731,inner_development,train,52,52/00655,52/00656,52/00657,52/00658,surprise,angry
sample02732,inner_development,train,52,52/00676,52/00677,52/00678,52/00679,angry,angry
sample02733,inner_development,train,52,52/00685,52/00686,52/00687,52/00688,sad,happy
sample02734,inner_development,train,52,52/00693,52/00694,52/00695,52/00696,angry,surprise
sample02735,inner_development,train,52,52/00712,52/00713,52/00714,52/00715,angry,disgust
sample02736,inner_development,train,52,52/00746,52/00747,52/00748,52/00749,angry,happy
sample02737,inner_development,train,52,52/00747,52/00748,52/00749,52/00750,happy,neutral
sample02738,inner_development,train,52,52/00750,52/00751,52/00752,52/00753,angry,angry
sample02739,inner_development,train,52,52/00758,52/00759,52/00760,52/00761,sad,disgust
sample02740,inner_development,train,52,52/00768,52/00769,52/00770,52/00771,surprise,happy
sample02741,inner_development,train,52,52/00778,52/00779,52/00780,52/00781,angry,happy
sample02742,inner_development,train,52,52/00779,52/00780,52/00781,52/00782,happy,happy
sample02743,inner_development,train,52,52/00781,52/00782,52/00783,52/00784,happy,happy
sample02744,inner_development,train,52,52/00786,52/00787,52/00788,52/00789,angry,happy
sample02745,inner_development,train,52,52/00787,52/00788,52/00789,52/00790,happy,happy
